[
    {
        "schemeName": "Mukhyamantri Shiksha Alankar Yojana for Students of Economically Weaker Section",
        "details": "The scheme \"Mukhyamantri Shiksha Alankar Yojana\" was launched by the Social Justice and Empowerment Department, Government of Rajasthan, for students belonging to the Economically Weaker Section (EWS). Under the scheme, a cash award of ₹50,000 will be given to students studying in government schools affiliated with the Rajasthan Board of Secondary Education, Ajmer, who secure the highest marks in the EWS category in the Class 10th and Class 12th examinations (Arts, Commerce, and Science streams). The cash award will be disbursed through Direct Benefit Transfer (DBT) into the student's bank account linked to their Jan Aadhaar.",
        "benefits": "Each selected student will receive:\nA one-time cash award of ₹50,000/- per student.\nA Certificate of Appreciation.\nNo. of Students selected:\nA total of 32 students will be benefitted under the scheme.\nFor Class 10 students:\n10 boys and 10 girls (total 20 students) will be selected.\nFor Class 12 students:\nIn Arts stream: 2 boys and 2 girls (total 4 students) will be selected.\nIn Science stream: 2 boys and 2 girls (total 4 students) will be selected.\nIn Commerce stream: 2 boys and 2 girls (total 4 students) will be selected.\nNote:\nThe amount receive through Direct Benefit Transfer (DBT) to the bank account linked to the student's JanAadhaar.",
        "eligibility": "The applicant should be a native of Rajasthan.\nThe student should belong to the Economically Weaker Section (EWS).\nThe student is studying in government schools in Rajasthan.\nThe applicant should be enrolled in the 10th or 12th class.\nThe student should have secured the highest marks in the 10th and 12th class board examinations conducted by the Rajasthan Board of Secondary Education, Ajmer (for Arts, Commerce, and Science streams).\nNote: Students benefiting from any other incentive schemes run by the state and central government will also be eligible for benefits under the scheme.",
        "applicationProcess": "Online\nApplication Process:\nStep 1: To avail of the benefits of the scheme, the applicant needs to contact their respective school or college administration.\nStep 2: Submit copies of all the mandatory documents (self-attested, if required) to the school/college.\nThe complete application process is managed by the school principal through the Shaladarpan Beneficiary module.\nVisit the Shaladarpan official portal and click on \"School/Office Login\"\n Log in to the Beneficiary Portal to apply and click on \"OTHER SCHEMES\" to view the class-wise data for EWS and OBC category students.\nThe list of students for whom data is filled will be displayed.\nClick on the \"APPLY\" button next to the eligible student's name to fill the application.\nThe student's application will open, and the following details need to be filled:\nStudent's address.\nStudent's family's Janadhar ID number and Janadhar ID of the student's family head.\nStudent's mobile number, parent's mobile number, and family's annual income.\nPrevious year's exam details and obtained marks (for classes 6, 7, 8, and 10).\nPrevious year's marks in Science, English, and Mathematics (for classes 6, 7, 8, and 10).\nFor students studying in classes 6 to 9, only the previous year's board exam marks and details of the previous class need to be filled.\nSelection of students from the merit list will be in groups of up to 10.\nFor orphaned students, related information needs to be marked as \"Yes\".\n  7. Bank account information needs to be provided in the given option.\n  8. All filled details should be carefully checked before clicking \"APPLY\" to lock the application.\n  9. The school principal will send the proposal with the help of the OTP received on their mobile number.\n10. Applications not locked by the last date will be automatically locked.\n11. Ineligible students can be rejected by clicking the \"REJECT\" button and providing the reason for rejection.\nStudent \nNodal officer information:\nDesignation: Director, Secondary Education Rajasthan, Bikaner\nE-mail Id: deo.scholar.dse@rajasthan.gov.in",
        "documentsRequired": "Aadhaar/Janadhar Card\nEWS Category Certificate \nMarksheet\nAny Other Document if Required\nNote: Entry of Aadhaar number in the application and verification of Janadhaar is mandatory.",
        "sourcesAndReferences": {
            "sourcesAndReferences": "https://www.myscheme.gov.in/schemes/mmsayfews#sources",
            "guidelines": "https://rajshaladarpan.rajasthan.gov.in/SD2/BSP/Home/ShowFile.aspx?oid=67d13b34d4b65514ec008599"
        },
        "Original Link": "https://www.myscheme.gov.in/schemes/mmsayfews"
    },
    {
        "schemeName": "Bicycle Distribution Scheme for Girl Students of Economically Weaker Section",
        "details": "The \"Bicycle Distribution Scheme\" was launched by the Social Justice and Empowerment Department, Government of Rajasthan, for girl students belonging to the Economically Weaker Section (EWS) of Rajasthan. Under this scheme, free bicycles will be distributed to 5,800 girl students from the EWS category, who are studying in government schools from Class 6 to Class 8, to facilitate their commute between home and school.",
        "benefits": "Under this scheme, free bicycles will be distributed to girl students from the EWS category.\nNumber of beneficiaries:\nTotal: 5,800 beneficiaries\nNumber of Beneficiaries Class-wise:\nClass 6th: 1,933\nClass 7th: 1,933\nClass 8th: 1,934",
        "eligibility": "The applicant should be a native of Rajasthan.\nThe applicant should be a girl student.\nThe applicant should be studying in Class 6, 7, or 8 in a government school in Rajasthan.\nThe applicant should belong to the Economically Weaker Section (EWS) category.\nThe annual income of the applicant’s parents/guardian should be less than ₹1,00,000/-.\nThe applicant should have secured at least 60% marks in the previous examination.\nNote: Preference will be given based on merit (marks obtained).",
        "applicationProcess": "Online\nApplication Process:\nStep 1: To avail of the benefits of the scheme, the applicant needs to contact their respective school.\nStep 2: Submit copies of all the mandatory documents (self-attested, if required) to the school.\nStep 3: The school will visit the Shala Darpan, Rajasthan Portal.\nStep 4: Using the school's login credentials (Login ID and Password), the school will help the student to fill out and submit the application form. \nPost-Application Process:\nStep 1: After verification, the Head of the Institution will forward the application to the concerned District Education Officer (Headquarters), Primary/Secondary Education.\nStep 2: The District Education Officer (Headquarters), Primary/Secondary Education, will compile and forward all the applications from the district to the Directorate of Secondary Education, Rajasthan, Bikaner, for further action.",
        "documentsRequired": "Aadhaar Card or Jan Aadhaar Card of the Student\nEWS Certificate\nIncome Certificate\nMarksheet\nNon-Judicial Affidavit\nAny other documents as required",
        "sourcesAndReferences": {
            "sourcesAndReferences": "https://www.myscheme.gov.in/schemes/akvkckcvy#sources",
            "guidelines": "https://rajshaladarpan.rajasthan.gov.in/SD2/BSP/Home/ShowFile.aspx?oid=63d105de12a7f949a0e67697"
        },
        "Original Link": "https://www.myscheme.gov.in/schemes/akvkckcvy"
    },
    {
        "schemeName": "Free Scooty Distribution for Girls (GEN-CATEGAORY-EWS)",
        "details": "The \"Free Scooty Distribution for Girls\" scheme was launched by the Secondary Education Department, Government of Rajasthan in the year 2017-18, aims to encourage meritorious girl students belonging to the economically weaker section of the general category in the state. Under this scheme, meritorious girl students from government and private schools who have scored 85% or above in the Class 10th and 12th (Arts, Commerce, Science streams) examinations are provided with a free scooty, along with a helmet and petrol.",
        "benefits": "Under this scheme, Eligible girl students will receive a scooty, a helmet, and 2 liters of petrol.",
        "eligibility": "The applicant should be a native of Rajasthan.\nThe applicant should be a girl student. \nThe applicant should belong to the Economically Weaker Section (EWS) of General Category. \nThe applicant's family annual income should not exceed ₹2,50,000/-.\nThe applicant should have studied in a government or private school in Rajasthan.\nThe applicant should have secured at least 85% marks in class 10th or 12th.",
        "applicationProcess": "Offline\nApplication process:\nStep 1: The interested applicant visits the official website and clicks on the application form to download it. \nStep 2: In the application form, fill in all the mandatory fields and attach copies of all the mandatory documents (self-attested, if required).\nStep 3: Submit the duly filled and signed application form along with the documents to the respective school where the education is completed.",
        "documentsRequired": "Passport-size Photo (A seal on the verified photo of the student by the school principal)\nBirth Certificate (Self-certified secondary examination certificate)\nDomicile Certificate (Self-certified copy issued by the competent authority)\n10th Marksheet (Education Qualification Marksheet/Certificate Copy)\n12th Marksheet (Education Qualification Marksheet/Certificate Copy)\nCaste Certificate/EWS Certificate (Self-certified copy issued by the competent authority)\nIncome Certificate Copy (Self-certified copy issued by the competent authority)\nJan Aadhar/Bhamashah Card Copy (Scooty not receive certificate in any other scheme)",
        "sourcesAndReferences": {
            "sourcesAndReferences": "https://www.myscheme.gov.in/schemes/fsdfg#sources",
            "guidelines": "https://evaluation.rajasthan.gov.in/scheme/detail/337"
        },
        "Original Link": "https://www.myscheme.gov.in/schemes/fsdfg"
    },
    {
        "schemeName": "Devnarayan Pre-Matric Scholarship Scheme",
        "details": "Extremely Backward Class Pre-Matric Scholarship Scheme has been implemented on the lines of the pre-matric scholarship scheme being given to Scheduled Caste and Scheduled Tribe students for classes 6th to 10th of very backward classes.",
        "benefits": "Selected students have to study according to the approved syllabus by State Government.\nAs per the rules  Education,  Accommodation, Meal,  Dress,  text writing material and books will be provided Free of cost. \n\nCategory Class Scholarship Amount\nBoy Students Class 6 to Class 8 Rs. 50/- per month\nGirl Students Class 6 to Class 8 Rs. 100/- per month\nBoy Students Class 9 to Class 10 Rs. 60/- per month\nGirl Students Class 9 to Class 10 Rs. 120/- per month",
        "eligibility": "The students should be a native of Rajasthan state.\nApplicant students should belong to the following Other Backward Classes, that must have been issued by Tehsildar or a higher-level revenue officer.\n(i). Banjara, Baladiya, Labana. \n(ii). Gadia-Lohar, Gadolia.\n(iii). Gujar, Gurjar. \n(iv). Raika, Raibari (Debasi).\n(v). Gadariya (Gadri), Gayari.\n The annual income of the parents/guardian of the applicant from all sources (including the candidate's own income, if any) should be up to Rs.2,00,000 (Rupees two lakh). \nAn employed student who studies as a full-time student by taking leave without pay during the entire course will be eligible for the scholarship.\nAll the children of the same parent/guardian will be eligible to benefit from this scheme.\nStudents who are not getting any kind of scholarship or allowance for study from central, state / public sources.",
        "applicationProcess": "Online\nApplicant students have to visit the official website.\nNow Select the Login option or Register Option. \nApplicants will be redirected to the Rajasthan SSO portal. \nNow students can log in with their Jan-Aadhaar ID. \nFill out the application form.\nAttach the required documents.\nSubmit.",
        "documentsRequired": "Domicile Certificate Copy.\nCaste Certificate Copy.\nIncome Certificate Copy.\nEducation Qualification Marksheet / Certificate Copy.\nJan Aadhar/Bhamashah Card Copy.\nAadhar Card Copy.",
        "sourcesAndReferences": {
            "sourcesAndReferences": "https://www.myscheme.gov.in/schemes/dpmsc#sources",
            "detail-1": "https://schemes.rajasthan.gov.in/scheme/detail/342",
            "detail-2": "https://www.sje.rajasthan.gov.in/Default.aspx?PageID=87",
            "applyOnline": "https://sso.rajasthan.gov.in/signin",
            "onlineRegistration": "https://sso.rajasthan.gov.in/register"
        },
        "Original Link": "https://www.myscheme.gov.in/schemes/dpmsc"
    },
    {
        "schemeName": "Kali Bai Bheel Medhavi Chhatra Scooty Scheme",
        "details": "Motivating the meritorious girl students of the state of Rajasthan to study by taking admission in government schools as regular students from class 9th to class 12th and to score maximum marks in the examination conducted by the Board of Secondary Education Rajasthan.\nIt is also announced to increase the number of scooties currently being provided to girls from 20 thousand to 30 thousand under this scheme. It is also proposed to give the option of taking Electric Scooty to these girls.",
        "benefits": "Scooty distribution to girl students.",
        "eligibility": "Girl students who have passed class 12th with a minimum of 65% marks in Rajasthan Board of Secondary Education and passed class 12th with a minimum of 75% marks in Central Board of Secondary Education who are studying in any school in Rajasthan.\nGraduation degree from any Rajasthan-based college like (B.A.BED/ B.SC.BED/ B.COM.BED/BE / B.TECH/ B.ARCH / MBBS / IIT / BBA / BBM / BCA / BDS / BHMS / BAMS / LAW/ etc.) and studying as a regular student.\nThe benefit of the scheme will not be payable if there is a gap of one year from the year of passing the 12th class in the admission of a bachelor's degree.\nGirl students getting financial assistance in any other scheme will also be benefited from this scheme. Girl students receiving financial aid/scholarships in any other scheme will not be deprived of this scheme.\nThe girl students who have got the benefit of scooty in any scheme of the state government on the basis of their marks in any class before the implementation of the said scheme, those girl students will not be eligible to get scooty in this scheme. \nIn the past, on the basis of 10th class results from the TAD Department, School Education Department, if a girl child has received scooty on the basis of 10th result, then that girl student will get a lump sum amount of Rs 40,000 if she is eligible on the basis of 12th result.",
        "applicationProcess": "Online\nApplicants have to visit the official portal.\nIf applicants are not registered users, they need to click on register and complete the registration process.\nIf Applicants are already registered users, they need to click on login with their SSOID & password.\nFill out the application form.\nProvided the required documents.\nSubmit.",
        "documentsRequired": "Aadhar Card Copy.\nAddress Proof Copy.\nBank Passbook Copy.\nBirth Certificate Copy.\nDomicile Certificate Copy.\nEducation Qualification Marksheet / Certificate Copy.\nFee Receipt.\nIncome Certificate Copy.\nJan Aadhar/Bhamashah Card Copy.",
        "sourcesAndReferences": {
            "sourcesAndReferences": "https://www.myscheme.gov.in/schemes/kbbmcss#sources",
            "details": "https://schemes.rajasthan.gov.in/scheme/detail/173",
            "guidelines": "https://jankalyanfile.rajasthan.gov.in//Content/UploadFolder/Scheme/College_Education/KBBMSDS/DOC_173_2dd11f54-6188-4768-b29b-96707919aa9c.pdf"
        },
        "Original Link": "https://www.myscheme.gov.in/schemes/kbbmcss"
    },
    {
        "schemeName": "Indira Gandhi Shehri Credit Card Yojana",
        "details": "The scheme targets street vendors, people providing essential services in the informal sector such as hair dressers, rickshaw-pullers, potters, eaters, cobblers, mechanics, tailors, washermen, paint-painters, plumbing-electric repairmen, etc. and the unemployed. financially empowering the youth Provide and restore.",
        "benefits": "Providing interest-free loan facility up to Rs.50,000/- (fifty thousand). \nTo promote the development of small businesses in the informal sector. \nTo encourage self-employment. \nTo make available financial resources for day-to-day needs. \nMitigating the impact of COVID-19 on the informal business sector.\nThis scheme will pave the way for the development and promotion of the economy by helping 5 lakh beneficiaries working in the informal business sector of Rajasthan state.",
        "eligibility": "The applicant must be a permanent resident of Rajasthan.\nThe age of the applicant should be between 18 to 40 years.\nTo get the benefit of this scheme, the monthly income of the applicant should be Rs 15,000/- or less.\nThe monthly income of the applicant's family should be Rs. 50,000 or less.\nAll those small traders who have been provided with a certificate or identity card by the urban body are also eligible for this scheme.\nTraders left out in the survey or beneficiary Wonder with a recommendation letter from Town Vending Committee will also be eligible for this scheme.\nThe vendors selected during the survey will also be eligible for this scheme. (To whom a certificate or identity card has not been issued)",
        "applicationProcess": "Online\nApplicants can apply through e-Mitra \ncentre on the online web portal of the scheme or through own S.S.O. Application or through concerned urban body office. \nThe applications received on the portal will be verified by the concerned nodal officer in 07 working days.",
        "documentsRequired": "Passport size photo.\nJanadhar Card.\nAadhar card.\nDocuments related to current residence in Rajasthan.\nDocuments related to permanent residence in Rajasthan.\nBank account passbook.\nCertificate for vendor, Wedding ID card, Recommendation letter issued by Municipal body.\nRegistration number registered at the District Employment Center.\nSelf-attested affidavit will also have to be attached by the applicant in which :-\nPresently information related to outstanding loan running on the applicant (if any).\nType of business/occupation.\nSelf declaration of monthly income (monthly income should be less than 15000).\nMonthly family income details should be included (monthly income should be less than 50000).",
        "sourcesAndReferences": {
            "sourcesAndReferences": "https://www.myscheme.gov.in/schemes/igsccy#sources",
            "guidelines": "https://jankalyanfile.rajasthan.gov.in//Content/UploadFolder/Scheme/LBD/IGSCCY/DOC_784_04d64203-feac-4d7f-9dfd-5e34ab8534a7.pdf"
        },
        "Original Link": "https://www.myscheme.gov.in/schemes/igsccy"
    },
    {
        "schemeName": "Gargi Puruskar Yojana",
        "details": "Through the Gargi Puraskar Yojana, girls are given incentives from the government to move forward in the field of education. Girls of all classes can take advantage of the scheme. The amount of this scheme will be given every year on Basant Panchami.\n\nThe girl students who will get the benefit of the scheme in class 10th will be required to enrol in the school in classes 11th and 12th. And the government will give the amount to the beneficiary girl child through a check, so it is mandatory for the girl child to have a bank account. You can apply for the scheme online.",
        "benefits": "Payable for 11 & 12 class girl students: Rs. 3,000/- each year on the day of Basant Panchami.",
        "eligibility": "The student must have secured minimum 75% marks in class 10th.\nThe girl student should be studying regularly in class 11 or 12.\nThere is no restriction on income, occupation and caste etc. of the parents of the student.",
        "applicationProcess": "Online\nScholarship Application online through School Principal on Shaladarpan Portal.\nClick on \"Balika Shiksha Protsahan\" or click here. \nSelect the scheme and click on apply button. \nNow select the scheme name. \nFill out the required details and process further.",
        "documentsRequired": "Education Qualification Marksheet / Certificate Copy.\nAadhar Card Copy.\nBank Passbook Copy.\nJan Aadhar/Bhamashah Card Copy.",
        "sourcesAndReferences": {
            "sourcesAndReferences": "https://www.myscheme.gov.in/schemes/gpy#sources",
            "guidelines": "https://schemes.rajasthan.gov.in/scheme/detail/326"
        },
        "Original Link": "https://www.myscheme.gov.in/schemes/gpy"
    },
    {
        "schemeName": "Mukhya Mantri Hamari Betiyan Yojana",
        "details": "Mukhya Mantri Hamari Betiyan Yojana was launched in 2015-16 by centre under the secondary education department for the benefit of girls in their education.\nThe girl students receive the financial assistance according to the following rules:\nWhile studying in government schools under the scheme, in class 10 examination of Board of Secondary Education Rajasthan, Ajmer in each district -\n    02 meritorious girl students who got 1st and 2nd position. (minimum marks 75%)\n    2 First position holder B.P.L. 01 meritorious student of the family. (minimum marks 75%)\n    Orphan 01 meritorious girl student who got 3 first position. (minimum marks 75%)\nFinancial assistance is payable for pursuing regular studies up to postgraduate level and the nodal agency is the Girl Child Education Foundation.\n    While studying in 4 government schools, in class 10th examination of Board of Secondary Education Rajasthan, Ajmer in each district -\n    02 meritorious girl students securing first and second position (minimum 75% marks compulsory).\nB.P.L. 01 meritorious student of the family.\n    01 meritorious girl student of orphan category who got first position.\n\nThe said girl students should continue to study regularly till the postgraduate level.",
        "benefits": "1. For class 11th & 12th students \nOne time assistance- 15,000/- p.a. \non submission of hostel/coaching bills- Maximum 1,00,000/- p.a.\n\n\n2. For graduate and post graduate\nOne time assistance- 25,000/- p.a. \non submission of hostel/coaching bills- Maximum 2,00,000/- p.a.",
        "eligibility": "(While studying in government schools under the scheme, in class 10 examination of Board of Secondary Education Rajasthan, Ajmer in each district -\n    02 meritorious girl students who got first and second position. (minimum marks 75%)\n    B.P.L. 01 meritorious student of the family. (minimum marks 75%)\n    Orphan 01 meritorious girl student who got first position. (minimum marks 75%)\nFinancial assistance is admissible for pursuing regular studies up to post graduate level",
        "applicationProcess": "Offline\nThe application form is free for this scheme. Please contact your state government school (rajkiya vidyalaya) for the same.",
        "documentsRequired": "Bank Passbook Copy\nEducation Qualification Marksheet / Certificate Copy\nAadhaar Copy",
        "sourcesAndReferences": {
            "sourcesAndReferences": "https://www.myscheme.gov.in/schemes/mmhby#sources",
            "jankalyanRajasthanGovernmentWebsite": "https://jankalyan.rajasthan.gov.in/#/scheme/detail/334"
        },
        "Original Link": "https://www.myscheme.gov.in/schemes/mmhby"
    },
    {
        "schemeName": "Chief Minister Ekal Nari Samman Pension Yojana",
        "details": "Under this scheme, a pension amount is given to all the divorced, widowed or abandoned women of Rajasthan so that they can easily bear the expenses of their house. The objective of the scheme is to provide financial help to women so that they do not face difficulties in leading a normal life.",
        "benefits": "From 18 to 55 years old: Rs. 500/- per month.\nFrom 55 to 60 years: Rs. 750/- per month.\nFrom 60 to 75 years: 1000/- per month.\nAbove the age of 75 years: 1500/- per month.",
        "eligibility": "The applicant's age should be 18 years or more.\nA native of the Rajasthan state.\nA widow/abandoned/divorced woman who does not have any source of regular income of her own for subsistence. (or)\nAnnual income from all sources should be less than Rs. 48,000/-.",
        "applicationProcess": "Online\nThe applicants have to visit on the official portal.\nOn the home page, click on apply.\nOn the new page, the application form will open.\nNow applicants need to enter the information asked in the application form.\nAfter entering all the information, upload the required documents.\nClick on the Submit.",
        "documentsRequired": "Aadhaar Card.\nBirth certificate.\nRation Card.\nOriginal residence certificate.\nBank Account Details.\nApplicant - Passport-size photo.\nIncome Declaration Form.\nDeath certificate of husband for widow pension.\nCertificate issued by the court for divorcee woman pension.\nCertificate issued by the Sub-Divisional Officer / Development Officer for abandoned women pension.",
        "sourcesAndReferences": {
            "sourcesAndReferences": "https://www.myscheme.gov.in/schemes/cmenspy#sources",
            "guideline": "https://schemes.rajasthan.gov.in/scheme/detail/112",
            "details": "https://jankalyanfile.rajasthan.gov.in//Content/UploadFolder/PhotoVideoGallery/2021/11606b68-0d87-4202-9db1-b515f2b2bec7.pdf"
        },
        "Original Link": "https://www.myscheme.gov.in/schemes/cmenspy"
    },
    {
        "schemeName": "Prasuti Sahayata Yojana",
        "details": "The Rajasthan Prasuti Sahayata Yojana offers a lifeline to pregnant women from registered construction worker families in the state. Launched by the government, the scheme provides crucial financial support at a critical juncture, aiming to improve the well-being of both mother and child. This assistance empowers women to prioritize their health throughout pregnancy and ensure proper care for their newborns.",
        "benefits": "The birth of a daughter: ₹ 21,000/-\nThe birth of a son : ₹ 20,000/-\nIn case of not receiving cash benefits under Janani Suraksha Yojana, ₹1,000/- additional assistance will be payable.",
        "eligibility": "The female worker must be holding a beneficiary identity card under Section 13 of the Maternity Benefit Act.\nThe age of the female beneficiary should not be less than 20 years at the time of delivery.\nMaternity benefits will be payable for a maximum of two deliveries only. If the beneficiary has two or more children before registration, assistance will not be provided. In case of having one child before registration, assistance will be provided for only one delivery.\nConstruction worker beneficiaries who fail to make their monthly contributions to the Board's fund will not be eligible for the Maternity Assistance Scheme.\nIf the beneficiary rectifies the default by making the required monthly payments, they will become eligible for the Maternity Assistance Scheme.\nMaternity benefits under the scheme will be provided only for institutional deliveries.",
        "applicationProcess": "Online\nRegistration\nStep-1: Applicant have to visit the official portal. \nStep-2: Click on the option “Register”.\nStep-3: Then you will be redirected to the SSO registration page. The registration page will appear with the following options.\n  Citizen\nStep-4: Choose the either one option from  the Jan Aadhaar Or Google to process further.\nJan Aadhaar : Enter the Jan Aadhaar number, click on the ‘Next’ button,\nSelect your name, the name of the head of the family and all the other members and \nClick on the ‘Send OTP’ button. Enter the ‘OTP’ and \nClick on the ‘Verify OTP’ button to Complete the registration. \nGoogle : Enter the Gmail ID, click on the ‘Next’ button, \nEnter the password.\nA new link appear on screen, now click on new SSO link.\nSSO id will appear on screen, now create the password.\nEnter Mobile number, click on registration.\n Apply \nStep-1: Applicant have to visit the official portal. \nStep-2: After login, dashboard will open.\nStep-3: Click on “LDMS” option.\nStep-4: In LDMS, select \"Welfare Schemes\" from the side menu and select BOCW Welfare Board. \nStep-5: Now click on \"Apply for Scheme\" on screen. \nStep-6: In this new page, will get a list of names of all the schemes of Rajasthan Shramik Card, out of which click on the name of \"Shubhshakti Yojana\"\nStep-7: Fill out the all relevant detail. \nStep-8: Submit.",
        "documentsRequired": "Aadhar card copy.\nJan Aadhar/Bhamashah card copy.\nBirth certificate copy: Proof of age of the beneficiary.\nCertificate of institutional delivery.\nOther documents: Declaration form regarding the number of living children.",
        "sourcesAndReferences": {
            "sourcesAndReferences": "https://www.myscheme.gov.in/schemes/psy#sources",
            "guidelines": "file:///C:/Users/ruchi/Downloads/%E0%A4%AA%E0%A5%8D%E0%A4%B0%E0%A4%B8%E0%A5%82%E0%A4%A4%E0%A4%BF%E0%A4%B8%E0%A4%B9%E0%A4%BE%E0%A4%AF%E0%A4%A4%E0%A4%BE%E0%A4%AF%E0%A5%8B%E0%A4%9C%E0%A4%A8%E0%A4%BE.pdf",
            "registration": "https://sso.rajasthan.gov.in/signin",
            "login": "https://sso.rajasthan.gov.in/signin"
        },
        "Original Link": "https://www.myscheme.gov.in/schemes/psy"
    }
]