[
    {
        "schemeName": "Transgender Utthan Kosh - College/Higher/Technical Educational Fees Refund for Transgender Students",
        "details": "The \"Transgender Utthan Kosh - College/Higher/Technical Educational Fees Refund for Transgender Students\" scheme was introduced by the Social Justice and Empowerment Department, Government of Rajasthan. It aims to promote higher and technical education among transgender individuals by providing financial assistance for their educational expenses. Under this scheme, transgender students receive a refund of their school, college, higher, or technical education fees.",
        "benefits": "Educational Fee Refund:\nFull reimbursement of prescribed fees is provided for transgender students enrolled in schools, colleges, or technical institutes pursuing higher or technical education.\nDirect Bank Transfer: \nThe amount is credited directly to the beneficiary's bank account after verification.",
        "eligibility": "The applicant should be a resident of Rajasthan.\nThe applicant should belong to the transgender community.\nThe applicant should be pursuing a higher or technical course.\nThe applicant should be enrolled in a recognized school, college, or technical education institute in Rajasthan.\nThe applicant’s family annual income should not exceed ₹8,00,000/-.",
        "applicationProcess": "Offline\nApplication Submission:\nThe applicant must fill out the scholarship application form and attach the required documents. \nSubmit the complete application form to the head of the educational institution. \nInstitutional Verification:\nThe head of the educational institution verifies the application and forwards it to the Social Justice and Empowerment Department's district office.\nApproval Process:\nThe district office verifies the documents and approves/rejects the application within one month.\nDisbursement:\nUpon approval, the scholarship amount is transferred to the applicant's bank account.",
        "documentsRequired": "Transgender Identity Certificate\nSchool Enrollment Certificate \nPrevious Year’s Mark Sheet \nAadhaar Card \nParents/Guardians Income Certificate \nDomicile Certificate/Ration Card/Voter ID\nBank Passbook Copy\nAny other documents as required",
        "sourcesAndReferences": {
            "sourcesAndReferences": "https://www.myscheme.gov.in/schemes/tuk-chterts#sources",
            "guidelines": "https://sje.rajasthan.gov.in/siteadmin/Uploads/202110051259226370.pdf",
            "schemeDetails": "https://jansoochna.rajasthan.gov.in/CMS/EligiblityRules"
        },
        "Original Link": "https://www.myscheme.gov.in/schemes/tuk-chterts"
    },
    {
        "schemeName": "Transgender Utthan Kosh - Self Employment Programme for Transgender",
        "details": "The scheme \"Transgender Utthan Kosh - Self Employment Programme for Transgender\" was launched by the Social Justice and Empowerment Department, Government of Rajasthan, with the aim of providing financial support for self-employment or business establishment to transgender individuals, promoting their economic independence.\nUnder the scheme, transgender persons aged between 21 and 50 years are eligible to take a loan from any nationalized or cooperative bank to set up their self-employment or business. The loan amount may be revised by the state government from time to time. The benefit of the scheme is available to a transgender person only once.",
        "benefits": "Financial Assistance: 25% of the total business cost or ₹50,000/- (whichever is lower) for self-employment/business establishment.\nLoan Support: The beneficiary must secure a loan from a nationalized/cooperative bank to avail of the grant.\nOne-Time Benefit: The assistance is available only once per individual.\nNote: The grant is disbursed only after the beneficiary starts the business and gets it verified by the lending agency.",
        "eligibility": "The applicant should be a resident of Rajasthan.\nThe applicant should be a transgender person.\nThe applicant should be between 21 and 50 years of age.\nThe applicant should secure a loan from a nationalized/cooperative bank.\nThe gross annual income of applicant should not exceed ₹8,00,000/-.\nEach transgender individual can avail the benefits of this scheme only once.",
        "applicationProcess": "Offline\nStep 1: The interested applicant should visit (during office hours) the Social Justice and Empowerment Office and request a hard copy of the prescribed format of the application form from the staff exclusively entrusted to issue and collect filled-in application.\nStep 2: In the application form, fill in all the mandatory fields and attach copies of all the mandatory documents (self-attest, if required).\nStep 3: Submit the duly filled and signed application form along with the documents to the Social Justice and Empowerment Office. \nStep 4: Request a receipt or acknowledgment from the Social Justice and Empowerment Office to whom the application has been submitted.\nNote 1: After a transgender person takes a loan from any nationalized / cooperative bank, on the basis of loan approval, the District Magistrate will deposit the grant amount in the loan account of the transgender person.\nNote 2: The applicant will receive the said amount only on the condition that he starts the related business and gets its physical verification done by the related lending agency.",
        "documentsRequired": "Identity Card\nAadhar Card Copy\nIncome Certificate of Parent/Guardian \nOriginal Residence Certificate/Ration Card/Voter ID Card\nCopy of Bank Passbooks\nAge Certificate\nAny other documents as required",
        "sourcesAndReferences": {
            "sourcesAndReferences": "https://www.myscheme.gov.in/schemes/tuk-sept#sources",
            "guidelines": "https://sje.rajasthan.gov.in/siteadmin/Uploads/202110051259226370.pdf"
        },
        "Original Link": "https://www.myscheme.gov.in/schemes/tuk-sept"
    },
    {
        "schemeName": "Vishesh Yogyajan Palanhar Yojana",
        "details": "The scheme \"Vishesh Yogyajan Palanhar Yojana\" was implemented by the Social Justice and Empowerment Department, Government of Rajasthan, aims to provide financial assistance for the upbringing and education of children of specially-abled parents. Under this scheme, children receive monthly financial support based on their age to ensure their well-being and education. To be eligible for assistance, the child must attend an Anganwadi/school between the ages of two to five years and study in school after the age of 6 years.",
        "benefits": "Financial assistance of ₹500/- per month for children aged 0-6 years.\nFinancial assistance of ₹1,000/- per month for children aged 6-18 years.",
        "eligibility": "The applicant must be a resident of Rajasthan.\nOnly children aged 0 to 18 years of specially-abled parents are eligible for assistance.\nThe child must be between 2 to 5 years of age and enrolled in an Anganwadi or school.\nChildren above the age of 6 must be studying in a recognized educational institution.\nThe family's annual income should not exceed ₹1,20,000/-.",
        "applicationProcess": "Online - Via CSCs\nStep 1: The applicant should gather copies of the necessary documents needed to apply for the concerned scheme.\nStep 2: The applicant should visit the nearest E-mitra Center and complete the Biometric Verification Process.\nStep 3: The applicant should ensure that the E-mitra Center agent completes all mandatory fields in the application form and uploads copies of all required documents.\nStep 4: Request a receipt or acknowledgment from the concerned authority to whom the application has been submitted. Ensure that the receipt contains essential details such as the date and time of submission, and a unique identification number (if applicable).",
        "documentsRequired": "Disability Certificate\nDomicile Certificate\nIncome Certificate\nEducation Certificate\nProof of age\nAny other documents as required",
        "sourcesAndReferences": {
            "sourcesAndReferences": "https://www.myscheme.gov.in/schemes/saps#sources",
            "guidelines": "https://sje.rajasthan.gov.in/sap_welfare_schemes.pdf"
        },
        "Original Link": "https://www.myscheme.gov.in/schemes/saps"
    },
    {
        "schemeName": "Incentive To Girls",
        "details": "The Rajasthan State government initiated a scheme \"Incentive for Girls\" to provide financial assistance. Under this scheme, to the all those girls students who are pursuing Senior Secondary, Graduation in Agriculture and Post Graduation in Agriculture, financial support will be provided.",
        "benefits": "₹15,000/- per annum: To the girl students studying in senior secondary by taking agriculture subjects in 11th and 12th classes \n₹25,000/- per annum: To girl students studying in Agricultural graduate education like Horticulture, Dairy, Agricultural Engineering, Food Processing and Shri Karan Narendra Business Management College, Jobner in 4/5 years course\n₹25,000/- per annum: To the girl students studying in Post Graduate Agriculture (M.Sc. Agriculture) in the 2-year course.\n₹40,000/- per annum: To the girl students studying for a maximum of 3 years PhD.",
        "eligibility": "The student should be a native of Rajasthan.\nSchools, Colleges, and Universities are recognized by the state and state government.\nGirl Students should not have failed in the last year. \nThe incentive amount is not payable to the girl students who leave school, college, or university in the middle of the class session.",
        "applicationProcess": "Online\nApplicants have to visit official portal.\nClick on login.\nOn new page applicant can login with their Jan-Aadhaar Number OR\nApplicants can also login with their SSO ID on sso portal.\n\nNow students can log in with their Jan-Aadhaar ID. \nFill out the application form.\nAttach the required documents.\nSubmit.",
        "documentsRequired": "Jan-Aadhaar.\nApplicant Photograph.\nAge and Address Proof.\nCopy of Education Qualification Marksheet/Certificate: Certificate of HOD\nCopy of Educational Qualification Marksheet/Certificate: Final Examination. pass mark sheet.\nCopy of Bank Passbook.",
        "sourcesAndReferences": {
            "sourcesAndReferences": "https://www.myscheme.gov.in/schemes/itg#sources",
            "guidelines": "https://schemes.rajasthan.gov.in/scheme/detail/488"
        },
        "Original Link": "https://www.myscheme.gov.in/schemes/itg"
    },
    {
        "schemeName": "Scholarship for Children of Ex-Servicemen for Vocational and Technical Education",
        "details": "The scheme \"Scholarship for Children of Ex-Servicemen for Vocational and Technical Education\" was introduced by the Department of Sainik Welfare, Government of Rajasthan. Under this scheme, a scholarship of ₹15,000/- per year is provided to the children of ex-servicemen, from the rank of Sepoy to Havildar, who are pursuing vocational and technical education and have not received scholarship assistance under the Prime Minister's Scholarship Scheme or from any other source. A maximum of 50 children can be granted this scholarship each year, based on merit, from the Amalgamated Fund. The scheme came into effect from 1st July 2020.",
        "benefits": "Financial Assistance:\nAn scholarship of ₹15,000/- per year per student.\nMode of Disbursement:\nScholarship is disbursed through online payment to the beneficiary’s bank account.\nNote 1: Only 50 students are selected each year based on merit.\nNote 2: Scholarship will be payable in the passing year i.e. scholarship of first year will be payable in the second year. Similarly, scholarship of second year will be payable in the third year.",
        "eligibility": "The applicant should be a native of Rajasthan.\nThe applicant should be an ex-serviceman of the rank of Havildar or below, or his widow/dependent.\nThe applicant should be pursuing a vocational or technical education course included in the Prime Minister Scholarship Scheme (PMSS). \nThe applicant should not be receiving benefits under the Prime Minister’s Scholarship Scheme or any other scholarship scheme.\nThis scholarship is not admissible in cases of Battle Casualty/Disability and Physical Casualty (attributable cases), as in such cases, scholarships are already provided by the Army Headquarters.\nThe applicant must have passed the previous academic year successfully; failure to pass results in the discontinuation of the scholarship.\nThe scholarship will not be payable to more than two children of an ex-serviceman.\nNotes:\nOnce selected, the scholarship will continue for the remaining duration of the course, subject to annual renewal.\nIn case of failure in any year, the scholarship will be cancelled for the entire course.",
        "applicationProcess": "Offline\nApplication Process:\nStep 1: The interested applicant should visit the office of the District Sainik Welfare Office and request a hard copy of the prescribed format of the application form from the staff exclusively entrusted to issue and collect filled-in applications.\nOR\nThe applicant should download the application form from the official website (Link Page No.4).\nStep 2: In the application form, fill in all the mandatory fields and attach copies of all the mandatory documents (self-attest, if required).\nStep 3: Submit the duly filled and signed application form along with the documents to the District Sainik Welfare Office.\nStep 4: Request a receipt or acknowledgment from the District Sainik Welfare Office to whom the application has been submitted. Ensure that the receipt contains essential details such as the date and time of submission and a unique identification number (if applicable).\nNote: Applicants must submit their applications to the District Soldiers Welfare Officer by November 30.\nPost Application Process:\nStep 1: The District Soldiers Welfare Officer verifies applications and forwards them to the Director, Soldiers Welfare Department, Jaipur by December 31.\nStep 2: A committee reviews and approves the applications by March 31.\nStep 3: The approved scholarship amount is sent to the District Soldiers Welfare Officer for disbursement.\nStep 4: The scholarship amount is transferred online to the beneficiary’s bank account within one month.\nYearly Renewal Process:\nStep 1: The scholarship, after initial approval, must be renewed every year of the course.\nStep 2: The renewal application needs to be provided with a copy of the original marks sheet.\nStep 3: The application must be done within 1 year from the date of the published result. If a university does not give the final marks sheet on the end of the course, a passing certificate is needed.",
        "documentsRequired": "Discharge book or service certificate of the ex-serviceman parent\nEx-Serviceman/Widow Identity Card\nPrevious Year’s Marksheet/Educational qualification certificates\nSelf-declaration (not receiving any other scholarship)\nPension Payment Order (PPO)\nBank Account Details\nProof of Admission\nResidence Proof (Domicile certificate or any valid document confirming residency in Rajasthan.)\nAny other documents if required",
        "sourcesAndReferences": {
            "sourcesAndReferences": "https://www.myscheme.gov.in/schemes/sseces#sources",
            "guidelines": "https://sainikkalyan.rajasthan.gov.in/content/dam/doitassests/sainikwelfare/pdf/Amalgamatedfundschemes/Technical%20Education.pdf",
            "officialWebsite": "https://sainikkalyan.rajasthan.gov.in/content/raj/sainikwelfaresite/en/welfare-schemes/welfare-schemes-from-amalgamated-fund.html"
        },
        "Original Link": "https://www.myscheme.gov.in/schemes/sseces"
    },
    {
        "schemeName": "Devnarayan Post Matric Scholarship Scheme",
        "details": "The post-matriculation scholarship scheme is for the educational upgradation of students belonging to the very backward classes from class 11 to PhD level education in the state.",
        "benefits": "Reimbursement of maintenance allowance and fee according to the time of course.",
        "eligibility": "The students should be a native of Rajasthan state.\nApplicant students should belong to the following Other Backward Classes, that must have been issued by Tehsildar or a higher-level revenue officer.\nBanjara, Baladiya, Labana. \nGadia-Lohar, Gadolia.\nGujar, Gurjar. \nRaika, Raibari (Debasi).\nGadariya (Gadri), Gayari.\n The annual income of the parents/guardian of the applicant from all sources (including the candidate's own income, if any) should be up to Rs.2,50,000 (Rupees two lakh fifty thousand in words). \nAn employed student who studies as a full-time student by taking leave without pay during the entire course will be eligible for the scholarship.\nAll the children of the same parent/guardian will be eligible to benefit from this scheme.",
        "applicationProcess": "Online\nApplicant students have to visit the official website.\nNow Select the Login option or Register Option. \nApplicants will be redirected to the  Rajasthan SSO portal. \nNow students can log in with their Jan-Aadhaar ID. \nFill out the application form.\nAttach the required documents.\nSubmit.",
        "documentsRequired": "Domicile Certificate Copy.\nFee Receipt.\nCaste Certificate Copy.\nIncome Certificate Copy.\nEducation Qualification Marksheet / Certificate Copy.\nJan Aadhar/Bhamashah Card Copy.\nBank Passbook Copy.\nGap Certificate.\nMarriage Certificate Copy.\nAadhar Card Copy.",
        "sourcesAndReferences": {
            "sourcesAndReferences": "https://www.myscheme.gov.in/schemes/dpmss#sources",
            "guideline": "https://schemes.rajasthan.gov.in/scheme/detail/323",
            "details": "https://www.sje.rajasthan.gov.in/Default.aspx?PageID=87",
            "scholarshipPortal": "https://sjmsnew.rajasthan.gov.in/scholarship/",
            "registation": "https://sso.rajasthan.gov.in/register?encq=dGQ0I/FDr2k00owwOaXQLi063xfzQeNP6f1L6NhniFIuhMKM+bpgvZwCXGZs7pETdxJjt1bkA5lABoFAnFl63Q=="
        },
        "Original Link": "https://www.myscheme.gov.in/schemes/dpmss"
    },
    {
        "schemeName": "Rajiv Gandhi Scholarship For Academic Excellence",
        "details": "Hon’ble Chief Minister of Rajasthan Sh. Ashok Gehlot announced this scheme on 20th August 2021 in commemoration of late Shri Rajiv Gandhi, former Prime Minister of India. In order to provide financial assistance to meritorious students of Rajasthan to study in top foreign universities of the world. \nObjective:\nTo assist students of Rajasthan financially to pursue higher studies in the top 150 QS World Universities\nInternational exposure to students for their career development. \nTo give priority to students having gross family income less than 8 lakh rupees/annum.\nTo provide better opportunities to female students by earmarking 30 % seats (Income category-wise).",
        "benefits": "E1: Family gross annual income less than 8 Lakh\n(i). Tuition Fees and Bench fee: Max 50 lakh\n(ii). Living Expenses: 12 Lakh Rupees.\n(iii). One-time advance of Rs 3 Lakh to candidates who will start their course after application on the portal (adjusted against living expenses).\nE2: Family gross annual income 8 – 25 Lakh\n(i). Tuition Fees and Bench fee: Max 50 lakh\n(ii). Living Expenses: 6 Lakh Rupees\nE3: Family gross annual income above 25 Lakh\n(i). Tuition Fees and Bench fee: Max 50 lakh\n(ii). No Living Expenses",
        "eligibility": "Bonafide Resident of Rajasthan. \nLess than 35 years of age on 1st July 2023\nAdmitted / Obtained offer letter in top 150 World QS ranked Universities as of 1st April, 2023\nAll disciplines for UG, PG, PhD and Post Doc courses.\nMaximum 7.5 % seats ( 37 ) for Engineering, Architecture, Medical, Dentistry courses at UG level",
        "applicationProcess": "Online\nApplicant to log in to RajSSO Portal using his/her SSOID.\nIf SSOID is not available then the applicant to first register on RajSSO Portal to create SSOID and update SSO Profile at first login.\nAfter successful authentication/login and updation of the SSOID Profile and select the scheme name. \nSelect his/her name, the bank account and fill in personal details.\nUpload required document\n(i). Domicile Certificate\n(ii). Admission Letter/Offer Letter\n(iii). Fee Details letters/Documents issued by Foreign University \nClicking the “SUBMIT” button. \nSystem will submit the application and a unique APPLICATION-ID will be presented to applicant.",
        "documentsRequired": "Jan Aadhar Number.\nOffer letter of the applicable foreign university.\nBonafide/ Domicile certificate.\nGross family Income certificate.\nIncome tax return proof. \nAffidavit for not filing ITR.\n10th mark sheet.\nQualifying Degree, Mark sheet/Certificate of last passed exam.\nSelf Declaration for Scholarships/ financial help etc. from other sources.\nPassport, if any.\nVisa, if any.\nAadhar Number.",
        "sourcesAndReferences": {
            "sourcesAndReferences": "https://www.myscheme.gov.in/schemes/rgsfsae#sources",
            "guidelines": "https://schemes.rajasthan.gov.in/scheme/detail/981",
            "registration": "https://sso.rajasthan.gov.in/signin",
            "manual": "https://hte.rajasthan.gov.in/files/uploads/RGSAE-APPLICATION-SUBMISSION.pdf"
        },
        "Original Link": "https://www.myscheme.gov.in/schemes/rgsfsae"
    },
    {
        "schemeName": "Beej Swalamban Yojna",
        "details": "The main objective of starting the Mukhyamantri Beej Swavalamban Yojana is to provide up to 50% subsidy by the Agriculture Department for providing seeds to the small and marginal general farmers of the state. Apart from this, free mini kits are to be provided to the farmers living below the poverty line. So that the farmers of the state take steps towards prosperity and self-reliance by producing seeds in their fields. And they can be encouraged to produce seeds for use in their farm. By getting the benefit of this scheme, farmers will be able to produce good crops at low cost. Due to this their economic condition will also increase.\nThis scheme of state funds was started as a pilot project in the Kota, Bhilwara, and Udaipur agriculture blocks of the state. By expanding the scheme from the year 2018-19, the scheme is being implemented in all the blocks of the state.\n\nUnder the plan:-\nSelection of crop:- Seed production program of notified varieties of jowar, soyabean, groundnut, moong, moth, and urad in the Kharif season and wheat, barley, and gram crops of less than 10 years duration in the Rabi season.\nFormation of farmers group:- Under the scheme, a group is formed by selecting farmers who are progressive and interested in the cultivation of a particular crop. Selection of 30 to 50 farmers in each group, by whom the area sown of that crop would be generally 50 to 100 hectares.\nSelection of seed producer members in the group:- As per requirement, 2-4 seed-producing farmers are selected from the farmer group by the group itself. The rest of the group will be those farmers who will use the above-produced seeds for sowing in the coming year.\nFree seed distribution:- Provision to make available the desired base/certified seeds (Stage-I) free of cost to the seed-producing farmers of each farmer group.\nTraining and Rogging for seed production:- There is a provision to spend Rs.30/- per farmer and a maximum of Rs.1500/- per training on one-day training of a group. Three one-day training programs are organized to give complete information about the seed production process to the farmers of the group. Payment to be made to farmers for Rogging (Rs.1000/- /Hect.) DBT/RTGS to the concerned seed producer is done on the account of the farmer.",
        "benefits": "The seeds produced by the group of farmers will be used by the rest of the farmers for production in the next year.",
        "eligibility": "Farmers, who are interested in progressive and crop-specific farming.",
        "applicationProcess": "Offline\nApplicant farmers have to go to the Agriculture Department office or Krishi Vigyan Kendra of your district to get the benefit of Mukhyamantri Swavalamban Yojana.\nGet the application form to apply under this scheme.\nEnter all the necessary information asked in the form carefully.\nAttach the required documents with the application form.\nSubmit the application form to the same agriculture department.",
        "documentsRequired": "Copy of Aadhaar Card.\nCopy of Bank Passbook.",
        "sourcesAndReferences": {
            "sourcesAndReferences": "https://www.myscheme.gov.in/schemes/bsyrj#sources",
            "details": "https://dipr.rajasthan.gov.in/scheme/detail/319"
        },
        "Original Link": "https://www.myscheme.gov.in/schemes/bsyrj"
    },
    {
        "schemeName": "NEET/JEE Coaching For Tribal Students",
        "details": "The NEET/JEE Coaching for Tribal Students Scheme is a government initiative launched by the Rajasthan Tribal Area Development Department to provide free coaching to tribal students in the state who are preparing for the National Eligibility cum Entrance Test (NEET) and Joint Entrance Examination (JEE). The aim of the scheme is to help talented tribal students in Rajasthan to get admission to prestigious medical and engineering colleges in India by providing them with high-quality coaching.\n\nUnder the scheme, the Rajasthan government has partnered with reputed coaching institutes to provide free coaching to eligible tribal students. The coaching includes intensive classroom sessions, doubt clearing sessions, study materials, and mock tests. The coaching institutes also provide guidance and mentorship to students to help them develop a better understanding of the subjects and excel in the exams.\n\nTo be eligible for the scheme, the student must belong to a tribal community, have passed the 12th class examination, and have a valid NEET/JEE score. \n\nThe NEET/JEE Coaching for Tribal Students Scheme is an important initiative to help talented students from tribal communities in Rajasthan to realize their dreams of pursuing a career in medicine and engineering.",
        "benefits": "Reimbursement of institute fees up to Rs. 55,000.\nProvision of Rs. 1,000 per month for food and accommodation.\nFull coverage of stationary expenses, amounting to Rs. 5,000 one-time.",
        "eligibility": "Belong to a tribal community.\nHave successfully completed 12th grade in the science stream with a first-class standing.",
        "applicationProcess": "Online\nApplicant can apply online for the NEET/JEE Coaching for Tribal Students through website tad.rajasthan.gov.in.\nApplication form is free for NEET/JEE Coaching for Tribal Students.",
        "documentsRequired": "Education Qualification Marksheet / Certificate Copy* : 12th marksheet\nAadhar Card Copy* : Aadhar no.\nDomicile Certificate Copy* : TSP Certificate\nJan Aadhar/Bhamashah Card Copy* : ID\nIncome Certificate Copy* : Self Attested\nPassport Size Photo* : Passport size\n* denotes mandatory document for applying.",
        "sourcesAndReferences": {
            "sourcesAndReferences": "https://www.myscheme.gov.in/schemes/njcfts#sources",
            "governmentWebsite": "https://jankalyan.rajasthan.gov.in/#/scheme/detail/539"
        },
        "Original Link": "https://www.myscheme.gov.in/schemes/njcfts"
    },
    {
        "schemeName": "Competitive Exam Coaching",
        "details": "Competitive exam Coaching for tribal students scheme was launched in Rajasthan by Tribal Area Development Department in the year 2016-17. Free coaching to tribal candidates for various competitive examinations through Mankyi Lal Verma Tribal Research and Training Institute, Udaipur and Scheduled Area Project Officer's Office.\n\n\nApplicants can obtain their application form free of cost from the Director, M.L.Verma Tribal Research and Training Institute, Udaipur or through the Office of the Project Officer of the Scheduled Area, fill the forms, attach the documents and submit it in the same office. \n\nThis scheme is applicable to these districts: Banswara, Chittorgarh, Dungarpur, Pali, Sirohi, Udaipur, Rajsamand, and Pratapgarh.\n\nThe applicant must have the following documents to apply for Competitive Exam Coaching :-\nEducation Qualification Marksheet / Certificate Copy\nDomicile Certificate Copy\nCaste Certificate Copy\nSowing Certificate Copy\n\nThis scheme can be availed only once by a student.",
        "benefits": "Free coaching to tribal (ST) students.",
        "eligibility": "Should be a student of ST category. Both Male and Female students are eligible for taking benefit of this scheme.",
        "applicationProcess": "Offline\n1. Applicants can obtain their application form free of cost from the Director, M.L.Verma Tribal Research and Training Institute, Udaipur or through the Office of the Project Officer of the Scheduled Area.\n2. After filling the form, it needs to be submitted to the same office along with the photocopies of the required documents.",
        "documentsRequired": "Education Qualification Marksheet / Certificate\nDomicile Certificate\nCaste Certificate\nSowing Certificate",
        "sourcesAndReferences": {
            "sourcesAndReferences": "https://www.myscheme.gov.in/schemes/cec#sources",
            "schemeDetails": "https://jankalyan.rajasthan.gov.in/#/scheme/detail/589"
        },
        "Original Link": "https://www.myscheme.gov.in/schemes/cec"
    }
]