[
    {
        "schemeName": "Mukhyamantri Chiranjeevi Swasthya Beema Yojana",
        "details": "The Government of Rajasthan has always been in the forefront in making various innovations to provide health services to the citizens of the state. Rajasthan has also successfully operated free medicines and free tests in the state in the past, due to which the general public is getting the benefit of free medicines and tests in the government hospitals of the state.\nThis scheme has been brought with the commitment of providing good health to all the citizens of the state by freeing them from the huge expenditure on medical treatment so that there is no compulsion of money in the treatment of suffering and serious diseases.",
        "benefits": "Cashless treatment facility up to Rs. 25,00,000/- will be provided to each family of Rajasthan.\nNational Food Security Act, the insurance premium of families eligible for Socio-Economic Census, small and marginal farmers and contract workers will be borne by the state government.\nOther families will have to pay a premium of Rs. 850/- per year.",
        "eligibility": "Under the scheme, eligible families have been divided into two categories-\nCategory receiving free benefits:- 100 percent of the premium of the eligible families of such category determined by the state government is paid by the government. Presently eligible families under Food Security Act, eligible families of Socio-Economic Census (SECC) 2011, contract workers working in state government departments/boards/corporations/government companies, small marginal farmers and those who received Covid-19 ex-gratia last year destitute and helpless families are included in the free category.\nCategory receiving benefits by paying Rs.850/- per family per year:- The families of the state who do not come under the category of free eligible families and are not government employees/pensioners and are not taking benefits under the Medical Attendance Rules They can avail the benefits of the scheme by paying 50% of the fixed premium Rs. 850/- per family per year. The remaining 50 percent of the premium will be borne by the government.\nAll EWS families are also proposed to be given the benefit of Chiranjeevi Yojana free of cost.",
        "applicationProcess": "Online\nThe process for registering category wise is as follows -\nRegistration process for free benefit category-\nThe eligible families under the Food Security Act and the eligible families of the Socio-Economic Census 2011 are already benefited under the scheme. Hence they do not require registration.\nIt will be necessary for the beneficiary to register on the registration portal or beneficiaries can register online through their SSO ID or by visiting E Mitra Kendra.\nIt is necessary for the beneficiary to have Jan Aadhar card / Jan Aadhar card number / Jan Aadhar card registration receipt number and Aadhar card number.\nOTP on the mobile number registered in the Aadhaar card of the applicant before registration. \nThe application for registration in the scheme of contract workers will be verified online by the nodal officer of the concerned department and will be updated regularly.\nSmall and marginal farmers who are not linked with Jan Aadhaar card, they will be able to get the seeding of land holding done in Jan Aadhaar card as per the prescribed procedure on Jan Aadhaar portal through E-Mitra. After seeding, the family can be registered on the above mentioned registration portal of the scheme itself through online/e-mitra.\nAfter successful registration, the beneficiary will be able to print the policy document.\n\nCategory receiving benefits by paying Rs.850/- per family per year:-\nIt will be necessary for the beneficiary to register himself online portal.\nThese beneficiaries will have to pay Rs. 850/- per family per year as premium amount to the concerned E Mitra center or through digital payment mode. \nAfter successful registration, the beneficiary will be able to print the policy document.\nThe step-wise detailed process of registration under the scheme by e-Mitra or by yourself is available on the scheme's website https://chiranjeevi.rajasthan.gov.in/.",
        "documentsRequired": "Jan Aadhar Card / Jan Aadhar Card Number / Jan Aadhar Card Registration Receipt Number\n It is necessary to have Aadhaar card number.",
        "sourcesAndReferences": {
            "sourcesAndReferences": "https://www.myscheme.gov.in/schemes/mcsby#sources",
            "detail": "https://schemes.rajasthan.gov.in/scheme/detail/775",
            "officialSite": "https://chiranjeevi.rajasthan.gov.in/#/home",
            "registrationProcess": "https://chiranjeevi.rajasthan.gov.in/#/chiranjeevi/scheme-registration-process"
        },
        "Original Link": "https://www.myscheme.gov.in/schemes/mcsby"
    },
    {
        "schemeName": "Farm Pond (Khet Talai) Nirman Karyakram",
        "details": "The Farm Pond Construction Program, initiated on April 1, 2020, by the Rajasthan Agriculture Department, offers a solution to addressing a critical challenge of water scarcity for Rajasthan's farmers . This program allows farmers to establish farm ponds, essentially rainwater collection structures, for irrigation purposes. Recognizing the program's significance, the state government provides subsidies to facilitate farm pond construction. This enables farmers to effectively utilize rainwater and irrigate their fields.",
        "benefits": "Subsidy breakdown:\nRaw farm pond: 50% of the construction cost (capped at ₹52,500)\nPlastic lined farm pond: 50% of the construction cost with lining (capped at ₹75,000)\nAdditional subsidy:\nRaw farm pond: Up to 60% of the total cost (capped at ₹63,000)\nPlastic lined farm pond: Up to 60% of the total cost (capped at ₹90,000)",
        "eligibility": "The applicant should be a native of Rajasthan.\nAll categories of farmers are eligible.\nThe applicant farmer should have a minimum cultivable land of 0.5 hectares at one place on his name.",
        "applicationProcess": "Online\nRegistration\nStep-1: Applicant have to visit the official portal. \nStep-2: Click on the option “Register”.\nStep-3: Then you will be redirected to the SSO registration page. The registration page will appear with the following options.\n  Citizen\nStep-4: Choose the either one option from  the Jan Aadhaar Or Google to process further.\nJan Aadhaar : Enter the Jan Aadhaar number, click on the ‘Next’ button,\nSelect your name, the name of the head of the family and all the other members and \nClick on the ‘Send OTP’ button. Enter the ‘OTP’ and \nClick on the ‘Verify OTP’ button to Complete the registration. \nGoogle : Enter the Gmail ID, click on the ‘Next’ button, \nEnter the password.\nA new link appear on screen, now click on new SSO link.\nSSO id will appear on screen, now create the password.\nEnter Mobile number, click on registration.\nStep-5: Complete the registration process.\n\nApply\nStep-1: Applicant have to visit the official portal. \nStep-2: After login, dashboard will open.\nStep-3: Click on “ RAJ-KISAN ” option. \nStep-4: In \"Citizen\", click on \"Application Entry Request\".\nStep-5: Enter the \"Bhamashah Family ID\" and search.  \nStep-6: Select the person name and scheme name. \nStep-7: Complete the Aadhaar Authentication and click on Get details. \nStep-8: Provide the required details.\n            - Pensioner Details.\n            - Bank Details.\n            - Disability Details.\n            - Verification Details.\n            - Upload Documents.\nStep-9: Submit.",
        "documentsRequired": "Aadhar Card.\nBank Passbook.\nLand Proof.",
        "sourcesAndReferences": {
            "sourcesAndReferences": "https://www.myscheme.gov.in/schemes/fpktnk#sources",
            "guidelines": "https://jankalyanfile.rajasthan.gov.in//Content/UploadFolder/Scheme/AGRI_/PMKSY/DOC_208_6afd23b6-69ec-497e-9da1-7add5f37e0df.pdf",
            "schemeDetails": "https://schemes.rajasthan.gov.in/scheme/detail/208",
            "registration": "https://sso.rajasthan.gov.in/register",
            "login": "https://sso.rajasthan.gov.in/signin"
        },
        "Original Link": "https://www.myscheme.gov.in/schemes/fpktnk"
    },
    {
        "schemeName": "Sinchai Pipeline Karyakram",
        "details": "The \"Sinchai Pipeline Karyakram\" under The Agriculture Department of the  Rajasthan government will provide subsidy to farmers on purchasing irrigation pipelines. So that farmers can get rid of the problem of irrigation. And their income can increase. There are many farmers in our country whose financial condition is weak and are unable to buy pipelines, due to which their crops get ruined due to lack of water. To overcome the problem of irrigation, many types of schemes are also being run by the Central and State Governments. In this direction, considering the problems of farmers.\n\nFeature :\nFarmers will be eligible for a grant only if they purchase BIS-marked pipes from a manufacturer or their authorized distributor/seller registered with the Agriculture Department, either in cash or by taking a loan from a bank, and successfully install them on their farm.\nEach pipe distributed on a grant basis must be embossed with the year of manufacture and the grant distribution year. The grant will be admissible only on pipes manufactured and sold in the eligible year. Additionally, the grant will be admissible on the remaining pipes from the previous year in the next financial year as well.\nThe concerned manufacturer will necessarily provide information about the remaining stock of the previous financial year to the Deputy Director and Assistant Director of Agriculture (Ext.) office in the district. The grant will not be admissible in the absence of information.\nIn the financial year, the list of maximum retail price (MRP) of pipes will be sent by the pipe manufacturers to the Deputy Director and Assistant Director of Agriculture (Ext.) office through selected dealers in the district. The dealer will also submit an affidavit that no bill will be charged more than the MRP.\n\nComponent Component Ice. Code Description\nPipeline Pipe 4984 /14151 Pt I & II : 199 H.D.P.E. irrigation pipe\nPipeline Pipe 4985 ¼4 kg/cm2 &63 ¼2-5 kg/cm2 &90 mm and above ½ PVC for water supply. irrigation pipe\nPipeline Pipe IS 16190 : 2014 ¼ 63 mm and above and 200 mm and above ½ HDPE High Density Polyethylene Laminated Knitted Flat Tube Irrigation Pipe for Water Supply\n\n\nThe subsidy will be payable only on pipes of diameter 63 mm or more than 63 mm.",
        "benefits": "Cost of transporting water: 50% of the cost (capped at ₹1000/-).\nPipe material cost:\nHDPE pipe: ₹50 per meter (capped at ₹15,000/- total).\nPVC pipe: ₹35 per meter (capped at ₹15,000/- total).\nHDPE laminated flat tube pipe: ₹20 per meter (capped at ₹15,000/- total).",
        "eligibility": "The agricultural land should be owned by the applicant.\nThe applicant must be a farmer residing in Rajasthan.\nThis scheme applies to farmers who have a diesel engine, electric pump, or tractor-driven pump set available on a borewell or well.\nApplicants must own at least 2 bighas of cultivable agricultural land.\nThe farmer's bank account must be linked to an Aadhar card. Additionally, no farmer can apply again for the next 10 years after receiving the benefit.\nFarmers must apply for the grant within 30 days of purchasing the pipe and after this timeframe will not be considered.",
        "applicationProcess": "Online\nRegistration\nStep-1: Applicant have to visit the official portal. \nStep-2: Click on the option “Register”.\nStep-3: Then you will be redirected to the SSO registration page. The registration page will appear with the following options.\n  Citizen\nStep-4: Choose the either one option from  the Jan Aadhaar Or Google to process further.\nJan Aadhaar : Enter the Jan Aadhaar number, click on the ‘Next’ button,\nSelect your name, the name of the head of the family and all the other members and \nClick on the ‘Send OTP’ button. Enter the ‘OTP’ and \nClick on the ‘Verify OTP’ button to Complete the registration. \nGoogle : Enter the Gmail ID, click on the ‘Next’ button, \nEnter the password.\nA new link appear on screen, now click on new SSO link.\nSSO id will appear on screen, now create the password.\nEnter Mobile number, click on registration.\nStep-5: Complete the registration process.\n\nApply\nStep-1: Applicant have to visit the official portal. \nStep-2: After login, dashboard will open.\nStep-3: Click on “ RAJ-KISAN ” option. \nStep-4: In \"Citizen\", click on \"Application Entry Request\".\nStep-5: Enter the \"Bhamashah ID\" or \"Janaadhaar ID\" and search.  \nStep-6: Select the person name and scheme name. \nStep-7: Complete the Aadhaar Authentication and click on Get details. \nStep-8: Provide the required details.\n            - Pensioner Details.\n            - Bank Details.\n            - Disability Details.\n            - Verification Details.\n            - Upload Documents.\nStep-9: Submit.",
        "documentsRequired": "Passport size photo.\nCopy of Aadhar Card.\nCopy of Jamabandi or Jamabandi.\nCopy of Bank Passbook.",
        "sourcesAndReferences": {
            "sourcesAndReferences": "https://www.myscheme.gov.in/schemes/spk#sources",
            "guidelines": "https://jankalyanfile.rajasthan.gov.in//Content/UploadFolder/Scheme/AGRI_/IPLP/DOC_250_33da8ac2-d17a-49e6-ad16-615dd5ff570a.pdf",
            "schemeDetails": "https://schemes.rajasthan.gov.in/scheme/detail/250",
            "registration": "https://sso.rajasthan.gov.in/register",
            "login": "https://sso.rajasthan.gov.in/signin"
        },
        "Original Link": "https://www.myscheme.gov.in/schemes/spk"
    },
    {
        "schemeName": "Green House",
        "details": "The Green House Scheme under the Agriculture Department of Rajasthan Provides the benefit of subsidy on greenhouses and earn more income by cultivating horticultural crops like vegetables, flowers, fruits, etc. by controlling the ago-climatic factors, temperature, humidity, and sunlight.\nA greenhouse is a hut-like structure made of glass or polythene. Plants are grown inside it by controlling the environment. Where certain types of crops cannot be grown in the open due to extreme cold, these crops can be easily grown by using greenhouses. In case production of crops is not possible due to excessive heat, crops can be grown in greenhouses. In this way, it becomes easier for farmers to grow crops in any season through greenhouses. Greenhouses are mostly used for the cultivation of fruits, flowers, and vegetables. Through this, good production can be achieved especially in vegetable farming.\n\nOther important points\nThe construction of the greenhouse can be started only after the administrative approval/work order is issued by the Horticulture Department.\nAfter construction, verification will be done by the committee formed.\nPayment of grant amount directly into the bank account of the farmer or to the producer firm based on written consent of the farmer.",
        "benefits": "For areas up to a maximum of 4,000 square meters, farmers will receive subsidies grant based on approved rates or department-specified unit costs, whichever is lower.\nGeneral-category farmers : 50% grant.\nSmall, marginal, scheduled caste, and scheduled tribe farmers : 70% grant.\nThe farmers of Scheduled Tribe areas and all the state's small and marginal category farmers : 25% additional grant.",
        "eligibility": "The applicant must be a native of Rajasthan.\nThe applicant should be a Farmer.\nThe applicant must have agricultural land ownership and irrigation sources.",
        "applicationProcess": "Online\nRegistration\nStep-1: Applicant have to visit the official portal. \nStep-2: Click on the option “Register”.\nStep-3: Then you will be redirected to the SSO registration page. The registration page will appear with the following options.\n  Citizen\nStep-4: Choose the either one option from  the Jan Aadhaar Or Google to process further.\nJan Aadhaar : Enter the Jan Aadhaar number, click on the ‘Next’ button,\nSelect your name, the name of the head of the family and all the other members and \nClick on the ‘Send OTP’ button. Enter the ‘OTP’ and \nClick on the ‘Verify OTP’ button to Complete the registration. \nGoogle : Enter the Gmail ID, click on the ‘Next’ button, \nEnter the password.\nA new link appear on screen, now click on the new SSO link.\nSSO id will appear on the screen, now create the password.\nEnter Mobile number, click on registration.\nStep-5: Submit.\n\nAPPLY\nStep-1: Applicant have to visit the official portal. \nStep-2: After login, dashboard will open.\nStep-3: Click on “ RAJ-KISAN ” option. \nStep-4: In \"Farmer\", click on \"Application Entry Request\".\nStep-5: Enter the \"Bhamashah ID\" or \"Janaadhaar ID\" and search.  \nStep-6: Select the person name and scheme name. \nStep-7: Complete the Aadhaar Authentication and click on Get details. \nStep-8: Provide the required details.\n            - Pensioner Details.\n            - Bank Details.\n            - Disability Details.\n            - Verification Details.\n            - Upload Documents.\nStep-9: Submit.\n\nThe farmer will have to submit the affidavit, tri-party agreement form and farmer's share amount in the office by 30 days from the issue of administrative approval or the last working day of the financial year (31st March), whichever is earlier.",
        "documentsRequired": "Jamabandi copy (not older than 6 months)\nAadhaar card / Janadhar card.\nSoil and water test report.\nQuotation from the approved firm.\nProof of irrigation source grants to small, marginal.\nScheduled caste and scheduled tribe farmers' certificates.",
        "sourcesAndReferences": {
            "sourcesAndReferences": "https://www.myscheme.gov.in/schemes/gh#sources",
            "guidelines": "https://rajkisan.rajasthan.gov.in/Rajkisanweb/Kisan",
            "registration": "https://sso.rajasthan.gov.in/register",
            "login": "https://sso.rajasthan.gov.in/signin"
        },
        "Original Link": "https://www.myscheme.gov.in/schemes/gh"
    },
    {
        "schemeName": "Kam Lagat Pyaaj Bhandaran Sanrachna",
        "details": "The Kam Lagat Pyaaj Bhandaran Sanrachna yojana under the Agriculture Department of the Rajasthan government provides subsidies and support, the scheme aims to assist farmers in constructing storage facilities for onions at affordable rates. This initiative seeks to address post-harvest losses, prolong the shelf life of onions, and stabilize market prices by ensuring adequate storage infrastructure. Ultimately, the scheme aims to enhance the income of onion farmers and contribute to the overall development of the agricultural sector.\n\nImportant Points\nCreated and approved by the Provisional Socialist Committee.\nThe grant amount will be paid directly into the farmer's bank.",
        "benefits": "Onion storage structure (25 Metric Ton capacity): 50% unit cost subsidy, max grant ₹ 87,500/-.",
        "eligibility": "The applicant must be a native of Rajasthan.\nThe applicant should be a Farmer.\nThe applicant must have a minimum of 0.5 land ownership.\nA farmer who is cultivating onion and wants to build a low-cost onion storage structure.",
        "applicationProcess": "Online\nRegistration\nStep-1: Applicant have to visit the official portal. \nStep-2: Click on the option “Register”.\nStep-3: Then you will be redirected to the SSO registration page. The registration page will appear with the following options.\n  Citizen\nStep-4: Choose the either one option from  the Jan Aadhaar Or Google to process further.\nJan Aadhaar : Enter the Jan Aadhaar number, click on the ‘Next’ button,\nSelect your name, the name of the head of the family and all the other members and \nClick on the ‘Send OTP’ button. Enter the ‘OTP’ and \nClick on the ‘Verify OTP’ button to Complete the registration. \nGoogle : Enter the Gmail ID, click on the ‘Next’ button, \nEnter the password.\nA new link appear on screen, now click on the new SSO link.\nSSO id will appear on the screen, now create the password.\nEnter Mobile number, click on registration.\nStep-5: Submit.\n\nAPPLY\nStep-1: Applicant have to visit the official portal. \nStep-2: After login, dashboard will open.\nStep-3: Click on “ RAJ-KISAN ” option. \nStep-4: In \"Farmer\", click on \"Application Entry Request\".\nStep-5: Enter the \"Bhamashah ID\" or \"Janaadhaar ID\" and search.  \nStep-6: Select the person name and scheme name. \nStep-7: Complete the Aadhaar Authentication and click on Get details. \nStep-8: Provide the required details.\n            - Pensioner Details.\n            - Bank Details.\n            - Disability Details.\n            - Verification Details.\n            - Upload Documents.\nStep-9: Submit.",
        "documentsRequired": "Aadhaar Card/Jan Aadhar Card.\nCopy of Jamabandi (not more than six months old).",
        "sourcesAndReferences": {
            "sourcesAndReferences": "https://www.myscheme.gov.in/schemes/klpbs#sources",
            "guidelines": "https://rajkisan.rajasthan.gov.in/Rajkisanweb/Kisan#",
            "registration": "https://sso.rajasthan.gov.in/register",
            "login": "https://sso.rajasthan.gov.in/signin"
        },
        "Original Link": "https://www.myscheme.gov.in/schemes/klpbs"
    },
    {
        "schemeName": "Drip Sanyantr",
        "details": "The Drip Sanyantr under the Agriculture Department Rajasthan government gives subsidies to farmers. Proper utilization of every drop of water by drip plant, 75-80 percent saving of water and increase in quality production through efficient technology. For the successful operation of a drip irrigation system, it is necessary to calculate the correct water requirement because through this system only water is given equal to the requirement of the plants. The water requirement of plants varies seasonally and every month and the working hours of the system are balanced accordingly.\n\nImportant points\nAfter issuing administrative approval from the irrigation department.\nThe grant amount is transferred to the account of the farmer or the supplier manufacturer/dealer with the consent of the farmer.",
        "benefits": "70% subsidy is given to general farmers and 75% subsidy is given to small, marginal Scheduled Caste, Scheduled Tribe, and women farmers.\nAll categories of farmers are given subsidies on drip plants up to a maximum area of 5 hectares.",
        "eligibility": "The applicant should be a farmer.\nThe applicant should be a native of Rajasthan.\nThe farmer should have at least 0.2 hectares of irrigated cultivable land.",
        "applicationProcess": "Online\nRegistration\nStep-1: Applicant have to visit the official portal. \nStep-2: Click on the option “Register”.\nStep-3: Then you will be redirected to the SSO registration page. The registration page will appear with the following options.\n  Citizen\nStep-4: Choose the either one option from  the Jan Aadhaar Or Google to process further.\nJan Aadhaar : Enter the Jan Aadhaar number, click on the ‘Next’ button,\nSelect your name, the name of the head of the family and all the other members and \nClick on the ‘Send OTP’ button. Enter the ‘OTP’ and \nClick on the ‘Verify OTP’ button to Complete the registration. \nGoogle : Enter the Gmail ID, click on the ‘Next’ button, \nEnter the password.\nA new link appear on screen, now click on the new SSO link.\nSSO id will appear on the screen, now create the password.\nEnter Mobile number, click on registration.\nStep-5: Submit.\n\nAPPLY\nStep-1: Applicant have to visit the official portal. \nStep-2: After login, dashboard will open.\nStep-3: Click on “ RAJ-KISAN ” option. \nStep-4: In \"Farmer\", click on \"Application Entry Request\".\nStep-5: Enter the \"Bhamashah ID\" or \"Janaadhaar ID\" and search.  \nStep-6: Select the person name and scheme name. \nStep-7: Complete the Aadhaar Authentication and click on Get details. \nStep-8: Provide the required details.\n            - Pensioner Details.\n            - Bank Details.\n            - Disability Details.\n            - Verification Details.\n            - Upload Documents.\nStep-9: Submit.",
        "documentsRequired": "Jamabandi copy (not older than 6 months)\nAadhar Card/Janadhar Card.\nIrrigation Source Certificate.\nSoil and Water Testing Report.\nSupplier's Quotation.",
        "sourcesAndReferences": {
            "sourcesAndReferences": "https://www.myscheme.gov.in/schemes/dsr#sources",
            "guidelines": "https://rajkisan.rajasthan.gov.in/Rajkisanweb/Kisan",
            "registration": "https://sso.rajasthan.gov.in/register",
            "login": "https://sso.rajasthan.gov.in/signin"
        },
        "Original Link": "https://www.myscheme.gov.in/schemes/dsr"
    },
    {
        "schemeName": "Indira Gandhi National Vrdhavastha Pension Yojana",
        "details": "Indira Gandhi National Vridhavastha Pension Yojana, Under the Department of Social Justice and Empowerment  Government of Rajasthan, provides financial support to the citizens whose families live below the poverty line. To empower senior citizens by ensuring their financial independence and dignity in old age, thereby enabling them to lead a dignified life.",
        "benefits": "Pension amount: ₹ 1000 /- per month.",
        "eligibility": "The applicant should be a native of Rajasthan.\nThe age of the applicant (male or female) is 60 years or more.\nThe applicant should belong to a family living below the poverty line as per the criteria set by the Government of India.",
        "applicationProcess": "Online\nRegistration\nStep-1: Applicant have to visit the official portal. \nStep-2: Click on the option “Register”.\nStep-3: Then you will be redirected to the SSO registration page. The registration page will appear with the following options.\n  Citizen\nStep-4: Choose the either one option from  the Jan Aadhaar Or Google to process further.\nJan Aadhaar : Enter the Jan Aadhaar number, click on the ‘Next’ button,\nSelect your name, the name of the head of the family and all the other members and \nClick on the ‘Send OTP’ button. Enter the ‘OTP’ and \nClick on the ‘Verify OTP’ button to Complete the registration. \nGoogle : Enter the Gmail ID, click on the ‘Next’ button, \nEnter the password.\nA new link appear on screen, now click on new SSO link.\nSSO id will appear on screen, now create the password.\nEnter Mobile number, click on registration.\n Apply \nStep-1: Applicant have to visit the official portal. \nStep-2: After login, dashboard will open.\nStep-3: Click on “IFMS-RAJSSP\" option.\nStep-4: Select \"Continue to RajSSP\". \nStep-5: Now click on \"Apply for Scheme\" on screen. \nStep-6: In this new page, will get a list of names of all the schemes,and click on the name of \"Yojana\"\nStep-7: Fill out all relevant details. \nStep-8: Submit.\n\nApplication form is free for Indira Gandhi National Old Age Pension Scheme.",
        "documentsRequired": "Aadhar Card Copy\nJan Aadhar/Bhamashah Card Copy\nPassport size photo.\nBank passbook front page copy (Account holder name, Account No, IFSC code).",
        "sourcesAndReferences": {
            "sourcesAndReferences": "https://www.myscheme.gov.in/schemes/ignvpyr#sources",
            "guidelines": "https://schemes.rajasthan.gov.in/scheme/detail/108",
            "schemeDetails": "https://ssp.rajasthan.gov.in/HtmlPages/Schemes/DisablityDetail.aspx",
            "registration": "https://sso.rajasthan.gov.in/register"
        },
        "Original Link": "https://www.myscheme.gov.in/schemes/ignvpyr"
    },
    {
        "schemeName": "Indira Mahila Shakti Prashikshan Evam Koshal Sanvardhan Yojana (RS-CSEP)",
        "details": "The Rajasthan government's Women and Child Development Department offers a program called Indira Mahila Shakti Prashikshan Evam Koshal Sanvardhan Yojana (RS-CSEP). This free program helps women and girls improve their spoken English and communication skills, along with building their confidence. By learning new skills or sharpening existing ones, participants gain the tools they need to find better jobs, start their own businesses, and achieve financial independence. The program goes beyond just skills training, aiming to empower women by providing support and knowledge in areas like entrepreneurship, leadership, managing money, and personal growth.\n\nTraining period :\n130 hours (2 hours a day, 5 days a week).",
        "benefits": "RKCL( Rajasthan Knowledge Corporation Limited), free spoken English and personality development training is given to women and girls.",
        "eligibility": "The applicant is a native citizen of Rajasthan.\nThe applicant's age should be 16 to 45 years old.\nThe applicant should have passed class 12th.\nWidow/divorced/abandoned women suffering from violence be given priority.",
        "applicationProcess": "Online\nRegistration \nStep1: Applicants have to visit the official portal.  \nStep2:Now enter your Mobile number and enter the Code.\nStep3:Click send OTP, and Enter OTP to confirm.\nStep4:Now you will come to a new page, and read all the instructions before processing.\nStep5:Now \"Click here to apply online for RS-CSEP Course\".\nStep6:Enter your details like\n         - District \n         - Tehsil\n         - Preference 1 or 2\n         - Your Name\n         - Father Name \n         -  Upload required documents etc.\nStep7:After uploading all your important information and documents, click on submit\nStep8: After applying, an application ID will be received on your mobile or email.\n\nLogin\nStep1: Applicants have to visit the official portal.  \nStep2:Now Click on Login \nStep3:Now enter your application ID\n         - Application Name\n         - Father Name \n         - Date of Birth\nStep4: Click on login.\n\nReference number and information about the IT Knowledge Center (for which the trainee has been selected) will be given on the mobile/e-mail ID of the selected trainees, based on which the trainee will be informed about the related I.T. Will report for training at the knowledge center and get biometric registration done.\n\nTraining-\nTraining under the scheme will be conducted by RKCL in their identified I.T. Will be provided at knowledge centers. The attendance of the trainees will be checked through a bio-metric machine. Trainees will have to regularly receive training at the IT Knowledge Centre. Trainees registering less than 65% biometric attendance will not be eligible to appear in the examination and will not be given a certificate. After completion of the prescribed period of training, the trainees will have to participate in the examination conducted by RKCL. Trainees will be given a certificate by RKCL on passing the examination.",
        "documentsRequired": "Aadhar card.\nIdentity card.\nIncome certificate.\nAge certificate.\nAddress proof.\nClass 10th mark sheet.\nClass 12th mark sheet.\nCopy of the FIR in the case of a woman victim of violence / Domestic Incident Report under the Protection / Copy of the document for registering the case at Women's Safety and Advice Center / Aparajita.\nCaste certificate in case of Scheduled Castes and Tribes.\nDeath certificate of husband in case of widow/talaq deed in case of divorcee/affidavit of desertion in case of deserter.",
        "sourcesAndReferences": {
            "sourcesAndReferences": "https://www.myscheme.gov.in/schemes/imspeksyrcr#sources",
            "schemeDetails": "https://schemes.rajasthan.gov.in/scheme/detail/988"
        },
        "Original Link": "https://www.myscheme.gov.in/schemes/imspeksyrcr"
    },
    {
        "schemeName": "Indira Gandhi National Vidhva Pension yojana",
        "details": "The scheme “Indira Gandhi National Vidhva Pension Yojana (IGNWPS)” Started On 7-10-2009 under the Social Justice and Empowerment Department, Government. of Rajasthan. Under this scheme, financial support is provided to the widows of the state of Rajasthan. A widow whose household is below the poverty line is eligible to get the benefits of the pension scheme. The beneficiary receives a monthly pension amount consisting of the Central and State governments' share.",
        "benefits": "Women who are more than 40 to less than 75 years old monthly pension of ₹ 1000/-.\nWomen who are more than 75 years old monthly pension of ₹ 1500/-.",
        "eligibility": "The applicant should have a domicile in the state of Rajasthan.\nThe applicant should be from a Below Poverty Line (BPL) family.\nThe application should be aged 40 years.",
        "applicationProcess": "Online\nRegistration\nStep-1: Applicant have to visit the official portal. \nStep-2: Click on the option “Register”.\nStep-3: Then you will be redirected to the SSO registration page. The registration page will appear with the following options.\n  Citizen\nStep-4: Choose the either one option from  the Jan Aadhaar Or Google to process further.\nJan Aadhaar : Enter the Jan Aadhaar number, click on the ‘Next’ button,\nSelect your name, the name of the head of the family and all the other members and \nClick on the ‘Send OTP’ button. Enter the ‘OTP’ and \nClick on the ‘Verify OTP’ button to Complete the registration. \nGoogle : Enter the Gmail ID, click on the ‘Next’ button, \nEnter the password.\nA new link appear on screen, now click on new SSO link.\nSSO id will appear on screen, now create the password.\nEnter Mobile number, click on registration.\n Apply \nStep-1: Applicant have to visit the official portal. \nStep-2: After login, dashboard will open.\nStep-3: Click on “IFMS-RAJSSP\" option.\nStep-4: Select \"Continue to RajSSP\". \nStep-5: Now click on \"Apply for Scheme\" on screen. \nStep-6: In this new page, will get a list of names of all the schemes,and click on the name of \"Yojana\"\nStep-7: Fill out all relevant details. \nStep-8: Submit.",
        "documentsRequired": "Photos of applicant. \nHusband's death certificate.\nB.P.L. card.\nCertificate to confirm age.",
        "sourcesAndReferences": {
            "sourcesAndReferences": "https://www.myscheme.gov.in/schemes/ignvpyrr#sources",
            "guidelines": "https://schemes.rajasthan.gov.in/scheme/detail/109",
            "schemeDetails": "https://ssp.rajasthan.gov.in/HtmlPages/Schemes/DisablityDetail.aspx",
            "registration": "https://sso.rajasthan.gov.in/register"
        },
        "Original Link": "https://www.myscheme.gov.in/schemes/ignvpyrr"
    },
    {
        "schemeName": "Gaushala Vikas Yojana",
        "details": "The \"Gaushala Vikas Yojana\" launched on 26th December 2019, by the Animal Husbandry Department, Rajasthan, aims to support registered gaushalas with ownership or long-term leased land (minimum 20 years) to develop permanent infrastructure. Eligible gaushalas must have maintained at least 100 cattle consistently for the past two years and should not have any financial irregularities under review.",
        "benefits": "Financial aid of up to ₹10,00,000/- for infrastructure development.",
        "eligibility": "Gaushalas with ownership or leased land (minimum of 20 years) approved by a competent authority are eligible.\nGaushalas must have consistently maintained at least 100 cows for the past two years to qualify for infrastructure construction.\nGaushalas should not have any pending cases of financial irregularity or embezzlement.\nGaushalas committed to developing their own resources to achieve self-reliance and self-sufficiency are encouraged to apply.\nGaushalas willing to share information and cooperate on relevant initiatives are eligible.\nBasic infrastructure required under the scheme should not have been previously constructed in the Gaushala. However, if existing infrastructure is insufficient based on the number of cattle, the Gaushala will be eligible for additional construction work as per requirements.\nGaushalas registered under the Rajasthan Gaushala Act, 1960, Rajasthan Society Registration Act, 1958, or Lalsamay Pravat Law are eligible.\nInstitutions recommended or approved by the District-Level Gaushala Committee in exceptional circumstances are also eligible.",
        "applicationProcess": "Offline\nStep 1: Visit the official website.\nStep 2: Scroll down to the window named \"Documents related to the plan\".\nStep 3: Download the application form and fill in all the details.\nStep 4: Submit the application form along with the required documents to the Directorate of Gopalan.\nStep 5: Await verification and approval from the concerned authority.\nOnline Aplication Process for Gaushala Registration: Click here to know.\n\nScheme Contact Details:\nNodal Officer Name & Designation: Dr Arti; Veterinary Officer \nPhone Number: 9982393220\nEmail: dir.dgs@rajasthan.gov.in",
        "documentsRequired": "Estimate approved by competent level for getting the construction work done.\nCopy of Registration number and date under the Rajasthan Societies Registration Act, 1958, or Rajasthan Gaushala Act, 1960.\nName, branch, address, account number, and IFSC code number of the Gaushala (verified by the bank).",
        "sourcesAndReferences": {
            "sourcesAndReferences": "https://www.myscheme.gov.in/schemes/gvyr#sources",
            "guidelines": "https://gopalan.rajasthan.gov.in/scheme/detail/573"
        },
        "Original Link": "https://www.myscheme.gov.in/schemes/gvyr"
    }
]