[
    {
        "schemeName": "Devnarayan Pratibhawan Chhatra Protsahan Yojana",
        "details": "The \"Devnarayan Pratibhawan Chhatra Protsahan Yojana\" scheme was launched by the Social Justice and Empowerment Department, Government of Rajasthan. The scheme aims to encourage academic excellence among students belonging to Special Backward Classes (SBC). It provides an annual financial incentive to students pursuing education from Class 10th to postgraduate level in government schools or colleges.",
        "benefits": "Financial assistance of ₹3,500/- per year per student.",
        "eligibility": "The applicant should be a native of Rajasthan.\nThe applicant should be a student.\nThe applicant’s family’s annual income should not exceed ₹2,00,000/-.\nThe applicant should be studying in a government school or college.\nThe applicant should have passed class 10th to graduation with a first division.\nThe applicant should have obtained at least 48% marks in the postgraduation first year and be enrolled in the final year.\nThe applicant should belong to one of the Special Backward Class communities:\nBanjara, Baldiya, Labana\nGadia-Lohar, Gadoliya\nGurjar, Gujjar\nRaika, Raibari (Debasi)",
        "applicationProcess": "Offline\nStep 1: The interested applicant should visit (during office hours) the principal of the respective government school/college where the student is enrolled and request a hard copy of the prescribed format of the application form from the staff exclusively entrusted to issue and collect filled-in applications.\nStep 2: In the application form, fill in all the mandatory fields and attach copies of all the mandatory documents (self-attest, if required).\nStep 3: Submit the duly filled and signed application form along with the documents to the principal of the respective government school/college. \nFor detailed information regarding the scheme, please contact:\nDistrict Office of the Social Justice and Empowerment Department in the concerned district.",
        "documentsRequired": "Identity proof\nEducational Qualification certificates\nCopy of original residence certificate\nCopy of income certificate\nCopy of caste certificate\nJan Aadhaar Card\nPassport size photograph\nAny other documents if required",
        "sourcesAndReferences": {
            "sourcesAndReferences": "https://www.myscheme.gov.in/schemes/dpcpy#sources",
            "schemeDetails": "https://sje.rajasthan.gov.in/Default.aspx?PageID=87",
            "guidelines(pageNo.1)": "https://sje.rajasthan.gov.in/Schemes/DevnarayanScheme.pdf"
        },
        "Original Link": "https://www.myscheme.gov.in/schemes/dpcpy"
    },
    {
        "schemeName": "Mukhyamantri Hunar Vikas Yojana- Professional/Technical Training",
        "details": "The \"Mukhyamantri Hunar Vikas Yojana - Professional/Technical Training\" scheme was launched by the Department of Social Justice and Empowerment, Government of Rajasthan, with the objective of providing vocational and technical skill development training to beneficiary boys and girls under the State Government’s Palanhar Scheme, to make them self-reliant. The scheme aims to make every possible effort to provide employment opportunities and a respectable livelihood to these beneficiaries after the completion of their training.\nUnder this scheme, vocational/technical training is provided to Palanhar beneficiary boys and girls through recognized training providers such as the Rajasthan Skill and Livelihood Development Corporation (RSLDC), Rajasthan Knowledge Corporation Limited (RKCL), Jan Shikshan Sansthan, or industrial training institutes recognized by the State or Central Government.\nThe scheme is implemented by the Department of Social Justice and Empowerment, Rajasthan, at the state level and by the Deputy Director/Assistant Director, Department of Social Justice and Empowerment, at the district level.",
        "benefits": "Professional/Technical Training Benefits:\nVocational/technical training will be provided to Palanhar beneficiary boys/girls through recognized training providers by the Rajasthan Skill and Livelihood Development Corporation / Rajasthan Knowledge Corporation Limited (RKCL) / Jan Shikshan Sansthan / industrial training institutes recognized by the state government/central government.\nThe State Government will reimburse the prescribed fees and other expenses to the training provider institute for the related program. \nIf the boy/girl wants to avail hostel or any other prescribed facility/fee (mess fee, stationery and dress fee) of the concerned institute, then that will also be reimbursed.\nA maximum of 2 training programmes can be availed under this scheme, provided the beneficiary is below 21 years of age or till the completion of the respective course.\nThe boy / girl receiving training under the scheme will be given a training certificate by the concerned institute / training provider.\nNote: Fees and other expenses will be provided directly to the concerned training institute after admission of the boy / girl in the respective programme.",
        "eligibility": "The applicant should be a beneficiary under the Palanhar Scheme of Rajasthan.\nThe applicant should have completed 15 years of age.\nThe applicant’s maximum age should not exceed 21 years, or till course completion (whichever is earlier).",
        "applicationProcess": "Offline\nApplication Process:\nTo avail of the benefits of the scheme, the applicant needs to contact their recognized training institution.\nStep 1: The interested applicant downloads the application form from the official website. \nStep 2: In the application form, fill in all the mandatory fields and attach copies of all the mandatory documents (self-attested, if required).\nStep 3: Submit the duly filled and signed application form along with the documents to the recognized training institution.\nStep 4: The recognized training institution forwards the student's application to the District Officer, Social Justice and Empowerment Department, with the training program details.\nPost-Application Process:\nStep 1: Verification and approval are to be completed within one month.\nStep 2: Fees and additional costs will be reimbursed directly to the institution.",
        "documentsRequired": "Passport-size Photo\nCopy of Jan Aadhaar Card\nCertificate of Educational Qualification (proof of the prescribed educational qualification for the relevant program)\nCopy of the Admission Letter (issued by the concerned institution for general/higher education/technical education)\nCourse Fee Receipt (issued by the concerned institution for general/higher education/technical education)",
        "sourcesAndReferences": {
            "sourcesAndReferences": "https://www.myscheme.gov.in/schemes/mhvs-ptts#sources",
            "guidelines": "https://sje.rajasthan.gov.in/siteadmin/Uploads/202402231258279383.pdf",
            "applicationForm": "https://sje.rajasthan.gov.in/siteadmin/Uploads/202402231257087804.pdf"
        },
        "Original Link": "https://www.myscheme.gov.in/schemes/mhvs-ptts"
    },
    {
        "schemeName": "Mukhyamantri Hunar Vikas Yojana- Self-Employment/Business",
        "details": "The \"Mukhyamantri Hunar Vikas Yojana – Self-Employment/Business\" was launched by the Department of Social Justice and Empowerment, Government of Rajasthan with the objective of providing financial assistance to beneficiary boys and girls under the State Government’s Palanhar Scheme to help them establish their own self-employment ventures or businesses after completing their training. The scheme aims to create employment opportunities and ensure a dignified livelihood for these beneficiaries upon the completion of their training.\nUnder this scheme, the State Government provides financial assistance to eligible boys and girls in two installments: 60% of the total sanctioned amount is disbursed in the first installment, and the remaining 40% in the second installment. The assistance is specifically for setting up self-employment or business activities related to the training course completed by the beneficiary.\nThe scheme is implemented by the Department of Social Justice and Empowerment, Rajasthan, at the state level and by the Deputy Director/Assistant Director, Department of Social Justice and Empowerment, at the district level.",
        "benefits": "Financial Assistance:\nFinancial assistance up to ₹50,000 or the actual/estimated cost, whichever is lower, to establish self-employment/business.\nPayment Disbursed in Two Installments\nFirst Installment: 60% for establishing the necessary shop/location or purchasing equipment, raw materials, etc.\nSecond Installment: After establishing, the remaining 40% amount will be paid based on the inspection report by the officer appointed by the District Collector. \nMode of Disbursement:\nThe financial assistance is directly deposited into the beneficiary's bank savings account.",
        "eligibility": "The applicant should be a beneficiary under the Palanhar Scheme of Rajasthan.\nThe applicant should have completed skill training under the scheme.\nThe applicant’s age should be 21 years or above.\nThe applicant should be registered their business through Udyam Aadhaar Portal is required for self-employment assistance.",
        "applicationProcess": "Offline\nStep 1: The interested applicant downloads the application form from the official website. \nStep 2: In the application form, fill in all the mandatory fields, and attach copies of all the mandatory documents (self-attest, if required).\nStep 3: Submit the duly filled and signed application form along with the documents to the District Officer, Social Justice and Empowerment Department.\nStep 4: The District Officer, Social Justice and Empowerment Department, will examine the application and issue administrative and financial approval within a maximum of one month.",
        "documentsRequired": "Passport-size Photo\nCopy of Jan Aadhaar Card\nCertificate of Educational Qualification (proof of the prescribed educational qualification for the relevant program)\nUdyog Aadhaar Registration Certificate\nBank Passbook\nResidence proof",
        "sourcesAndReferences": {
            "sourcesAndReferences": "https://www.myscheme.gov.in/schemes/mhvs-sebs#sources",
            "guidelines": "https://sje.rajasthan.gov.in/siteadmin/Uploads/202402231258279383.pdf",
            "applicationForm": "https://sje.rajasthan.gov.in/siteadmin/Uploads/202402231257087804.pdf"
        },
        "Original Link": "https://www.myscheme.gov.in/schemes/mhvs-sebs"
    },
    {
        "schemeName": "Chief Minister Specially Abled Samman Pension Scheme",
        "details": "Chief Minister Specially Abled Samman Pension Scheme has been launched by the Government of Rajasthan. This scheme is an important scheme by the Government of Rajasthan for the Divyangjan of the state. It was started mainly to provide financial assistance to disabled persons.\nIn State, a specially-abled person of any age who is suffering from any one or more disabilities (40% and above disability) will be eligible for a pension. From October 2, 2021, the process of issuing automatic approval of applications received online without human intervention was started using the metadata available on the Jan Aadhaar portal for the pension scheme.",
        "benefits": "For women below 55 years of age and men below 58 years of age: Rs. 750/- per month. \nTo women aged 55 years and above, men aged 58 years and above but less than 75 years of age: Rs. 1,000/- per month.\nTo the beneficiaries of 75 years and above age ( male and female): Rs. 1,250/- per month.\nTo leprosy-free beneficiaries of all ages  ( male and female): Rs. 1,500/- per month.",
        "eligibility": "Specially abled persons of any age with 40% and above disability.\nApplicants are suffering from any one or more following disabilities : \nBlindness, \nShort-sightedness, \nLocomotor disability, \nLeprosy free, \nHearing loss, \nMental retardation, \nMental illness, \nDwarfism (less than 3 feet 6 inches in height in case of an adult and holding a certificate issued by an authorized medical officer),\nNaturally suffering from eunuchism.\nNative of Rajasthan and living in Rajasthan.\nOwn combined annual income (from all sources) is up to Rs. 60,000/-.",
        "applicationProcess": "Online\nApplicants have to visit the official portal. \nClick on login.\nIf applicants are existing SSO users, log in with their SSO user and password. and If applicants don’t have SSO Id then create one by clicking “Registration”. Applicants can create SSO IDs by using Janaadhar & Google\nCompleting the SSO profile process. \nSelect Appropriate Scheme and click on the “Next” button\nFill out all required academic information and click on the “Submit” button",
        "documentsRequired": "Aadhar Card Copy\nBhamashah Card Copy",
        "sourcesAndReferences": {
            "sourcesAndReferences": "https://www.myscheme.gov.in/schemes/cmsasps#sources",
            "details": "https://ssp.rajasthan.gov.in/HtmlPages/Schemes/DisablityDetail.aspx",
            "guidelines": "https://schemes.rajasthan.gov.in/scheme/detail/113"
        },
        "Original Link": "https://www.myscheme.gov.in/schemes/cmsasps"
    },
    {
        "schemeName": "Scheme For Study In Abroad",
        "details": "The Rajasthan State government has started a scheme for girls students. Under this scheme, the state provides an opportunity to the girl students, who get the first three positions in the Rajasthan Board of Secondary Education,  to get graduate-level education in abroad for four years. \n\nThe names of the first 6 girl students studying in government schools have been sent by the Board of Secondary Education to the Director, Department of Secondary Education by July 15.\nIn the merit list received by the Director, Secondary Education Department, a consent letter will be obtained from the father/ guardian giving complete information about this scheme to the parents of the first three girl students.\nIf consent/agreement is not given by the guardian of any of these selected girl students, then this exercise will be completed one by one by selecting the remaining girl students from the list received from the Board of Secondary Education.\nThe facility for preparation of pre-admission examination etc. is available in the state capital Jaipur only. For this, the student will have to prepare for SAT (Scholastic Aptitude Test) by taking admission in class 11 in any school located in Jaipur. \nSuch talented girl students will be provided a special facility of accommodation in the Girls Hostel of Government Girls Higher Secondary School Malviya Nagar, Jaipur, on the basis of the consent of the students/ parents, by the State Government. \nIf the student does not want to take advantage of this facility and arranges accommodation at her own level, then she will be free to do so.\nExpenses on coaching and registration for SAT (Scholastic Aptitude Test) examination will be borne by the state government per student on the basis of actual expenditure.",
        "benefits": "A maximum of Rs. 30,000 for coaching and up to Rs.50,000 for registration for SAT (Scholastic Aptitude Test) examination will be borne by the state government per student on the basis of actual expenditure.\nAn amount of Rs. 25 thousand will be given to each girl student for submitting an application form for admission to a foreign university. \nAfter the acceptance of the application by the foreign university, full accommodation facility of the university will be given and the economy class fare will also be provided to meet the parent once a year \n A maximum amount of up to Rs.10.00 lakh per year will be spent on all the items on each student in the 4-year course.",
        "eligibility": "The applicant girl should be among the first three girls at the state level studying in class 10th government school of Board of Secondary Education, Rajasthan. \nThe girl students securing the first three positions are given the opportunity to pursue graduate-level education abroad",
        "applicationProcess": "Offline\nApplicants have to visit the web portal.\nDownload the application form from page no. 12. \nFill out the form in the prescribed manner.\nSubmit the application to District Education Officer.",
        "documentsRequired": "Aadhar Number. \nAge proof. \nAddress Proof. \nBonafide/ Domicile certificate. \n10th and 12th mark sheet. \nPassport.",
        "sourcesAndReferences": {
            "sourcesAndReferences": "https://www.myscheme.gov.in/schemes/sfsa#sources",
            "guideline": "https://schemes.rajasthan.gov.in/scheme/detail/332"
        },
        "Original Link": "https://www.myscheme.gov.in/schemes/sfsa"
    },
    {
        "schemeName": "Rajasthan Chief Minister's Relief Fund - Medical Help",
        "details": "Rajasthan Chief Minister’s Relief Fund – medical help scheme launched on April 1999 under Chief Minister’s Relief Fund in Rajasthan. Dependents of untimely dead due to famine, floods, excessive rains, fires and accidental accidents help.\n\nFor treatment information - Assistance is accepted in recognized private hospitals from the major Government/ Chief Minister’s Relief Fund of the state. 40% maximum amount of rs1.50 lakh in government hospitals and 30% maximum amount of Rs 90,000 in recognized private hospitals, whichever is less, is accepted and sent to the concerned hospital.",
        "benefits": "Demand draft or Direct Bank Transfer to the beneficiary.\nCochlear Implant Surgery of Deaf and Dumb Children - In the state of Rajasthan, deaf and dumb children up to the age of 6 years, whose family income is up to Rs. 2.00 lakh annually,\nAssistance for Thalassemia Major Disease Treatment - 2 percent assistance is given from the Chief Minister's Assistance Fund up to Rs. 50.7 lakh\nFinancial assistance to a person suffering from serious diseases (cancer, kidney and urine, heart disease) do it.",
        "eligibility": "The applicant should be Non BPL\nThe Annal Income of the Family should be greater than 2 LPA\nNot be listed in ABMGRSBY (Ayushman Bharat Mahatma Gandhi Rajasthan Swasthya Bima Yojana)",
        "applicationProcess": "Online\nOffline\nVisit the official website of the Chief Minister Relief Fund Rajasthan at https://cmrf.rajasthan.gov.in/.\nClick on the \"Apply for Medical Help\" option on the homepage.\nYou will be directed to a new page where you need to select the \"Apply Online\" option.\nFill in the required details such as your name, address, contact details, medical condition, and required treatment.\nUpload the necessary documents such as medical certificates, doctor's reports, and bills.\nOnce you have filled in all the details, click on the \"Submit\" button.\nAfter submitting the application, you will receive an acknowledgment number that you can use to track the status of your application.",
        "documentsRequired": "Income Certificate Copy* \nAddress Proof Copy*\nRashan Card\nTreatment Estimate by Doctor\nMedical Certificate",
        "sourcesAndReferences": {
            "sourcesAndReferences": "https://www.myscheme.gov.in/schemes/rcmrf-mh#sources",
            "rajasthanGovernmentPortal": "https://jankalyan.rajasthan.gov.in/#/scheme/detail/434"
        },
        "Original Link": "https://www.myscheme.gov.in/schemes/rcmrf-mh"
    },
    {
        "schemeName": "Assistance Scheme For Reimbursement For Expenditure On Visa By Construction Workers For Employment Abroad",
        "details": "The Reimbursement of Expenditure Incurred on Visa for Employment Abroad to Construction Workers is a scheme implemented in the state of Rajasthan to provide financial assistance to construction workers who are seeking employment abroad. Under this scheme, registered construction workers in Rajasthan who have secured employment in foreign countries are eligible for reimbursement of expenses incurred on obtaining the necessary visa and related documentation. \n\nTo be eligible for this scheme, the construction worker must be registered with the Construction Workers Welfare Board in Rajasthan and provide proof of employment in a foreign country. The aim of this scheme is to reduce the financial burden on construction workers who are seeking employment abroad by providing financial support for expenses related to obtaining visas, which can often be a significant expense. This scheme aims to promote the welfare of construction workers and support them in their efforts to secure employment opportunities abroad.",
        "benefits": "Under this scheme, registered construction workers in Rajasthan who have secured employment in foreign countries are eligible for reimbursement of expenses incurred on obtaining the necessary visa and related documentation. \nUnder this scheme, a maximum amount of Rs.5000/- will be reimbursed from the circle level to the eligible beneficiary for reimbursement of the expenditure incurred for visa for the purpose of employment abroad.",
        "eligibility": "1. Applicant should be a resident of Rajasthan State.\n 2.Applicant should be registered as Construction Worker under labor laws.\n\nOther Conditions\n 1. For getting contract employment abroad, it is necessary to take permission for migration from the office of Protectors of Emigrants (POE) under the Migrant Act, 1983.\n 2. Registration of the recruiting agency under the Overseas Act or a valid permit from the POE office is necessary.\n 3. Reimbursement of visa amount under the above scheme will be payable on the beneficiary passport having a minimum validity of 6 months including valid visa.\n 4. Under the scheme, the benefit of assistance amount will be payable to the beneficiary only once.\n 5. During scrutiny of application and documents, if any facts found to be false resulting in the cancellation of eligibility, it will be the responsibility of the concerned beneficiary to deposit all the assistance amount sanctioned under the scheme along with interest.              \n 6. The benefit of this scheme will be payable only if the beneficiary is employed abroad, is in the building and other construction works.",
        "applicationProcess": "Online\nThe application will have to be submitted online by the beneficiary on the Board's online portal www.ldms.rajasthan.gov.in in the prescribed form.\nTime period for submission of application - After the date of publication of the notification, the registered beneficiary will have to submit the application within a maximum period of 3 months after obtaining a valid visa as per rules.\nThe approval under the scheme will be issued after the senior most officer of the local labor office or other officer authorized by the divisional secretary, test and complete satisfaction.\nThe assistance amount will be transferred through electronic means (RTGS / NEFT) to the candidate's bank account under the central banking system.",
        "documentsRequired": "1. Copy of the beneficiary registration identity card.\n2. Copy of the beneficiary Aadhaar card and Jan Aadhaar card.\n3. The first page of the beneficiary savings bank account passbook (which contains the name of the candidate, bank account number and IFS code to be mentioned).\n4. Copy of passport with visa.\n5. Copy of the employment contract issued by the foreign employer.\n6. Proof of amount deposited for Visa / Invoice / Invoice.\n7. Registration number of the recruiting agent and copy of the advertisement given for overseas employment.",
        "sourcesAndReferences": {
            "sourcesAndReferences": "https://www.myscheme.gov.in/schemes/asfrfevcsea#sources",
            "labourDepartmentWebsite": "https://labour.rajasthan.gov.in/Schemes.aspx#"
        },
        "Original Link": "https://www.myscheme.gov.in/schemes/asfrfevcsea"
    },
    {
        "schemeName": "Schedule Tribe Pre-Metric Scholarship Class 06 To 08",
        "details": "The Rajasthan government aims to provide educational opportunities to students belonging to Schedule Tribe student, specifically those studying in grades 6 to 8. \nThis program targets students from Schedule Tribe whose parents/guardians are not income taxpayers and not getting any other type of scholarship or allowance for study from central, state / public sources.",
        "benefits": "For Schedule Caste Boy Students Rs. 75/- per month.\nFor Schedule Caste Girl Students Rs. 125/- per month.",
        "eligibility": "The student should belong to the Scheduled Tribe category.\nThe student who is studying as a regular student in classes 6 to 8 in schools run by the Central Government, State Government, Municipalities and schools recognized by the Department of Education.\nStudents whose parents/guardians are not income taxpayers when they are not alive.\nThe student who is not getting any other type of scholarship or allowance for study from central, state / public sources.\nThe student who has not failed in the lower class in the last session. If he fails in any year's examination, his scholarship will be stopped, but if he fails in the same class in the next\nIf he passes the examination, he will be eligible for the scholarship in the new class from the next session. For this, the student will have to apply for a new scholarship again.\nStudents who are not living in hostels are run or aided by the Department of Social Justice and Empowerment.",
        "applicationProcess": "Online\nApplicant to log in to RajSSO Portal using his/her SSOID.\nIf SSOID is not available then the applicant to first register on RajSSO Portal to create SSOID and update SSO Profile at first login.\nAfter successful authentication/login and updation of the SSOID Profile and select the scheme name. \nSelect his/her name, the bank account and fill in personal details.\nUpload the required document.\nClicking the “SUBMIT” button.",
        "documentsRequired": "Aadhaar Card.\nAnnual Income Of The Parent / Guardian - Non-Tax Payee.\nJanaadhaar Card Details Of Family And Student.\nBank Details Linked With Janaadhaar Card Of Either The Family Head Or Student.\nCaste Certificate.\nBirth Certificate.",
        "sourcesAndReferences": {
            "sourcesAndReferences": "https://www.myscheme.gov.in/schemes/stpmsc#sources",
            "guidelines": "https://schemes.rajasthan.gov.in/scheme/detail/268"
        },
        "Original Link": "https://www.myscheme.gov.in/schemes/stpmsc"
    },
    {
        "schemeName": "Devnarayan Scooty Distribution And Incentive Scheme",
        "details": "To encourage girl students belonging to extremely backward classes to score maximum marks in class 12th examination conducted by the Rajasthan Board of Secondary Education/Central Board of Secondary Education and graduate/post graduate degree examinations conducted by the University, to develop the spirit of competition among them, to attract them for higher studies and Providing vehicle facility for higher education and providing financial support.",
        "benefits": "1500 scooties will be distributed free of cost every year according to the merit list of marks obtained in the 12th examination.\nThose are studying regularly in government colleges, state-funded universities, 12th (Senior Secondary) (girls who are not in the priority list of scooty acceptance) 10,000/- per annum in the first year, second year and third year.\nFor Postgraduate first-year (P.G. degree) students, 20,000/- per annum in the admission year and Rs. 20,000/- per annum in the second year of post-graduation will be given as an incentive amount on obtaining 50% or more marks in the first year of post-graduation.",
        "eligibility": "Girl students should be from extremely backward classes of Rajasthan origin.\nStudents have secured 50% or more marks in the 12th (C.S.) \nThe examination should be conducted by the Rajasthan Board of Secondary Education / Central Board of Secondary Education and have been admitted to Government Colleges, State Funded Universities located in Rajasthan. \nApplicants should be studying regularly after being admitted in the first year of their bachelor's degree. \nThe annual income of the student's parent/guardian/guardian/husband should be less than Rs.2.50 lakh.\nThe benefit of the Devnarayan Higher Education Financial Assistance Scheme / other financial assistance scheme will not be payable to the student who gets the benefit in this scheme.",
        "applicationProcess": "Online\nApplicants can apply online by visiting the official link portal.\nClick on the registration and select citizen. \nAnd choose the Jan Aadhaar or other option to continue. \nNow do register by providing the Jan Aadhaar Number and get the SSOID and password.\nLogin with SSOID, and select scheme.\nFill out the form and submit it.",
        "documentsRequired": "Applicant Domicile Certificate Copy.\nCollage Fee Receipt.\nCaste Certificate Copy.\nIncome Certificate Copy\nEducation Qualification Marksheet / Certificate Copy.\nBank Passbook Copy.\nAadhar Card Copy.\nJan Aadhar/Bhamashah Card Copy.",
        "sourcesAndReferences": {
            "sourcesAndReferences": "https://www.myscheme.gov.in/schemes/dsdais#sources",
            "details": "https://schemes.rajasthan.gov.in/scheme/detail/339",
            "registration": "https://sso.rajasthan.gov.in/register"
        },
        "Original Link": "https://www.myscheme.gov.in/schemes/dsdais"
    },
    {
        "schemeName": "Palanhar Scheme",
        "details": "Palanhar Yojana has been started by the state government to benefit the orphan children of the state. Under the Palanhar Yojana, arrangements for the upbringing, education, etc. of orphan children of the state or those whose parents have died will not be institutionalized, but in the family of the closest relative/acquaintance of the boys and girls within the society. Education, food, clothes, and other necessary facilities will be made available by the state in a family environment by making an interested person a foster.\n\nThis scheme is for different categories of boys/girls with special care and protection from 0 to 18 years of the state by the Government of Rajasthan. Arrangements for the care and upbringing of the boys/girls coming under this are made by a close relative/acquaintance within the family. The caretaker of the boys/girls has been appointed guardian. The government ensures the economic, social, and educational development of boys / girls and provides Monthly basis financial assistance.",
        "benefits": "Orphan Category :\nFor the age group (0 to 6 years) : Rs. 1500/- per month.\nFor the age group (6 to 18 years) : Rs. 2500/- per month.\nOther Category:\nFor the age group (0 to 6 years) : Rs. 500/- per month.\nFor the age group (6 to 18 years) : Rs. 1000/- per month.\nFor Books/Stationaries/Dress/Sweater/shoes etc: Rs. 2000/- per year.",
        "eligibility": "Orphan boy/girl.\nChildren of parents sentenced to death/life imprisonment under judicial orders.\nChildren of a widowed mother receiving a pension (maximum 3 children at a time).\nChildren of remarried widowed mothers.\nChildren of HIV/AIDS affected mother/father.\nChildren of parents suffering from leprosy.\nChildren of related mothers (Maximum 3 children at a time).\nChildren of specially-abled parents.\nChildren of divorced/abandoned women receiving the pension.\nChildren of parents suffering from silicosis.\nThe age of the child should be less than 18 years.\nIf Child age is 18 and still studying/staying in 12th class or lower class, then in such a situation such children will be given an additional one year ( The benefit can be provided till the age of 19 years). The said benefit will not be payable after the child completes 19 years of age or passes 12th class.\nThe certificate that the guardian is a native of Rajasthan state or has been residing in the state for more than three years.\nGuardian Family income should not be more than Rs. 1.20 Laks per annum.",
        "applicationProcess": "Online\nApplicants can apply online via e-mitra.\nClick on the login button.\nNew applicants can register or existing users can log in here. \nExisting users can process further with their SSOID and new users can register with their Jan-Aadhaar ID.\nProvide the required details.\nEnclosed required documents.\nSubmit",
        "documentsRequired": "Jan Aadhar/Bhamashah Card Copy.\nAadhar Card Copy.\nEducation Qualification Marksheet / Certificate Copy.\nCaste Category certificate.",
        "sourcesAndReferences": {
            "sourcesAndReferences": "https://www.myscheme.gov.in/schemes/ps#sources",
            "guidelines-1": "https://jankalyanfile.rajasthan.gov.in//Content/UploadFolder/Scheme/SJED/Palanhar/DOC_133_85941004-4f13-46da-b4f0-8c64f9ab5a10.pdf",
            "guidelines-2": "https://jankalyanfile.rajasthan.gov.in//Content/UploadFolder/Scheme/SJED/Palanhar/DOC_133_c28f7e3f-4c70-4a13-9607-71d3a7541338.pdf",
            "guidelines-3": "https://sje.rajasthan.gov.in/Default.aspx?PageID=89",
            "detail": "https://schemes.rajasthan.gov.in/scheme/detail/133",
            "guideline-4": "https://sje.rajasthan.gov.in/siteadmin/Uploads/202207071652526070.pdf"
        },
        "Original Link": "https://www.myscheme.gov.in/schemes/ps"
    }
]