[
    {
        "schemeName": "Free Bicycle Distribution to Students of Vimukt, Ghumantu and Ardhghumantu Communities",
        "details": "The \"Free Bicycle Distribution Scheme\" was launched by the Social Justice and Empowerment Department, Government of Rajasthan, for students belonging to the Denotified Tribes, Nomadic and Semi-Nomadic Tribes communities of Rajasthan. Under this scheme, free bicycles will be distributed to students from these communities who are studying in government and recognized private educational institutions/schools from Class 6 to Class 11, to facilitate their commute between home and school.",
        "benefits": "Free bicycle distribution to students studying in classes 6th to 11th in government and recognized private educational institutions. \nEqual distribution of benefits among boys and girls (50% boys and 50% girls).",
        "eligibility": "The applicant should be a native of Rajasthan.\nThe applicant should be a student.\nThe applicant should belong to one of the Denotified Tribes, Nomadic Tribes, or Semi-Nomadic Tribes as notified by the Government of Rajasthan.\nThe applicant should be studying in the 6th, 7th, 8th, 9th, 10th, or 11th class.\nThe applicant should be enrolled in a government or a private educational institution/school affiliated with the Rajasthan Board of Secondary Education, Ajmer .\nThe applicant should have secured 60% or more marks in the previous academic year.\nThe students who has already availed the benefit of this scheme once will not be eligible.\nNOTE:\nStudents belonging to a total of 32 communities (including 9 Denotified Tribes, 10 Nomadic Tribes, and 13 Semi-Nomadic Tribes) will be eligible as per Government Order No. F-1(1)(2)S.W/63 dated 24.02.1964, Annexure 'A'.",
        "applicationProcess": "Online\nApplication Process:\nStep 1: To avail of the benefits of the scheme, the applicant needs to contact their respective school.\nStep 2: Submit copies of all the mandatory documents (self-attested, if required) to the respective school.\nStep 3: The complete application process is managed by the school principal through the Shaladarpan Beneficiary module.\nStep 4: The school will visit the Shala Darpan, Rajasthan Portal.\nStep 5: Using the school's login credentials (Login ID and Password), the school will help the student to fill out and submit the application form. \nStep 6: The institution will forward the application to the concerned District Education Officer (Headquarters), Elementary or Secondary Education.\nPost-Application Process:\nStep 1: The District Education Officer will compile and forward all verified applications of the district to the Directorate of Secondary Education, Rajasthan, Bikaner.\nStep 2: Upon approval, bicycles will be distributed to the eligible students.",
        "documentsRequired": "Student’s Aadhaar Card or Jan Aadhaar Card\nCaste Certificate\nMarksheet\nNon-Judicial Affidavit",
        "sourcesAndReferences": {
            "sourcesAndReferences": "https://www.myscheme.gov.in/schemes/fbdsvgac#sources",
            "guidelines": "https://rajshaladarpan.rajasthan.gov.in/SD2/BSP/Home/ShowFile.aspx?oid=63d105de12a7f949a0e67697"
        },
        "Original Link": "https://www.myscheme.gov.in/schemes/fbdsvgac"
    },
    {
        "schemeName": "Mukhyamantri Hunar Vikas Yojana- Higher Education/Technical Education",
        "details": "The \"Mukhyamantri Hunar Vikas Yojana – Higher Education/Technical Education\" was launched by the Department of Social Justice and Empowerment, Government of Rajasthan, with the objective of providing technical or higher education to beneficiary boys and girls under the State Government’s Palanhar Scheme, to help them become self-reliant. The scheme aims to make every possible effort to ensure employment opportunities and a dignified livelihood for these beneficiaries upon completion of their higher or technical education.\nUnder this scheme, the State Government provides financial assistance to eligible boys and girls enrolled under the Palanhar Scheme to pursue higher or technical education, based on their qualifications and interest in employment-oriented courses.\nThe scheme is implemented by the Department of Social Justice and Empowerment, Rajasthan, at the state level and by the Deputy Director/Assistant Director, Department of Social Justice and Empowerment, at the district level.",
        "benefits": "Higher Education /Technical Education Benefits:\nFinancial assistance for career-oriented higher or technical education (graduation/post-graduation courses). \nMode of Disbursement:\nReimbursement of the actual course fee through bank account transfer.",
        "eligibility": "The applicant should be a beneficiary under the Palanhar Scheme of Rajasthan.\nThe applicant should have completed 15 years of age.\nThe applicant’s maximum age should not exceed 21 years or till course completion (whichever is earlier).\nThe applicant should be pursuing education from a university/college/technical educational institution recognized by the Government of India/State Government.\nFinancial assistance is applicable for regular higher or technical education at the graduate or postgraduate level.\nThe applicant should not be receiving any scholarships or grants for higher/technical education from the Central or State Government.",
        "applicationProcess": "Offline\nApplication Process:\nStep 1: The interested applicant downloads the application form from the official website. \nStep 2: In the application form, fill in all the mandatory fields and attach copies of all the mandatory documents (self-attested, if required).\nStep 3: Submit the duly filled and signed application form along with the documents to the Deputy Director/Assistant Director, Department of Social Justice and Empowerment, at the district level.\nStep 4: After verification, course fees will be reimbursed to the student’s bank account.\nNote: Apply for fee reimbursement within 3 months of admission.",
        "documentsRequired": "Passport-size Photo\nCopy of Jan Aadhaar Card\nCertificate of Educational Qualification (proof of the prescribed educational qualification for the relevant course)\nCopy of the Admission Letter (issued by the concerned institution for regular/higher education/technical education)\nCourse Fee Receipt (issued by the concerned institution for regular/higher education/technical education)\nCopy of the Bank Account Passbook",
        "sourcesAndReferences": {
            "sourcesAndReferences": "https://www.myscheme.gov.in/schemes/mhvs-hte#sources",
            "guidelines": "https://sje.rajasthan.gov.in/siteadmin/Uploads/202402231258279383.pdf",
            "applicationForm": "https://sje.rajasthan.gov.in/siteadmin/Uploads/202402231257087804.pdf"
        },
        "Original Link": "https://www.myscheme.gov.in/schemes/mhvs-hte"
    },
    {
        "schemeName": "Financial Help On Death Of Family Head",
        "details": "Financial help on death of family head scheme was launched by Rajasthan state government under tribal area development on 20/08/2008. \n₹10,000/- to the wife of the deceased on the premature death of the head of the family of Saharia primitive tribe. Financial assistance is provided so that the family does not face financial burden immediately after the death of the head of the family and his family can be helped.\n\nScheme Delivery Time :180 Days\nDesignated Officer of Scheme :ADDITIONAL DISTRICT MAGISTRATE\nFINANCIAL HELP ON DEATH OF FAMILY HEAD is implemented in the following District :Baran",
        "benefits": "Financial Assistance of ₹10,000 to the wife of the deceased head of the family is provided.",
        "eligibility": "1. The person must be from Sahariya Tribe (ST)",
        "applicationProcess": "Offline\nThe application form of the scheme can be obtained from and submitted to the Additional Collector and Project Officer, Shahbad.",
        "documentsRequired": "Death Certificate\nIdentity Proof : Aadhaar\nBank Passbook : Bank Passbook Photocopy\nAddress Proof : Ration card\nCaste Certificate",
        "sourcesAndReferences": {
            "sourcesAndReferences": "https://www.myscheme.gov.in/schemes/fhdfh#sources",
            "schemeDetails": "https://jaipur.rajasthan.gov.in/scheme/detail/484"
        },
        "Original Link": "https://www.myscheme.gov.in/schemes/fhdfh"
    },
    {
        "schemeName": "Rajasthan Chief Minister's Relief Fund - Kargil Package",
        "details": "The Rajasthan Chief Minister's Fund- Kargil Package is a government scheme that was launched in 1999 to support the families of soldiers from Rajasthan who were killed or disabled during the Kargil War. \n\nUnder this scheme, financial assistance is provided to the families of martyrs and disabled soldiers, including their children's education and medical treatment. The scheme also provides assistance to war widows and helps them become self-reliant by providing training and employment opportunities. The fund is managed by a committee headed by the Chief Minister of Rajasthan and includes senior government officials and representatives of ex-servicemen associations. The scheme is an initiative to honor the brave soldiers and their families who have sacrificed their lives for the country's safety and security.",
        "benefits": "In case of death due to accident from 18.02.2019, an amount of Rs 1 lakh to the dependent of the deceased.\nFrom 18.02.2019, in case of serious injury, assistance should be approved up to Rs 20,000 and keeping in view the seriousness of the injury to the ordinary injured.\nAssistance is payable only on applying within a maximum period of 6 months from the date of accident.\nIn case of death of a seriously injured person in an accident while undergoing treatment, assistance is given on applying within a period of 6 months from the date of death instead of the date of application.\nInformation of pending cases/ monthly information of revolving fund should be sent to Chief Minister’s Relief Fund on email- cmrf.cmo@rajasthan.gov.in by 10th of every month.",
        "eligibility": "Assistance is payable only on applying within a maximum period of 6 months from the date of accident.\nIn case of death of a seriously injured person in an accident while undergoing treatment, assistance is given on applying within a period of 6 months from the date of death instead of the date of application.\nInformation of pending cases/ monthly information of revolving fund should be sent to Chief Minister’s Relief Fund on email- cmrf.cmo@rajasthan.gov.in by 10th of every month.",
        "applicationProcess": "Offline\nVisit the official website of the Rajasthan Government http://cmrelief.rajasthan.gov.in/\nLook for the application form for the Kargil Package or contact the nearest Sainik Welfare and Resettlement Office for the application form.\nFill in the application form with all the required details, such as the name of the martyr or disabled soldier, the relationship with the soldier, bank account details, etc.\nAttach all the necessary documents, such as the death or disability certificate of the soldier, identity proof, bank account details, etc.\nSubmit the application form along with the required documents to the nearest Sainik Welfare and Resettlement Office or online, if available.\nThe committee will review the application and process it accordingly.\nIf the application is approved, the financial assistance will be provided to the applicant as per the scheme's guidelines.",
        "documentsRequired": "Application\nBattle Casualty Report\nCopy of the medical report of the injured (Mandatory).\nCopy of post mortem report in case of death (Mandatory) or\nIn case of mutilation of the dead body, the satisfaction certificate of the investigating officer (mandatory).\nCopy of FIR report (Mandatory).\nCopy of Ration Card.\nCopy of Aadhaar Card.\nCopy of first page of bank account passbook / canceled check or photocopy",
        "sourcesAndReferences": {
            "sourcesAndReferences": "https://www.myscheme.gov.in/schemes/rcmrf-kp#sources",
            "guidelines": "https://jankalyan.rajasthan.gov.in/#/scheme/detail/436"
        },
        "Original Link": "https://www.myscheme.gov.in/schemes/rcmrf-kp"
    },
    {
        "schemeName": "Ghar Ghar Aushodhi Yojana",
        "details": "Rajasthan government has planned a new scheme called Rajasthan Ghar Ghar Aushadhi Yojana to promote the use of Ayurvedic and medicinal herbs across the state. The state government is planning to implement the scheme to boost the immunity and defense system of the citizens of the state. Under this Rajasthan Ghar Ghar Aushadhi Yojana, medicinal plants like Tulsi, Ashwagandha, Giloy and Kalmegh will be distributed.",
        "benefits": "The main objective of the Rajasthan Ghar Ghar Aushadhi Yojana is to provide medicinal plants like Tulsi, Ashwagandha, Giloy and Kalmegh to everyone.\nIt aims to promote medicinal plants and their use in daily life\nIt aims to help people to boost their immunity, lead a healthy and disease-free life\nEach family will be provided 24 saplings over a period of 5 years\nThis Rajasthan Ghar Ghar Aushadhi Yojana will help in boosting a strong defence system which will lead to a good health for all and thus overall development in the state.",
        "eligibility": "Applicant must be a native of Rajasthan state.\nShould have Jan Aadhaar Card of Rajasthan Government.\nShould have enough space to plant.",
        "applicationProcess": "Offline\nApplicants have to contact Nagar Panchayat, Municipal Corporation and Municipality.\nPlants will be distributed through Nagar Panchayat, Municipal Corporation and Municipality. These medicinal plants will be given every year before the onset of monsoon.\nApplicants have to get a form and fill it out with the required details.\nApplicants must have the Jan Aadhaar details to get the benefits.\nSubmit the form with the required details and documents to the same department.",
        "documentsRequired": "Jan-Aadhaar ID. \nPhotograph.\nLand Proof.",
        "sourcesAndReferences": {
            "sourcesAndReferences": "https://www.myscheme.gov.in/schemes/ggay#sources",
            "guidelines": "https://jankalyanfile.rajasthan.gov.in//Content/UploadFolder/Scheme/FOR_/GGAY/BeneficiaryPdf_783_34d44cea-Be48-4fb8-8626-Edf6963f9ff9.Pdf",
            "details-1": "https://jankalyanfile.rajasthan.gov.in//Content/UploadFolder/PhotoVideoGallery/2022/685b4c39-3f42-4fc7-bd46-2b0104e05470.pdf",
            "details-2": "https://jankalyan.rajasthan.gov.in/#/scheme/detail/783"
        },
        "Original Link": "https://www.myscheme.gov.in/schemes/ggay"
    },
    {
        "schemeName": "Assistance Scheme For Construction Worker In Case Of General Or Accidental Death Or Injury",
        "details": "The Assistance to Construction workers in case of injury or death or accident is a scheme implemented in the state of Rajasthan to provide financial assistance to construction workers and their families in case of an accident resulting in injury or death. Under this scheme, a compensation of up to Rs. 3 lakhs is provided in case of permanent disability or accidental death of a registered construction worker. Additionally, medical expenses are covered for the treatment of injuries sustained during an accident at the construction site.\n\nTo be eligible for this scheme, the construction worker must be registered with the Construction Workers Welfare Board in Rajasthan. The scheme aims to provide financial assistance and support to construction workers and their families during times of distress and help them cope with the financial burden of medical expenses and loss of income due to the accident.",
        "benefits": "In case of normal death or accident (death or injury) of the beneficiary construction worker assistance amount will be given as follows :-\nRs. 5,00,000/- in case of death due to accident\nRs.3,00,000/- in case of permanent total disability due to accident\nRs 1,00,000/- for partial permanent disability due to an accident.\nUp to Rs.20,000/- in case of serious injury in an accident\nUp to Rs.5000/- for minor injuries in an accident\n75,000/- in case of normal death of construction worker",
        "eligibility": "1. Applicant should be a Resident of Rajasthan State.\n2. Construction workers in the age group of 18 to 60 years will be eligible for this scheme.\n3. Applicant should be registered as Construction Worker under labor laws.\n No assistance shall be payable in the event of death or injury caused by suicide or by consumption of drugs or substances or in case of death or injury caused by assault on one another in contravention of law for the purpose of committing an offence.",
        "applicationProcess": "Offline\nIn case of death of the beneficiary construction worker, his nominee/successor and in case of injury, the beneficiary himself will apply to the concerned district labor office.\nIn case of death, the dependent / nominee to whom the assistance amount is payable, will have to submit an affidavit to the effect that the amount received will be used for all the dependents of the deceased beneficiary.\nIn case of death of the beneficiary, applications for getting assistance will be acceptable within a maximum period of one year from the date of death\nIn the event of the beneficiary being injured in an accident, the application for getting assistance can be made within a maximum of 6 months from the date of the accident or the date of discharge from the hospital.",
        "documentsRequired": "1. Aadhaar Card and Jan Aadhaar Card.\n2. Labor Card.\n3. Death Certificate (in case of death by accident).\n4. Medical examination report and police report (in case of disability due to accident).\n5. Bank details.",
        "sourcesAndReferences": {
            "sourcesAndReferences": "https://www.myscheme.gov.in/schemes/asfcw#sources",
            "labourDepartmentWebsite": "https://labour.rajasthan.gov.in/Schemes.aspx"
        },
        "Original Link": "https://www.myscheme.gov.in/schemes/asfcw"
    },
    {
        "schemeName": "Kantedar Tarbandi Yojana",
        "details": "The Taarbandi Scheme for Fields was launched on July 21, 2017, under the auspices of the Agriculture Department of the Rajasthan government. The primary objective of this scheme is to safeguard farmers' crops from damage caused by stray animals. Many farmers face crop losses due to the intrusion of such animals into their unfenced fields, particularly those who lack the financial means to secure their land. To address this issue, the Rajasthan Taarbandi Scheme was introduced, offering financial assistance to farmers across the state for the installation of fencing around their fields. This initiative aims to enable farmers to protect their crops effectively by erecting barbed wire enclosures around their fields.\n\nPriority \nScheduled Caste 17.83 percent,\nScheduled Caste 13.48 percent,\nWomen category farmers will be given priority for 30.0 percent participation.",
        "benefits": "Subsidy amount:\nSmall and marginal farmers: 60% of the total cost, capped at ₹48,000/-.\nOther farmers: 50% of the total cost, capped at ₹40,000/-.\nCommunity application (group of 10+ farmers with min. 5 hectares collectively): 70% of the total cost, capped at ₹56,000/- per farmer .\nLand covered: \nUp to 400 meters of fencing per farmer.",
        "eligibility": "This scheme is available to all categories of farmers.\nFor individual farmers and farmer groups, the applicant must possess a minimum of 1.5 hectares of land at a single location.\nIn Scheduled Tribe areas, a minimum of 0.5 hectares of land at one location is required.\nFor community applications, a group comprising 10 or more farmers must collectively own a minimum of 5 hectares of land.\nAdditionally, the boundaries of the group's land must fall within the specified perimeter.",
        "applicationProcess": "Online\nRegistration\nStep-1: Applicant have to visit the official portal. \nStep-2: Click on the option “Register”.\nStep-3: Then you will be redirected to the SSO registration page. The registration page will appear with the following options.\n  Citizen\nStep-4: Choose the either one option from  the Jan Aadhaar Or Google to process further.\nJan Aadhaar : Enter the Jan Aadhaar number, click on the ‘Next’ button,\nSelect your name, the name of the head of the family and all the other members and \nClick on the ‘Send OTP’ button. Enter the ‘OTP’ and \nClick on the ‘Verify OTP’ button to Complete the registration. \nGoogle : Enter the Gmail ID, click on the ‘Next’ button, \nEnter the password.\nA new link appear on screen, now click on the new SSO link.\nSSO id will appear on the screen, now create the password.\nEnter Mobile number, click on registration.\nStep-5: Submit.\n\nAPPLY\nStep-1: Applicant have to visit the official portal. \nStep-2: After login, dashboard will open.\nStep-3: Click on “ RAJ-KISAN ” option. \nStep-4: In \"Farmer\", click on \"Application Entry Request\".\nStep-5: Enter the \"Bhamashah ID\" or \"Janaadhaar ID\" and search.  \nStep-6: Select the person name and scheme name. \nStep-7: Complete the Aadhaar Authentication and click on Get details. \nStep-8: Provide the required details.\n            - Pensioner Details.\n            - Bank Details.\n            - Disability Details.\n            - Verification Details.\n            - Upload Documents.\nStep-9: Submit.",
        "documentsRequired": "Aadhar card.\nAddress proof.\nIdentity card.\nLand related documents.\nRation card.\nMobile number.\nPassport size photo.",
        "sourcesAndReferences": {
            "sourcesAndReferences": "https://www.myscheme.gov.in/schemes/kkt#sources",
            "guidelines": "https://familyid.in/wp-content/uploads/2023/12/guideline_subsidy_for_barbed_wire_fencing.pdf",
            "schemeDetails": "https://rajkisan.rajasthan.gov.in/Rajkisanweb/Kisan",
            "registration": "https://sso.rajasthan.gov.in/register",
            "login": "https://sso.rajasthan.gov.in/signin"
        },
        "Original Link": "https://www.myscheme.gov.in/schemes/kkt"
    },
    {
        "schemeName": "Mukhyamantri Kanyadaan Yojana",
        "details": "Mukhyamantri Kanyadaan Yojna is a scheme launched by the Rajasthan Government to promote the marriage of girls from economically weaker sections of society. Under this scheme, the government provides financial assistance to eligible families for the marriage of their daughters.\nThe scheme aims to empower girls and their families by providing financial support for their marriage and ensuring that they do not face any financial burden. The scheme provides an assistance amount of ₹40,000 to the eligible families to cover the expenses related to the marriage, including jewelry, clothes, and other related expenses.\nTo be eligible for the scheme, the bride's family must be a resident of Rajasthan, and the bride should be 18 years of age or older. The family's annual income should be less than ₹ 2.5 lakh, and they should not have any other source of income. The bride should also have completed her 10th-standard education.\nOverall, Mukhyamantri Kanyadaan Yojna aims to promote the welfare of girls from economically weaker sections of society and ensure that they are not deprived of their right to marry due to financial constraints.",
        "benefits": "The implementation of this scheme will be reviewed at the district level and a committee meeting will be held every 3 months.\nThe state government will provide financial assistance of ₹ 31,000 to ₹ 41,000 to the eligible beneficiaries at the time of the girl's marriage.\nUnder this scheme, a provision of savings of about ₹24 crore has been approved.\nIf the girls of the state pass 10th then the government will provide an amount of ₹41 thousand at the time of their marriage.\nIf the girls of the state pass 12th then the government will provide an amount of ₹51 thousand at the time of their marriage.",
        "eligibility": "This scheme is specifically for Divyang and Women that belong to following :\nBPL family belonging to the Scheduled Tribe category\nMinority category BPL families\nSpecially Qualified Individuals (Not Income Tax Payers)\nA female player (if self-married) who fulfills the prescribed criteria as per the circulars issued by the Personnel Department. Self or parents are not income taxpayers.\nBeneficiary in Palanhar Yojana.",
        "applicationProcess": "Online\nRegistration\nStep-1: Applicant have to visit the official portal. \nStep-2: Click on the option “Register”.\nStep-3: Then you will be redirected to the SSO registration page. The registration page will appear with the following options.\n  Citizen\nStep-4: Choose the either one option from  the Jan Aadhaar Or Google to process further.\nJan Aadhaar : Enter the Jan Aadhaar number, click on the ‘Next’ button,\nSelect your name, the name of the head of the family and all the other members and \nClick on the ‘Send OTP’ button. Enter the ‘OTP’ and \nClick on the ‘Verify OTP’ button to Complete the registration. \nGoogle : Enter the Gmail ID, click on the ‘Next’ button, \nEnter the password.\nA new link appear on screen, now click on new SSO link.\nSSO id will appear on screen, now create the password.\nEnter Mobile number, click on registration.\n Apply \nStep-1: Applicant have to visit the official portal. \nStep-2: After login, dashboard will open.\nStep-3: Click on “IFMS-RAJSSP” option. \nStep-4: In \"IFMS-RAJSSP\", click on \"Application Entry Request\".\nStep-5: Enter the \"Bhamashah Family ID\" and search.  \nStep-6: Select the person name and scheme name. \nStep-7: Complete the Aadhaar Authentication and click on get details. \nStep-8: Provide the required details.\n            - Pensioner Details.\n            - Bank Details.\n            - Disability Details.\n            - Verification Details.\n            - Upload Documents.\nStep-9: Submit.",
        "documentsRequired": "Caste Certificate Copy*\nAadhar Card Copy*\nAddress Proof Copy*\nBank Passbook Copy*\nBirth Certificate Copy* : Age proof\nDeath Certificate Copy* : In case of widow women\nIncome Certificate Copy* : In case of widow/Palanhar/Divyang\nEducation Qualification Marksheet / Certificate Copy*\nMarriage Certificate Copy*\nJan Aadhar/Bhamashah Card Copy*\nPassport Size Photo*\nRation Card Copy*\nVoter ID Copy*",
        "sourcesAndReferences": {
            "sourcesAndReferences": "https://www.myscheme.gov.in/schemes/mky#sources",
            "guidelines": "https://jankalyanfile.rajasthan.gov.in//Content/UploadFolder/Scheme/SJED/kanyadan/DOC_128_9153b445-1c0e-45ea-8e46-b1bc5a5a8d06.pdf",
            "schemeDetails": "https://schemes.rajasthan.gov.in/scheme/detail/128",
            "registration": "https://sso.rajasthan.gov.in/register"
        },
        "Original Link": "https://www.myscheme.gov.in/schemes/mky"
    },
    {
        "schemeName": "Krishi Yantra",
        "details": "The Krishi Yantra Scheme under the Agriculture Department of the Rajasthan government has decided to start the Agricultural Machinery Subsidy Scheme for the convenience of farmers. In this scheme, if the farmer purchases farming equipment from an authorized dealer, then the state government gives a subsidy to the farmers which is 40% of the total price. Up to 50% subsidy is given to government farmers.\n\nPayment of grant\nPhysical verification of the instrument will be done by the Agriculture Supervisor/Assistant Agriculture Officer.\nPurchase bill will have to be presented at the time of verification.\nThe grant will be paid online into the farmer's bank account.",
        "benefits": "Grant Details : Details of grant payable scheme-wise and category-wise of instruments\n\nS. No. Mechanization (Tractor/Power Operated Equipment) Horsepower Range SC/ST/small/marginal and women farmers Other category farmers\n1 Seed drill/seed cum fertilizer drill 20 B.H.P. With a capacity of less than 35 B.H.P. to a capacity of more than 50 percent of the price or maximum ₹15,000-₹28,000 whichever is less.. 40 percent of the price or maximum ₹12,000-₹22,400, whichever is less.\n2 Disc Plough/Disc Harrow 20 B.H.P. ( Brake Horse Power) With a capacity of less than 35 B.H.P. to a capacity of more than 50 percent of the value or maximum ₹20,000-₹50,000 whichever is less 40 percent of the price or maximum ₹16,000-₹40,000, whichever is less\n3 Rotovator 20 B.H.P. With a capacity of less than 35 B.H.P. to a capacity of more than 50 percent of the price or maximum ₹42,000-₹50,400. Whichever is less 40 percent of the price or maximum ₹34,000-₹40,300, whichever is less. \n4 Multi crop thresher 20 B.H.P. With a capacity of less than 35 B.H.P. to a capacity of more than 50 percent of the value or maximum ₹30,000-₹1,00,000. whichever is less. 40 percent of the value or maximum ₹25,000-₹80,000, whichever is less.\n5 Ridge Furrow Planter/ Multi Crop Planter/ Tractor Operated Ripper 20 B.H.P. With a capacity of less than 35 B.H.P. to a capacity of more than 50 percent of the value or maximum ₹30,000-₹75,000. Whichever is less 40 percent of the price or maximum ₹24,000-₹60,000, whichever is less.\n6 Chisel plow 20 B.H.P. With a capacity of less than 35 B.H.P. to a capacity of more than 50 percent of the price or maximum ₹10,000-₹20,000. Whichever is less 40 percent of the price or maximum ₹8,000-₹16,000, whichever is lower. \n\n\nThe limit of maximum grant on agricultural equipment mentioned above is the BHP of their tractor/power tiller/power driven equipment. Based on capacity.\n\nNote- \nSubsidy on all other approved agricultural machinery will be payable as per the provisions of Sub Mission on Agricultural Mechanization (SMAM).\nNFSM (Wheat and Pulses) Under the scheme, SMAM on agricultural equipment like Rotavator/Turbo Seeder, Multicrop Thresher, Seed Drill/Seed cum Fertilizer Drill, Disc Harrow/Disc Plow etc. The grant is payable as per the provisions of the scheme.",
        "eligibility": "Own agricultural land in his/her own name.\nIn case of undivided family, the applicant's name must be in the revenue record.\nFor tractor-operated agricultural implements, the tractor must be registered in the applicant's name.\nNot have received a grant for the same type of agricultural implement in the last three years.\nNot have received a grant for more than 3 different types of agricultural implements in a financial year.",
        "applicationProcess": "Online\nRegistration\nStep-1: Applicant have to visit the official portal. \nStep-2: Click on the option “Register”.\nStep-3: Then you will be redirected to the SSO registration page. The registration page will appear with the following options.\n  Citizen\nStep-4: Choose the either one option from  the Jan Aadhaar Or Google to process further.\nJan Aadhaar : Enter the Jan Aadhaar number, click on the ‘Next’ button,\nSelect your name, the name of the head of the family and all the other members and \nClick on the ‘Send OTP’ button. Enter the ‘OTP’ and \nClick on the ‘Verify OTP’ button to Complete the registration. \nGoogle : Enter the Gmail ID, click on the ‘Next’ button, \nEnter the password.\nA new link appear on screen, now click on new SSO link.\nSSO id will appear on screen, now create the password.\nEnter Mobile number, click on registration.\nStep-5: Complete the registration process.\nApply\nStep-1: Applicant have to visit the official portal. \nStep-2: After login, dashboard will open.\nStep-3: Click on “ RAJ-KISAN ” option. \nStep-4: In \"Citizen\", click on \"Application Entry Request\".\nStep-5: Enter the \"Bhamashah Family ID\" or \"Jan Aadhaar\" and search.  \nStep-6: Select the person name and scheme name. \nStep-7: Complete the Aadhaar Authentication and click on Get details. \nStep-8: Provide the required details.\n            - Pensioner Details.\n            - Bank Details.\n            - Disability Details.\n            - Verification Details.\n            - Upload Documents.\nStep-9: Submit.",
        "documentsRequired": "Aadhar Card / Jan Aadhar Card,\nCaste certificate, \nCopy of tractor registration certificate (R.C.) (mandatory for tractor-driven equipment).",
        "sourcesAndReferences": {
            "sourcesAndReferences": "https://www.myscheme.gov.in/schemes/ky#sources",
            "guidelines": "https://rajkisan.rajasthan.gov.in/Rajkisanweb/Kisan",
            "registration": "https://sso.rajasthan.gov.in/register",
            "logIn": "https://sso.rajasthan.gov.in/signin"
        },
        "Original Link": "https://www.myscheme.gov.in/schemes/ky"
    },
    {
        "schemeName": "Naye Fal Bagicho Ki Sthapana",
        "details": "The \"Naye Fal Bagecho Ki Sthapana\" under the Agriculture Department of the Rajasthan government Increases farmers' income by facilitating the cultivation of high-value fruit crops that have a potentially higher market demand and profitability compared to traditional crops. Extend financial support and subsidies to smallholder farmers to facilitate the establishment of new orchards, enabling them to access resources and inputs required for fruit cultivation.\n\nImportant points\nIt will be mandatory to install drip plants in gardens. Fruit plants will be made available to the farmers only after the establishment of the drip plant.\nFarmers of tribal areas will be exempted from the requirement of a drip irrigation system if they plant gardens in less than 0.4-hectare area.\nNHB for the establishment of fruit orchards. The subsidy will be given on purchasing saplings from Accredited Nursery/Ramhans Nursery/Government Undertaking/Agricultural Universities/Agriculture Colleges/Semi-Government, Government of India institutions/Research Centers/Farm or any other government institution and planting a garden.\nAfter physical verification, the grant amount will be paid directly into the farmer's bank account.",
        "benefits": "For high-value and common interval crops, the maximum grant amount is 50% of the unit cost, up to a maximum of Rs. 30,000/- per hectare.\nFor intensive horticultural orchards, the maximum grant amount is 40% of the unit cost, up to a maximum of Rs. 40,000/- per hectare.\nA farmer will be given a grant for a minimum of 0.4 hectares and a maximum of 4.0 hectares area.\nSmall/marginal farmers are eligible for an additional 25% grant.",
        "eligibility": "The applicant should be a farmer.\nThe applicant should be a native of Rajasthan.\nThe applicant must have agricultural land ownership and irrigation sources.\nFarmers with land between 0.4 and 4 hectares are eligible for the grant.\nFor Scheduled Caste/Tribe farmers and tribal areas, the minimum area limit is 0.2 hectares.",
        "applicationProcess": "Online\nRegistration\nStep-1: Applicant have to visit the official portal. \nStep-2: Click on the option “Register”.\nStep-3: Then you will be redirected to the SSO registration page. The registration page will appear with the following options.\n  Citizen\nStep-4: Choose the either one option from  the Jan Aadhaar Or Google to process further.\nJan Aadhaar : Enter the Jan Aadhaar number, click on the ‘Next’ button,\nSelect your name, the name of the head of the family and all the other members and \nClick on the ‘Send OTP’ button. Enter the ‘OTP’ and \nClick on the ‘Verify OTP’ button to Complete the registration. \nGoogle : Enter the Gmail ID, click on the ‘Next’ button, \nEnter the password.\nA new link appear on screen, now click on new SSO link.\nSSO id will appear on screen, now create the password.\nEnter Mobile number, click on registration.\nStep-5: Complete the registration process.\n\nApply\nStep-1: Applicant have to visit the official portal. \nStep-2: After login, dashboard will open.\nStep-3: Click on “ RAJ-KISAN ” option. \nStep-4: In \"Farmer\", click on \"Application Entry Request\".\nStep-5: Enter the \"Bhamashah ID\" or \"Janaadhaar ID\" and search.  \nStep-6: Select the person's name and scheme name. \nStep-7: Complete the Aadhaar Authentication and click on Get details. \nStep-8: Provide the required details.\n            - Pensioner Details.\n            - Bank Details.\n            - Disability Details.\n            - Verification Details.\n            - Upload Documents.\nStep-9: Submit.",
        "documentsRequired": "Aadhar Card / Janadhar Card\nCopy of Jamabandi (not more than six months old).\nPassport-size photo.\nCopy of Bank Passbook.",
        "sourcesAndReferences": {
            "sourcesAndReferences": "https://www.myscheme.gov.in/schemes/nfbks#sources",
            "guidelines": "https://rajkisan.rajasthan.gov.in/Rajkisanweb/Kisan",
            "registration": "https://sso.rajasthan.gov.in/register",
            "login": "https://sso.rajasthan.gov.in/signin"
        },
        "Original Link": "https://www.myscheme.gov.in/schemes/nfbks"
    }
]