[
    {
        "schemeName": "Motorized Tricycle Yojana",
        "details": "The \"Motorized Tricycle Yojana\" is a scheme implemented by the Department of Social Justice and Empowerment, Government of Rajasthan. Under this scheme, motorized tricycles are provided to eligible applicants for purposes such as self-employment and pursuing higher education from Senior Higher Secondary onwards. To be eligible for the scheme, the applicant must be a resident of Rajasthan, a specially-abled person with 50% or more locomotor disability, and possess driving experience along with a valid driving license.",
        "benefits": "Under this scheme, beneficiaries will receive a motorized tricycle free of cost to support self-employment and higher education from the Senior Secondary level onwards.",
        "eligibility": "The applicant must be a native of Rajasthan.\nThe applicant should be self-employed or a student pursuing senior higher secondary education. \nThe applicant must have a 50% or more locomotor disability.\nThe annual family (parents/guardians including applicant's income, if any) income should not exceed ₹2,50,000/-.\nThe applicant's age must be 18 years or older.\nThe applicant must have prior experience in operating a vehicle and hold a valid driving license.",
        "applicationProcess": "Offline\nStep 1: The interested applicant should visit the office of the District Social Justice & Empowerment Department and request a copy of the application form from the staff exclusively entrusted to issue and collect filled-in applications.\nStep 2: In the application form, fill in all the mandatory fields and attach copies of all the mandatory documents (self-attest, if required).\nStep 3: Submit the duly filled and signed application form along with the documents to the District Social Justice & Empowerment Department.\nStep 4: Request a receipt or acknowledgment from the District Social Justice & Empowerment Department to whom the application has been submitted. Ensure that the receipt contains essential details such as the date and time of submission and a unique identification number (if applicable).",
        "documentsRequired": "Identity Proof\nProof of age\nDomicile Certificate\nDisability Certificate\nDriving License\nIncome Certificate\nAny Other Document if Required",
        "sourcesAndReferences": {
            "sourcesAndReferences": "https://www.myscheme.gov.in/schemes/mts#sources",
            "schemeDetails": "https://sje.rajasthan.gov.in/Default.aspx?PageID=139",
            "guidelines": "https://sje.rajasthan.gov.in/Schemes/MotorisedTriCycleScheme.pdf"
        },
        "Original Link": "https://www.myscheme.gov.in/schemes/mts"
    },
    {
        "schemeName": "Economic Help To Tribal Girls For Higher Education (College Level)",
        "details": "In order to encourage tribal girl students of Rajasthan state to study in higher education and to promote girl education, financial assistance is provided to tribal girl students for higher education (college level).",
        "benefits": "Annual financial assistance of Rs. 5,000/- is provided for 10 months at the rate of Rs.500/- per month.",
        "eligibility": "The girl student should belong to the tribal class of Rajasthan.\nThe girl student should be regularly studying general education in a private/government college.\nThe parent/guardian/guardian/husband of the student should not be an income taxpayer.\nAfter passing the board examination, there should not be any gap in the continuous study of the student applying for the scheme.\nThe student who is studying by living in a hostel run by the government. They will not be entitled to benefit under the said scheme.\nMust have Vaidya Bhamashah card and Aadhaar card.\nThe girl student should be a native of Rajasthan.",
        "applicationProcess": "Online\nApplicant to log in to RajSSO Portal using his/her SSOID.\nIf SSOID is not available then the applicant to first register on RajSSO Portal to create SSOID and update SSO Profile at first login.\nAfter successful authentication/login and updation of the SSOID Profile and select the scheme name. \nSelect his/her name, the bank account and fill in personal details.\nUpload the required document.\nClick the “SUBMIT” button.",
        "documentsRequired": "Aadhaar Card. \nAnnual Income Of The Parent / Guardian - Non-Tax Payee. \nJanaadhaar Card Details Of Family And Student. \nBank Details Linked With the Janaadhaar Card Of Either The Family Head Or Student. \nCaste Certificate.\nBirth Certificate.",
        "sourcesAndReferences": {
            "sourcesAndReferences": "https://www.myscheme.gov.in/schemes/ehttg#sources",
            "guidelines": "https://schemes.rajasthan.gov.in/scheme/detail/451",
            "registration": "https://sso.rajasthan.gov.in/register"
        },
        "Original Link": "https://www.myscheme.gov.in/schemes/ehttg"
    },
    {
        "schemeName": "Widow B.Ed Scheme-Rajasthan",
        "details": "The state government of Rajasthan reimburses the course fees for B.Ed. in teacher training institutions for widows or abandoned women who enroll in the program, providing them with much-needed support.",
        "benefits": "Financial Assistance : ₹17,880 (Fee Reimbursement).",
        "eligibility": "It is mandatory for the candidate to be of Rajasthan origin. \nOnly women taking B.Ed training will be made beneficiaries.\nApplicants must be regular students of the B.Ed training program from any government and recognized private institute in Rajasthan.\nIt is necessary for the beneficiary woman to be divorced and abandoned.\nWomen who have obtained a B.Ed degree earlier by taking admission in B.Ed course will be ineligible.\n75 percent attendance of women in the concerned institute will be mandatory.\nThe female candidate should not be a beneficiary of any other scholarship or equivalent scheme of the Government.",
        "applicationProcess": "Online\nApplicants have to visit the official portal.\nIf applicants are not registered users, they need to click on register and complete the registration process.\nIf Applicants are already registered users, they need to click on login with their SSOID & password.\nFill out the application form.\nProvided the required documents.\nSubmit.",
        "documentsRequired": "Aadhar Card Copy\nAddress Proof Copy\nBank Passbook Copy\nDivorce Certificate Copy\nDeath Certificate Copy\nDomicile Certificate Copy\nEducation Qualification Marksheet / Certificate Copy\nFee Receipt\nJan Aadhar/Bhamashah Card Copy",
        "sourcesAndReferences": {
            "sourcesAndReferences": "https://www.myscheme.gov.in/schemes/wbedrj#sources",
            "guidelines": "https://jankalyanfile.rajasthan.gov.in//Content/UploadFolder/Scheme/College_Education/widow/DOC_175_e0b64382-045a-4562-9c5a-437cf9e694d3.pdf",
            "details": "https://schemes.rajasthan.gov.in/scheme/detail/175"
        },
        "Original Link": "https://www.myscheme.gov.in/schemes/wbedrj"
    },
    {
        "schemeName": "Financial assistance to Meritorious Scheduled Tribe Students who have Passed First Division from Board and University",
        "details": "The \"Financial Assistance to Meritorious Scheduled Tribe Students Who Have Passed in First Division from Board and University\" scheme was launched by the Higher Education Department, Government of Rajasthan. The objective of the scheme is to motivate meritorious Scheduled Tribe students of Rajasthan who are pursuing regular courses in colleges to achieve first division. The scheme is being implemented by the Commissionerate of College Education, Rajasthan, Jaipur, from the financial year 2023–24.",
        "benefits": "A one-time financial incentive of up to ₹3,500/- will be provided to students, at the rate of ₹350/- per month for a maximum of ten months.\nNote: The incentive amount will be directly transferred to the student's bank account linked with their Jan Aadhaar through Direct Benefit Transfer (DBT).",
        "eligibility": "The applicant should be a student. \nThe applicant should have passed the 12th standard examination from the Madhyamik Shiksha Board/Central Board of Secondary Education with a first division, securing 60% or more marks.\nThe applicant should have secured at least 48% marks in the first year examination to be eligible for the incentive in the second year.\nThe applicant should have secured at least 48% marks in the second year examination to be eligible for the incentive in the third year.\nThe applicant should belong to the Scheduled Tribe category.\nThe applicant's parents/guardian/husband should not be income tax payers.\nThe student should be a native of Rajasthan.\nThere should be no gap in the applicant's studies after passing the board examination.\nThe applicant should be enrolled as a regular student in general education in a government college.\nStudents residing in government hostels are not eligible for benefits under this scheme.\nThe applicant must possess a Jan Aadhaar Card and an Aadhaar Card.",
        "applicationProcess": "Online - Via CSCs\nOnline\nStep 1: The applicant should gather copies of the necessary documents needed to apply for the concerned scheme.\nStep 2: The applicant should visit the nearest E-Mitra Center and complete the Biometric Verification Process.\nStep 3: The applicant should ensure that the E-Mitra Center agent completes all mandatory fields in the application form and uploads copies of all required documents.\nStep 4: Request a receipt or acknowledgment from the concerned authority to whom the application has been submitted. Ensure that the receipt contains essential details such as the date and time of submission, and a unique identification number (if applicable).",
        "documentsRequired": "Income Self-Declaration Form (certified by a competent authority, stating that the parents/guardians/caretakers of the students above the poverty line are not income tax payers)\nMarksheet Copy (previous class)\nFee Receipt (from the educational institution)\nJan Aadhaar Card\nAadhaar Card\nCaste Certificate\nBank Details\nAcademic Records\nDomicile Certificate/Residence proof\nAny other documents if required",
        "sourcesAndReferences": {
            "sourcesAndReferences": "https://www.myscheme.gov.in/schemes/bufdstmsfa#sources",
            "guidelines": "https://hte.rajasthan.gov.in/dept/dce/uploads/doc/ST_HE.pdf"
        },
        "Original Link": "https://www.myscheme.gov.in/schemes/bufdstmsfa"
    },
    {
        "schemeName": "Distance Education Scheme for Girls",
        "details": "The \"Distance Education Scheme for Girls\" scheme was launched by the Higher Education Department, Government of Rajasthan in 2022. It aims to provide distance education opportunities to girls and women who are unable to attend college or university regularly due to family or other reasons. Under this scheme, the fees for undergraduate, postgraduate, diploma, and certificate courses are reimbursed for girls from Rajasthan pursuing distance education.\nObjectives:\nTo support education of girl child in UG, PG, Diploma, Certificate courses under ODL (open and distance learning) by reimbursing fee.\nTo improve Gross Enrollment Ratio (GER) as well as the ratio of female and male proportional representation in higher education that is, Gender Parity Index (GPI).\nTarget Group:\nGirl students of Rajasthan who are admitted in courses under distance education mode in the state funded Universities/ State Government Institutes including IGNOU.\nState funded Universities of Rajasthan included under section 2(f) & and 12(B) of UGC Act and IGNOU are only allowed in the scheme.",
        "benefits": "Reimbursement of full course fees for distance Education in:\nUndergraduate (UG) courses\nPostgraduate (PG) courses\nDiploma courses\nCertificate and PG Diploma courses\nNote: No other additional grant will be payable.\nDuration of Fee Disbursement:\nAfter selection, the candidate's fee will be reimbursed on Direct Benefit Transfer (DBT) mode on annual basis on satisfactory academic performance of the student.\nThe fee reimbursement would be awarded from the date of joining the course as certified by the University/Institution.",
        "eligibility": "The applicant should be a girl student.\nThe applicant should be a native of Rajasthan.\nThe applicant should be enrolled in UG, PG, Diploma, Certificate or PG Diploma courses under distance education mode.\nThe applicant should be studying in a state-funded university or government institution in Rajasthan, including IGNOU (Indira Gandhi National Open University).\nThe applicant who is availing of other fee reimbursement in State Government Schemes during the same tenure is not eligible in this scheme. But these students will get reimbursement of difference amount of \"Existing Scholarship\" and \"Distance Education Scheme for Girls\".\nStudents holding prize/incentive scholarships are not excluded from applying for this scheme.\nNote: The student who is eligible for distance education course in Post Matric/Other Scheme of Social Justice Department, Govt. of Rajasthan will get fee reimbursement from the existing process of fee reimbursement under Social Justice Department/ Other Department. The student will not get fee reimbursement from SJE portal under the category \"DE-HE\".",
        "applicationProcess": "Online\nOnline - Via CSCs\nRegistration\nStep 1: Applicant have to visit the official portal. \nStep 2: Click on the option “Register”.\nStep 3: Then you will be redirected to the SSO registration page. The registration page will appear with the following options.\n  Citizen\nStep 4: Choose the either one option from  the Jan Aadhaar Or Google to process further.\nJan Aadhaar : Enter the Jan Aadhaar number, click on the ‘Next’ button,\nSelect your name, the name of the head of the family and all the other members and \nClick on the ‘Send OTP’ button. Enter the ‘OTP’ and \nClick on the ‘Verify OTP’ button to Complete the registration. \nGoogle : Enter the Gmail ID, click on the ‘Next’ button, \nEnter the password.\nA new link appear on screen, now click on new SSO link.\nSSO id will appear on screen, now create the password.\nEnter Mobile number, click on registration.\nApply\nStep 1: Applicant have to visit the official portal. \nStep 2: After login, dashboard will open.\nStep 3: Click on “DE-HE\" option.\nStep 4: Select \"Continue to RajSSP\". \nStep 5: Now click on \"Apply for Scheme\" on screen. \nStep 6: In this new page, will get a list of names of all the schemes, and click on the name of \"SCHOLARSHIP (SJE)\"\nStep 7: Fill out all relevant details. \nStep 8: Submit.\nRenewal Process:\nSubmit renewal application through the same portal after the academic year ends.\nStudents not promoted to the next level will lose eligibility for further reimbursement.\nChanging courses will forfeit fee reimbursement from the date of the change.",
        "documentsRequired": "Identity proof\nEducational Qualification Certificate \nJan Aadhaar Card\nProof of Admission\nFee Receipt\nBank Account Details\nPassport-sized Photograph\nIncome Certificate\nCaste Certificate, If applicable\nDomicile Certificate/Proof of residence in Rajasthan\nNon-judicial stamp of 100 Rupees (Not receiving any other scholarship from another department)\nAny Other Document if Required",
        "sourcesAndReferences": {
            "sourcesAndReferences": "https://www.myscheme.gov.in/schemes/desfg#sources",
            "guidelines": "https://hte.rajasthan.gov.in/files/uploads/sch_1429-2-4.pdf"
        },
        "Original Link": "https://www.myscheme.gov.in/schemes/desfg"
    },
    {
        "schemeName": "Urdu Scholarship- Rajasthan",
        "details": "The \"Urdu Scholarship\" scheme was introduced by the Higher Education Department, Government of Rajasthan, aims to promote the Urdu language by providing financial assistance to students who study Urdu as an optional subject. At the graduation level, the scholarship is exclusively available to girl students who have secured at least 50% marks in their qualifying examination and are studying Urdu as an optional subject. At the postgraduate level, both male and female students are eligible, provided they have passed their graduation or post-graduation examination with at least a second division and have opted for Urdu as a subject. It is mandatory for all applicants to study Urdu as an optional subject to be eligible for this scholarship.",
        "benefits": "A monthly scholarship of ₹100/- for students studying Urdu at the undergraduate level.\nA monthly scholarship of ₹150/- for students studying Urdu at the postgraduate level.",
        "eligibility": "The applicant should be a native of Rajasthan.\nAt graduation level, only female students are eligible.\nAt post-graduation level, both male and female students are eligible.\nThe applicant should be studying Urdu as an optional subject at the graduation or post-graduation level.\nFor graduation level applicants, a minimum of 50% marks in the previous qualifying examination is required.\nFor post-graduation level applicants, the student should have passed graduation/post-graduation with at least second division.\nIt is mandatory to study Urdu as a subject to receive the scholarship.\nThe scholarship is applicable only for those who are regularly enrolled in recognized colleges/universities.",
        "applicationProcess": "Offline\nApplication Process:\nStep 1: The applicant should download the application form from the official website.\nStep 2: In the application form, fill in all the mandatory fields and attach copies of all the mandatory documents (self-attest, if required).\nStep 3: Submit the duly filled and signed application form along with the documents to the related college. \nStep 4: Request a receipt or acknowledgment from the related college to whom the application has been submitted. Ensure that the receipt contains essential details such as the date and time of submission and a unique identification number (if applicable).\nNOTE: Incomplete or outdated applications will be rejected.\nPost Application Process:\nThe college will forward the application to the Higher Education Department, Rajasthan.\nRenewal Process:\nOnly those students who were sanctioned a new scholarship in the previous year are eligible for renewal. (Renewal Form)\nTo qualify, they must have secured at least 50% marks and passed in second division in their last examination.",
        "documentsRequired": "Passport-size Photo\nSecondary Examination Marksheet/Birth Certificate (self-attested copy)\nCaste Certificate (issued by relevant authority)\nAadhaar Card\nJan Aadhaar Card\nIncome Certificate\nCertified Copy of the Mark Sheet of the Previous Examination\nResident Certificate (issued by relevant authority)\nAdmission Form in the Prescribed Format (indicating date of admission)\nHostel Certificate (signed by the warden and attested by the Head of the Institution, (if applicable)\nPhotocopy of the Bank Passbook (indicating student’s name, account number, IFSC code, and bank details)",
        "sourcesAndReferences": {
            "sourcesAndReferences": "https://www.myscheme.gov.in/schemes/usr#sources",
            "guidelines": "https://hte.rajasthan.gov.in/scholarship/2301202102.pdf",
            "officialWebsite": "https://jansoochna.rajasthan.gov.in/",
            "applicationForm": "https://hte.rajasthan.gov.in/files/uploads/offline-forms.pdf",
            "applicationForm-New": "https://collegeeducation.rajasthan.gov.in/httpdocs/scholarships/sch_urdu_new.pdf",
            "applicationForm-Renewal": "https://collegeeducation.rajasthan.gov.in/httpdocs/scholarships/sch_urdu_renew.pdf"
        },
        "Original Link": "https://www.myscheme.gov.in/schemes/usr"
    },
    {
        "schemeName": "Assistance for Daughter's Marriage",
        "details": "The \"Assistance for Daughter's Marriage\" scheme, introduced by the Department of Sainik Welfare, Government of Rajasthan, aims to provide financial support to widows of ex-servicemen for their daughters' marriages. Under this scheme, financial assistance of ₹25,000/- per daughter is provided for a maximum of two marriageable daughters of widows of ex-servicemen up to the rank of Havaldar, who are not receiving the Marriage Grant from the Kendriya Sainik Board (KSB). The financial assistance, drawn from the Amalgamated Fund, is payable to the beneficiary upon applying within one year from the date of marriage.",
        "benefits": "Financial assistance of ₹25,000/- per daughter (up to two daughters) is provided.",
        "eligibility": "The applicant should be a native of Rajasthan.\nThe applicant should be the widow of an ex-serviceman of the rank of Havildar or below.\nThe assistance is available for a maximum of two daughters of the widow of an ex-serviceman.\nThe daughter should be at least 18 years of age at the time of marriage.\nThe daughter’s name should be duly recorded in the ex-serviceman’s discharge book or Part-2 order.\nThe applicant should possess a valid Ex-Serviceman/Widow Identity Card issued by the respective District Sainik Welfare Office.\nThe applicant should not have received marriage assistance for the same purpose from the Kendriya Sainik Board.\nThe application should be submitted within one year from the date of marriage to be eligible for assistance under this scheme.\nWidows of ex-servicemen who are classified as Battle Casualties or Physical Casualties (attributable cases) are not eligible under this scheme, as marriage assistance in such cases is provided by the Army Headquarters.\nIf the applicant is eligible for the Daughter Marriage Assistance Scheme run by the Kendriya Sainik Board for ex-servicemen, then financial aid from the Amalgamated Fund shall not be granted.\nThe benefit shall be extended only to the widow of an ex-serviceman who meets the definition of an ex-serviceman as prescribed by the Government of India.",
        "applicationProcess": "Offline\nApplication Process:\nStep 1: The interested applicant should visit the office of the District Sainik Welfare Officer and request a hard copy of the prescribed format of the application form from the staff exclusively entrusted to issue and collect filled-in applications.\nOR\nThe applicant should download the application form (Page No. 4) from the official website. \nStep 2: In the application form, fill in all the mandatory fields and attach copies of all the mandatory documents (self-attest if required).\nStep 3: Submit the duly filled and signed application form along with the documents to the District Sainik Welfare Officer. \nStep 4: Request a receipt or acknowledgment from the District Sainik Welfare Officer to whom the application has been submitted. Ensure that the receipt contains essential details such as the date and time of submission and a unique identification number (if applicable).\nNOTE:\nThe application must be submitted within one year of the marriage date.\nThe application should be made through the same District Sainik Welfare Officer from whom the ex-serviceman/widow's identity card was issued.\nPost-Application Process:\nStep 1: The District Sainik Welfare Officer will verify the application and documents.\nStep 2: Verified applications will be forwarded to the Director, Sainik Kalyan Vibhag, Rajasthan. A committee will review applications every six months.\nStep 3: If approved, the financial assistance will be transferred online to the applicant’s bank account.\nStep 4: The District Sainik Welfare Officer will inform the applicant about the payment status.",
        "documentsRequired": "Attested copy of the ex-serviceman's discharge book/Service Particulars\nEx-Serviceman Widow Identity Card (Valid Ex-Serviceman/Widow Identity Card issued by the District Sainik Welfare Office)\nAadhaar Card of the Widow\nProof of Residence\nMarriage Certificate\nPension Payment Order (PPO)\nAge Proof of Daughter\nProof of Daughter's Name in Official Records- Document showing the daughter's name recorded in the ex-serviceman’s Discharge Book or Part-II Order.\nUndertaking for Non-Receipt of Similar Assistance\nDeath Certificate of the ex-serviceman\nMarriage Invitation Card\nBank account details\nRecent passport-sized photographs of the applicant and the daughter\nAny other documents as required",
        "sourcesAndReferences": {
            "sourcesAndReferences": "https://www.myscheme.gov.in/schemes/afdm#sources",
            "guidelines": "https://sainikkalyan.rajasthan.gov.in/content/dam/doitassests/sainikwelfare/pdf/Amalgamatedfundschemes/Daughter%27s%20Marraige.pdf",
            "officialWebsite": "https://sainikkalyan.rajasthan.gov.in/content/raj/sainikwelfaresite/en/home.html",
            "applicationForm(pageNo.4)": "https://sainikkalyan.rajasthan.gov.in/content/dam/doitassests/sainikwelfare/pdf/Amalgamatedfundschemes/Daughter%27s%20Marraige.pdf",
            "schemeDetails": "https://sainikkalyan.rajasthan.gov.in/content/raj/sainikwelfaresite/en/welfare-schemes/welfare-schemes-from-amalgamated-fund.html"
        },
        "Original Link": "https://www.myscheme.gov.in/schemes/afdm"
    },
    {
        "schemeName": "Rajya Pratibha Khoj Pariksha Chhatravriti Yojana",
        "details": "The scheme \"Rajya Pratibha Khoj Pariksha Chhatravriti Yojana\" was implemented by the Secondary Education Department, Government of Rajasthan. Under this scheme, students are provided with scholarships or a one-time incentive for pursuing education up to the postgraduate level, after being selected through the State Talent Search Examination organized by the Board of Secondary Education Rajasthan, Ajmer.\nStudents studying in Classes 10 and 12 in all government schools, recognized private schools, and Swami Vivekanand Model Schools in the state, who have secured a minimum of 50% marks in Classes 9 and 11 respectively, are eligible to apply for the examination. Students selected through this examination will be entitled to the benefits provided under the scheme.",
        "benefits": "Type of Benefit: Scholarship and One-Time Incentive\nClass at the time of application No. of Selected Students & Basis of Selection Basis Scholarship Rate (For a period of 10 Months) One-Time Incentive (20 students in each)\nClass 10th 50 students (≥80% marks) ₹1,250/month (for Class 11-12) ₹4,000 for topper, ₹2,000 each for others\nClass 12th - Arts 50 students (≥80% marks) ₹2,000/month (for UG & PG) ₹4,000 for topper, ₹2,000 each for others\nClass 12th - Commerce 50 students (≥80% marks) ₹2,000/month (for UG & PG) ₹4,000 for topper, ₹2,000 each for others\nClass 12th - Science 50 students (≥80% marks) ₹2,000/month (for UG & PG) ₹4,000 for topper, ₹2,000 each for others\nNOTE:\nDirect Benefit Transfer (DBT) to the beneficiary’s bank account.\nMonthly (for up to 10 months per academic year).",
        "eligibility": "The applicant should be a native of Rajasthan.\nThe applicant should be a student currently enrolled in Class 10 or Class 12.\nThe student should be studying in a government school, a recognized private school, or a Swami Vivekanand Model School located in Rajasthan.\nFor Class 10 applicants, a minimum of 50% marks should have been secured in Class 9. For Class 12 applicants, at least 50% marks should have been obtained in Class 11.\nThe applicant should have appeared for and qualified in the State Talent Search Examination conducted by the Board of Secondary Education, Rajasthan.\nTo be considered for selection, the applicant should have scored a minimum of 80% marks in the Talent Search Examination.",
        "applicationProcess": "Online\nStep 1: To avail of the benefits of the scheme, the applicant needs to contact their respective school or college administration.\nStep 2: Submit copies of all the mandatory documents (self-attested, if required) to the school/college.\nStep 3: The school will visit the Shala Darpan, Rajasthan Portal.\nStep 4: Using the school's login credentials (Login ID and Password), the school will fill and submit the application form.",
        "documentsRequired": "Aadhaar Card Copy\nJan Aadhaar Card or Bhamashah Card Copy\nEducational Qualification Marksheet or Certificate Copy\nResidence proof\nAny Other Document if Required",
        "sourcesAndReferences": {
            "sourcesAndReferences": "https://www.myscheme.gov.in/schemes/rpkpcy#sources",
            "guidelines": "https://igrs.rajasthan.gov.in/scheme/detail/279"
        },
        "Original Link": "https://www.myscheme.gov.in/schemes/rpkpcy"
    },
    {
        "schemeName": "Technology Acquisition Assistance",
        "details": "The \"Technology Acquisition Assistance\" scheme has been introduced under the Rajasthan MSME Policy 2024 by the Department of Industries and Commerce, Government of Rajasthan. The scheme aims to support micro and small enterprises (MSEs) in the state in acquiring advanced technology or software related to their production/manufacturing processes. This assistance encourages efficiency, modernization, and competitiveness through measurable performance improvements. The scheme will remain in force until 31st March 2029.\nScheme Implementation\nThis scheme component will be implemented through the concerned District Industries & Commerce Centre (DICC) under the aegis of the Department of Industries & Commerce.\nThe Office of the Commissioner, Industries & Commerce will be the nodal agency for implementation and supervision at the state level.",
        "benefits": "One-time Reimbursement Assistance:\nUp to 50% of the cost incurred for technology/software acquisition.\nMaximum assistance limit: ₹5,00,000/- per unit.\nMSEs may acquire technology/software from premier national institutes like:\nIndian Institute of Science (IISc)\nIndian Institutes of Technology (IITs)\nNational Institutes of Technology (NITs)\nNational Institutes of Design (NIDs)\nCouncil of Scientific and Industrial Research (CSIR), OR\nOther institutions set up by Government of India/Government of Rajasthan.",
        "eligibility": "All Micro and Small Enterprises existing anywhere in Rajasthan will be required to comply with the following conditions to avail benefits under the scheme:\nThe enterprise will be required to have Udyam Registration Certificate (URC) as per MSME Development Act 2006.\nThe acquisition of technology can be in any form, including purchase of drawing and design/ plant/ machinery/ software etc.\nAcquired technology should be related to the production/ manufacturing process of the enterprise.\nThe applicant should clearly demonstrate improvement in performance due to technology acquisition. Mere purchase of machinery and technology will not be considered as technology acquisition.\nThe enterprise should be in commercial production at the time of disbursement and the assistance shall not be released to the closed unit.\nAcquisition of multiple machines of similar nature will not be entertained under the scheme. Only one machine will be eligible for the assistance under the scheme in such cases.\nThe improvement in performance due to technology acquisition can be demonstrated as follows:\nAn increase of at least 10% in Production Rate (Number of units produced/Total time taken); or\nA decrease of at least 5% in Cycle Time (Net Production Time/ Number of Units Produced); or\nA decrease of at least 2.5% in Rejection Rate (Number of units rejected/ Total number of units produced); or\nA decrease of at least 10% in waste generation (Quantity of waste generated/ Quantity of relevant raw material used)\nNote 1: Improvement in performance to be certified by Chartered Engineer.\nNote 2: The average values of the above-mentioned indicators calculated three (3) months prior to technology acquisition will be compared with the average values calculated three (3) months post the deployment & commissioning of technology to demonstrate the performance improvement.",
        "applicationProcess": "Offline\nApplication process for the reimbursement of the cost of acquisition of technology/software\nStep 1: The interested applicant downloads the application form (Annexure 3.1) from the official website. \nStep 2: In the application form, fill in all the mandatory fields, and attach copies of all the mandatory documents (self-attest, if required).\nStep 3: Submit the duly filled and signed application form along with the documents to the respective General Manager, District Industries & Commerce Centre (DICC).\nResubmit the Application:\nStep 1: The applicant enterprise would be required to submit the application after the acquisition and deployment of the technology from the Technology Institution.\nStep 2: The State Government would reserve the right to approve/partially approve or reject any of the application.\nPost Application Process\nStep 1: Evaluation of the application by GM, DICC, including the Chartered Engineer's certificate.\nStep 2: Approval & sanction by the District Level Task Force Committee (DLTFC).\nStep 3: Upon approval, an approval letter will be issued.\nStep 4: Disbursement of funds to the applicant’s registered bank account.",
        "documentsRequired": "Copy of Udyam Registration (UR) Certificate\nCertificate of Incorporation/Partnership Deed/Firm Registration or equivalent document related to incorporation of the enterprise\nBoard Resolution/Power of attorney in the name of Authorized Signatory\nCopy of MoU/other relevant document with the Institution for acquisition of technology\nJustification for technology acquisition/upgradation\nUndertaking/Declaration on non-judicial stamp paper as per (Annexure 3.2)\nBill/Invoice of the acquired technology\nProof of Payment\nCA certificate for details of expenditure incurred on acquisition of technology (Annexure 3.3)\nProof of regular Commercial Production (Recent Sale Bill)\nBank account details/Copy of cancelled cheque and PAN Card\nSelf-certified list of Existing Plant & Machinery with its original purchase value and depreciated value\nCertificate of Chartered Engineer certifying performance improvement as per (Annexure 3.4)",
        "sourcesAndReferences": {
            "sourcesAndReferences": "https://www.myscheme.gov.in/schemes/taa#sources",
            "guidelines(pageNo.22)": "https://jankalyanfile.rajasthan.gov.in//Content/UploadFolder/OrderEntry/ICOM/2025/Guidelines/O_030325_26f50adb-f7b4-4eb5-b94d-1e5e45451a85.pdf"
        },
        "Original Link": "https://www.myscheme.gov.in/schemes/taa"
    },
    {
        "schemeName": "Aapki Beti Yojana",
        "details": "The \"Aapki Beti Yojana\" scheme was launched by the School Education Department, Government of Rajasthan, to support girls in continuing their education in government schools from Class 1 to 12. Under the scheme, financial assistance of ₹2,100/- per year is provided to girls studying in Class 1 to 8 in government schools who belong to families living below the poverty line (BPL) and whose one or both parents have passed away. For girls studying in Class 9 to 12, the assistance is ₹2,500/- per year. The scheme is implemented by the Rajasthan Balika Shiksha Foundation.",
        "benefits": "Financial Assistance:\n₹2,100/- per annum for girl students in classes 1st to 8th.\n₹2,500/- per annum for girl students in classes 9th to 12th.\nMode of Disbursement:\nDirect Benefit Transfer (DBT) to the bank account linked with Jan Aadhaar of the family head or the girl child.",
        "eligibility": "The applicant should be a native of Rajasthan.\nThe applicant should be a girl student \nThe applicant should be studying in a government school in Rajasthan.\nThe applicant should be studying in classes 1st to 12th.\nThe applicant’s family should fall under the Below Poverty Line (BPL) category.\nThe applicant should have lost either one parent (single parent) or both parents.",
        "applicationProcess": "Online\nTo avail of the benefits of the scheme, the parents/guardians need to contact their respective government school.\nData Entry on Shala Darpan Portal:\nSchool authorities log in through the Shala Darpan School Login.\nNavigate to the \"Student\" tab and fill required details in Form-9.\nCategory Selection for Eligible Girls:\nUnder the “Mandatory Student Information for Beneficiary Schemes” section, select class-wise eligible girls under “BPL” and “Orphan/Single Parent” categories.\nBeneficiary Approval:\nVisit the Beneficiary Scheme Portal through School Login.\nSelect the appropriate scheme and approve and lock the displayed list of eligible girls.\nVerification by District Education Officer (DEO):\nLocked data is reflected on the DEO (primary/secondary) office login.\nDEO completes final verification using OTP-based approval.\nJan Aadhaar Verification:\nBefore submission, ensure that the girl’s Jan Aadhaar is verified on the Shala Darpan Portal, as funds are transferred via DBT.",
        "documentsRequired": "Passport size photo of the applicant\nIdentity proof of applicant\nEducational Certificates\nBPL Certificate\nDeath Certificate of Parent(s)\nJan Aadhaar Card of Family Head or the Girl\nBank Account Passbook linked with Jan Aadhaar\nAny Other Document if Required",
        "sourcesAndReferences": {
            "sourcesAndReferences": "https://www.myscheme.gov.in/schemes/aby#sources",
            "guidelines": "https://rajshaladarpan.rajasthan.gov.in/SD2/BSP/Home/ShowFile.aspx?oid=670104fd629122007438dba7"
        },
        "Original Link": "https://www.myscheme.gov.in/schemes/aby"
    }
]