[
    {
        "schemeName": "Mukhya Mantri Sarvajan Uchcha Shiksha Chhatravriti Yojana",
        "details": "The scheme \"Mukhyamantri Sarvajan Uchcha Shiksha Chhatravriti Yojana\" was launched by the Department of Social Justice & Empowerment, Government of Rajasthan. The main objective of this scheme is to provide financial assistance to students of all sections & castes of Rajasthan who are pursuing higher education in nationally recognized institutions. Under this scheme, 50% of the non-refundable institutional fees are reimbursed to eligible students studying in IITs, IIMs, and other premier institutions.",
        "benefits": "Financial Assistance:\nStudents receive 50% reimbursement of their non-refundable institutional fees (such as tuition, library, medical, and examination fees).\nDirect Benefit Transfer (DBT): \nThe scholarship amount is transferred directly to the student's bank account.\nAnnual Disbursement:\nThe scholarship is disbursed annually throughout the duration of the course.\nCovers Multiple Institutions: \nIncludes IITs, IIMs, NITs, AIIMS, and other national institutions listed in the scheme guidelines.",
        "eligibility": "The applicant should be a native of Rajasthan.\nThe annual income of the parent/guardian of the student/applicant from all sources (including the applicant’s own income, if any) should be less than ₹5,00,000/-.\nThe applicant should be enrolled in IITs, IIMs, NITs, AIIMS, or other national institutions listed under the scheme.\nThe applicant should not be availing of any other government scholarship for the same course.\nThe applicant should maintain academic performance as required for renewal of the scholarship.\nAn employee pursuing full-time studies while on leave without pay for the entire duration of the course will also be eligible for the scholarship.\nThe student studying outside Rajasthan in the listed national institutions are eligible.",
        "applicationProcess": "Online\nOnline - Via CSCs\nRegistration\nStep-1: Applicant have to visit the official portal. \nStep-2: Click on the option “Register”.\nStep-3: Then you will be redirected to the SSO registration page. The registration page will appear with the following options.\n  Citizen\nStep-4: Choose the either one option from  the Jan Aadhaar Or Google to process further.\nJan Aadhaar : Enter the Jan Aadhaar number, click on the ‘Next’ button,\nSelect your name, the name of the head of the family and all the other members and \nClick on the ‘Send OTP’ button. Enter the ‘OTP’ and \nClick on the ‘Verify OTP’ button to Complete the registration. \nGoogle : Enter the Gmail ID, click on the ‘Next’ button, \nEnter the password.\nA new link appear on screen, now click on new SSO link.\nSSO id will appear on screen, now create the password.\nEnter Mobile number, click on registration.\nApply\nStep-1: Applicant have to visit the official portal. \nStep-2: After login, dashboard will open.\nStep-3: Click on “IFMS-RAJSSP\" option.\nStep-4: Select \"Continue to RajSSP\". \nStep-5: Now click on \"Apply for Scheme\" on screen. \nStep-6: In this new page, will get a list of names of all the schemes, and click on the name of \"SCHOLARSHIP (SJE)\"\nStep-7: Fill out all relevant details. \nStep-8: Submit.",
        "documentsRequired": "For New Application:\nSelf-attested Passport-size Photo\nDomicile Certificate\n10th-grade Mark Sheet\nAdmission Certificate\nIncome Certificate\nDeath Certificate of parent/spouse, if applicable\nMarriage certificate, If applicable\nBank account details\nAny other documents if required\nFor Application Renewal:\nIncome Certificate (Issued by Competent Authority)\nAdmission Letter from the Recognized Institution\nFee Receipt from the Institution (showing non-refundable components)\nDiploma/Degree Certificate\nPrevious Academic Marksheet (for renewal applications)\nSelf-Declaration Form for Scholarship Application\nBank Account Details (Aadhaar-linked, if applicable)\nAadhaar Card/Pan Card/Passport \nCaste Certificate (if applicable for reservation benefits)\nEmployer Certificate (for government employees on study leave)",
        "sourcesAndReferences": {
            "sourcesAndReferences": "https://www.myscheme.gov.in/schemes/mmsuscy#sources",
            "guidelines": "https://sje.rajasthan.gov.in/Default.aspx?PageID=198",
            "applicationPortal": "https://sso.rajasthan.gov.in/signin"
        },
        "Original Link": "https://www.myscheme.gov.in/schemes/mmsuscy"
    },
    {
        "schemeName": "Gadiya Lohar Maharana Pratap Bhawan Nirman Yojana",
        "details": "The scheme \"Gadiya Lohar Maharana Pratap Bhawan Nirman Yojana\" was introduced by the Social Justice and Empowerment Department, Government of Rajasthan. Under this scheme, financial assistance of ₹1,20,000/- is provided in three instalments to Gadiya Lohar families in Rajasthan for the construction of permanent houses and ensuring their settlement.\nObjectives:\nTo provide permanent houses to the Gadiya Lohar families.\nTo provide financial assistance in three installments for house construction.\nTo promote the social and economic integration of Gadiya Lohars community.",
        "benefits": "Financial Assistance:\n₹1,20,000/- is provided to each eligible beneficiary.\nMode of Disbursement:\nFirst Installment: ₹40,000/- is provided after verification of land ownership and submission of required documents.\nSecond Installment: ₹40,000/- is disbursed after verification of construction progress.\nThird Installment: ₹40,000/- is given upon completion of construction and submission of utilization proof.\nFrequency & Validity:\nThis is a one-time financial grant.\nThe entire house construction must be completed within one year from the approval of the first installment.\nNote:\nIf a beneficiary misuses the grant, legal action will be taken, and the amount will be recovered.\nThe constructed house cannot be sold or transferred for 20 years.",
        "eligibility": "The applicant should be a native of Rajasthan.\nThe applicant should belong to the Gadiya Lohar community.\nThe applicant should own a plot for house construction.\nThe applicant or their family should not own any other house within the district or anywhere in Rajasthan.",
        "applicationProcess": "Offline\nStep 1: The interested applicant should visit (during office hours) the District Social Welfare Office and request a hard copy of the prescribed format of the application form from the staff exclusively entrusted to issue and collect filled-in applications.\nStep 2: In the application form, fill in all the mandatory fields and attach copies of all the mandatory documents (self-attest, if required).\nStep 3: Submit the duly filled and signed application form along with the documents to the District Social Welfare Office.\nStep 4: Request a receipt or acknowledgment from the District Social Welfare Office to whom the application has been submitted. Ensure that the receipt contains essential details such as the date and time of submission and a unique identification number (if applicable).",
        "documentsRequired": "Document Submit in First Installment:\nIdentity proof\nCaste Certificate (Issued by a competent authority)\nProof of Land Ownership (Patta/Title Deed)\nDomicile Certificate\nBank account details\nThe applicant must declare on a ₹10 non-judicial stamp paper that they do not own any other house in the district or state and the house will not be sold or transferred for 20 years.\nAny other documents as required\nSecond Installment:\nConstruction Progress Report (for second and third installments)\nFinal Installment:\nUtilization Certificate (for final installment)",
        "sourcesAndReferences": {
            "sourcesAndReferences": "https://www.myscheme.gov.in/schemes/glbngs#sources",
            "guidelines": "https://sje.rajasthan.gov.in/Default.aspx?PageID=175",
            "amendment": "https://jankalyanfile.rajasthan.gov.in/Content/UploadFolder/DepartmentMaster/166/2023/Feb/30409/133142.pdf"
        },
        "Original Link": "https://www.myscheme.gov.in/schemes/glbngs"
    },
    {
        "schemeName": "Economic Help To Sahariya Tribal Girl Students (Class 11 And 12)",
        "details": "To promote girl education by motivating Saharia tribe girl students of Baran district to study in higher education and provide financial assistance to Sahariya tribe girl students for encouragement for higher secondary education. Those who are studying regularly in government schools in higher secondary classes (11th and 12th) and who have not got accommodation in government hostels.",
        "benefits": "The student will be paid ₹3,500/- for a total of 10 months at the rate of Rs. 350/- per month.",
        "eligibility": "The girl student should belong to the Saharia tribe of the Baran district of Rajasthan.\nThe girl child should be studying regularly in a government school.\nThe mother/father/guardian/guardian of the student should not be an income taxpayer.\nThe girl students, who are studying in residential schools/ashram hostels run by the government, they will not be entitled.\nVaidya Bhamashah card and Aadhaar should be there.\nStudents should be a native of Rajasthan.",
        "applicationProcess": "Online\nApplicants have to visit the official web portal.\nOn the Home page, click on \"Online Portal For Tad Educational Incentive Schemes\".\nNow click on “click here to apply online”. \nIf applicants are existing SSO users, log in with their SSO user and password. and If applicants don’t have SSO Id then create one by clicking “Registration”. Applicants can create SSO IDs by using Janaadhar & Google\nAfter completing the SSO profile click on the “SCHOLARSHIP (CE, TAD, MINORITY)” App.\nSelect the “STUDENT” button.\nSelect Appropriate Scheme and click on the “Next” button\nFill out all required academic information and click on the “Submit” button",
        "documentsRequired": "Caste Certificate Copy.\nEducation Qualification Marksheet / Certificate Copy.\nAadhar Card Copy.\nJan Aadhar/Bhamashah Card Copy.\nIncome Certificate Copy.",
        "sourcesAndReferences": {
            "sourcesAndReferences": "https://www.myscheme.gov.in/schemes/ehstgs#sources",
            "guidelines": "https://jankalyanfile.rajasthan.gov.in//Content/UploadFolder/Scheme/TAD/EHSTGS/DOC_610_7e011725-b752-436c-99cd-876dd77a9ac5.pdf",
            "details": "https://schemes.rajasthan.gov.in/scheme/detail/610",
            "userManual": "https://tad.rajasthan.gov.in/writereaddata/FilesManagement/PDF/09232022172344PMIncentive%20Scheme%20Help.pdf"
        },
        "Original Link": "https://www.myscheme.gov.in/schemes/ehstgs"
    },
    {
        "schemeName": "Vishesh Yogyajan Chhatravriti Yojana",
        "details": "The \"Vishesh Yogyajan Chhatravriti Yojana\" scheme was launched by the Department of Social Justice and Empowerment, Government of Rajasthan. It aims to provide financial assistance to students with disabilities to support their education. Under this scheme, scholarships and tuition fee reimbursement facility are provided to specially-abled students belonging to families with an annual income not exceeding ₹2.00 lakh, who are regularly studying in government and recognized educational institutions.",
        "benefits": "Scholarship Grant:\nFinancial assistance is provided as a scholarship to the students.\nTuition Fee Reimbursement:\nThe scheme covers the tuition fee expenses for students studying in government-recognized institutions.",
        "eligibility": "The applicant should be a native of Rajasthan.\nThe applicant should be a student. \nThe applicant should have at least 40% disability. \nThe applicant should be a regular student in a government or recognized educational institution.\nThe applicant’s family annual income should not exceed ₹2,00,000/-.\nThe applicant should have passed the previous academic year.\nThe applicant should not be a recipient of any other state government or NGO/trust-provided scholarship or allowance.",
        "applicationProcess": "Offline\nStep 1: The interested applicant should visit the Social Justice and Empowerment Department District Officer and request a copy of the application form from the staff exclusively entrusted to issue and collect filled-in applications.\nStep 2: In the application form, fill in all the mandatory fields and attach copies of all the mandatory documents (self-attest, if required).\nStep 3: Submit the duly filled and signed application form along with the documents to the District Officer of the Social Justice and Empowerment Department.\nStep 4: Request a receipt or acknowledgment from the concerned office to whom the application has been submitted. Ensure that the receipt contains essential details such as the date and time of submission and a unique identification number (if applicable).",
        "documentsRequired": "Identity proof\nDomicile Certificate\nDisability Certificate\nIncome Certificate\nMarksheet of the previous year\nAny Other Document if Required",
        "sourcesAndReferences": {
            "sourcesAndReferences": "https://www.myscheme.gov.in/schemes/ssfsap#sources",
            "guidelines": "https://sje.rajasthan.gov.in/Default.aspx?PageID=124",
            "schemeDetails": "https://dsap.rajasthan.gov.in/scheme/detail/184"
        },
        "Original Link": "https://www.myscheme.gov.in/schemes/ssfsap"
    },
    {
        "schemeName": "Assistance for Digitization of Business Processes and Adoption of eCommerce",
        "details": "The scheme \"Assistance for Digitization of Business Processes and Adoption of eCommerce\" was introduced under the Rajasthan MSME Policy 2024 by the Department of Industries and Commerce, Government of Rajasthan, aims to promote digital transformation and enhance the eCommerce capabilities of MSMEs in the state. This scheme will remain in force until 31st March 2029.\nObjective\nMSMEs are provided financial assistance for adopting software, equipment for digitization, and for registering on eCommerce platforms. \nScheme Implementation\nThis scheme component will be implemented through the concerned DICC under the aegis of Department of Industries & Commerce. Office of the Commissioner, Industries & Commerce will be the nodal agency for the implementation and supervision of the scheme at the state level.",
        "benefits": "Financial Reimbursement for Digitization Equipment:\nMSMEs are eligible for a one-time reimbursement of 75% of the cost incurred for purchasing software or equipment used in digitization of business process (such as POS systems, barcode scanners machine, inventory management software, etc.).\nMaximum Limit: ₹50,000/- per MSME.\nFinancial Reimbursement for eCommerce Platform Fee:\nReimbursement of 75% of the total fee (excluding shipping fees) charged by eCommerce platform.\nMaximum Limit: ₹50,000/- per MSME.\nNote: Assistance would only be eligible for one eCommerce platform per MSME.",
        "eligibility": "The enterprise should be a Micro, Small, or Medium Enterprise (MSME) in production.\nThe enterprise should be located in Rajasthan.\nThe applicant should possess a valid Udyam Registration Certificate at the time of application.\nThe applicant should have incurred expenses on digitization (software/equipment) after notification of Rajasthan MSME Policy 2024.\nThe applicant should have registered on an eCommerce platform after the notification of Rajasthan MSME Policy 2024.\nMSME enterprise will only be eligible for benefits once for each component.",
        "applicationProcess": "Offline\nApplication Process:\nStep 1: The interested applicant downloads the application form (Annexure 6.1) from the official website. \nStep 2: In the application form, fill in all the mandatory fields, and attach copies of all the mandatory documents (self-attest, if required).\nStep 3: Submit the duly filled and signed application form along with the documents to the respective General Manager, District Industries & Commerce Centre (DICC).\nPost Application Process:\nStep 1: Application will be evaluated by the GM, DICC and presented before the District Level Task Force Committee (DLTFC).\nStep 2: Upon approval, an official approval letter will be issued by GM, DICC.\nStep 3: The approved amount will be disbursed to the authorized bank account of the enterprise.",
        "documentsRequired": "Copy of Udyam Registration (UR) Certificate\nInvoices for purchased software/Equipment for digitization along with payment proofs\nDocumentary proof for registration on eCommerce Platform for reimbursement of eCommerce fee\nCertificate of Incorporation/Partnership Deed/Firm Registration or equivalent document related to incorporation of the enterprise\nBoard Resolution/Power of attorney in the name of Authorized Signatory\nProof of regular Commercial Production (Recent Sale Bill)\nBank account details/Copy of cancelled cheque and PAN Card\nCA certificate of details of Expenditure incurred (in original) Annexure 6.2\nUndertaking/Declaration on non-judicial stamp paper as per Annexure 6.3",
        "sourcesAndReferences": {
            "sourcesAndReferences": "https://www.myscheme.gov.in/schemes/adbpae#sources",
            "guidelines(pageNo.46)": "https://jankalyanfile.rajasthan.gov.in//Content/UploadFolder/OrderEntry/ICOM/2025/Guidelines/O_030325_26f50adb-f7b4-4eb5-b94d-1e5e45451a85.pdf"
        },
        "Original Link": "https://www.myscheme.gov.in/schemes/adbpae"
    },
    {
        "schemeName": "Samman Bhatta to War Widows and Parents of Martyrs",
        "details": "The scheme \"Samman Bhatta to War Widows and Parents of Martyrs\" was introduced by the Department of Sainik Welfare, Government of Rajasthan in the year 1998. The scheme aims to provide lifelong financial assistance to war widows and parents of unmarried martyrs who sacrificed their lives in various wars, counter-insurgency operations, and aid to civil authorities before 31st March 1999. The amount is deposited directly into the beneficiary’s bank account every month.",
        "benefits": "Samman Bhatta is provided at ₹5000/- per month for a lifetime.\nNote: The amount of assistance is deposited in beneficiary’s bank account every month.",
        "eligibility": "The applicant should be a native of Rajasthan.\nThe applicant should either be a war widow of a martyr or a parent of an unmarried martyr who sacrificed their life in wars, counter-insurgency operations, or aid to civil authorities before 31st March 1999.",
        "applicationProcess": "Offline\nApplication Process:\nStep 1: The interested applicant should visit the office of the District Sainik Welfare Office and request a hard copy of the prescribed format of the application form from the staff exclusively entrusted to issue and collect filled-in applications.\nOR\nThe applicant should download the application form from the official website.\nStep 2: In the application form, fill in all the mandatory fields and attach copies of all the mandatory documents (self-attest if required).\nStep 3: Submit the duly filled and signed application form along with the documents to the District Sainik Welfare Office.\nStep 4: Request a receipt or acknowledgment from the District Sainik Welfare Office to whom the application has been submitted. Ensure that the receipt contains essential details such as the date and time of submission and a unique identification number (if applicable).",
        "documentsRequired": "Martyrdom certificate of the deceased soldier\nMarriage certificate (for war widows)\nRelationship proof (for parents of martyrs)\nPension Payment Order (PPO), if applicable\nBank Passbook Copy\nAny Other Document if Required",
        "sourcesAndReferences": {
            "sourcesAndReferences": "https://www.myscheme.gov.in/schemes/sbwwpm#sources",
            "guidelines": "https://sainikkalyan.rajasthan.gov.in/content/raj/sainikwelfaresite/en/welfare-schemes/WELFARE-SCHEMES-state-government.html",
            "officialWebsite": "https://sainikkalyan.rajasthan.gov.in/content/raj/sainikwelfaresite/en/home.html"
        },
        "Original Link": "https://www.myscheme.gov.in/schemes/sbwwpm"
    },
    {
        "schemeName": "World War II Pension",
        "details": "The scheme \"World War II Pension\" was introduced by the Department of Sainik Welfare, Government of Rajasthan in the year 1996. The aim of the scheme is to provide lifelong financial assistance as a measure of relief to World War II ex-servicemen and their widows who are not receiving any pension or financial assistance from any other source. Under this scheme, eligible beneficiaries receive ₹15,000/- per month, which is directly deposited into their bank accounts every month. The scheme covers those who served during World War II (1st September 1939 to 15th August 1945).",
        "benefits": "Financial Assistance:\nA pension of ₹15,000 per month is provided for a lifetime. \nMode of Disbursement:\nThe pension is deposited monthly into the beneficiary’s bank account.",
        "eligibility": "The applicant should be a native of Rajasthan.\nThe applicant should be either an ex-serviceman who served during World War II (1st September 1939 to 15th August 1945) or his widow.\nThe applicant should not be receiving any pension or financial assistance from any other source.",
        "applicationProcess": "Offline\nStep 1: The interested applicant should visit the office of the District Sainik Welfare Office and request a hard copy of the prescribed format of the application form from the staff exclusively entrusted to issue and collect filled-in applications.\nOR\nThe applicant should download the application form from the official website.\nStep 2: In the application form, fill in all the mandatory fields and attach copies of all the mandatory documents (self-attest if required).\nStep 3: Submit the duly filled and signed application form along with the documents to the District Sainik Welfare Office.\nStep 4: Request a receipt or acknowledgment from the District Sainik Welfare Office to whom the application has been submitted. Ensure that the receipt contains essential details such as the date and time of submission and a unique identification number (if applicable).",
        "documentsRequired": "Identity proof of applicant\nRecent photograph of the applicant\nDischarge Book / Service Certificate clearly mentioning service during 1st September 1939 to 15th August 1945\nResidence Proof (Domicile Certificate of Rajasthan)\nDeath Certificate of Ex-Serviceman (In case of widow applicant)\nBank Account Details\nAny Other Document if Required",
        "sourcesAndReferences": {
            "sourcesAndReferences": "https://www.myscheme.gov.in/schemes/wwiip#sources",
            "guidelines": "https://sainikkalyan.rajasthan.gov.in/content/raj/sainikwelfaresite/en/welfare-schemes/WELFARE-SCHEMES-state-government.html",
            "officialWebsite": "https://sainikkalyan.rajasthan.gov.in/content/raj/sainikwelfaresite/en/home.html#"
        },
        "Original Link": "https://www.myscheme.gov.in/schemes/wwiip"
    },
    {
        "schemeName": "Scheme for Assistance to MSMEs for Market Development",
        "details": "The scheme \"Scheme for Assistance to MSMEs for Market Development\" was introduced under the Rajasthan MSME Policy 2024 by the Department of Industries and Commerce, Government of Rajasthan. The scheme aims to promote and financially support the participation of MSMEs in national and international trade fairs, exhibitions, and buyer-seller meets, etc. This scheme will remain in force until 31st March 2029.\nScheme Implementation:\nThis scheme component will be implemented through the concerned DICC under the aegis of Department of Industries & Commerce. Office of the Commissioner, Industries & Commerce will be the nodal agency for the implementation and supervision of the scheme at the state level.",
        "benefits": "Financial assistance for participation in fairs/exhibitions:\nS. No. Type of Event Financial Assistance\n1 Participation in National/International Fairs/Exhibitions in Rajasthan ₹37,500/- or 75% of the stall rent per event, whichever is less, for a maximum of 3 events in a financial year.                      (Actual Fare of 3-AC Class Train or AC Bus for 2 persons)\n2 Participation in National/international fairs/Exhibitions in the country (other than Rajasthan) ₹1,12,500/- or 75% of the stall rent per event, whichever is less, for a maximum of 2 events in a financial year.                            (Actual Fare of 3-AC Class Train or AC Bus for 2 persons)\n3 Participation in Fairs/Exhibitions organized abroad ₹1,50,000/- or 75% of the stall rent, whichever is less, for a maximum of 1 event in a financial year.                                    (Actual Fare on Travel through Airplane in Economy Class for 2 persons)\nNote:\nAfter availing the benefit in a particular category in one financial year, the beneficiary cannot avail it in the same category for the next 2 financial years.",
        "eligibility": "All MSMEs existing anywhere in Rajasthan will be required to comply with the following conditions to avail benefits under the scheme:\nThe enterprise will be required to have Udyam Registration Certificate (URC) as per MSME Development Act 2006\nThe selection of MSME units would be done by Department of Industries and Commerce as per display product profile, theme of the fair and its relevance.\nParticipation in Government/ Government agency/(ies) sponsored/ approved Fairs/Exhibitions as well as Fairs/ Exhibitions approved by Export Promotion Councils (under Ministry of Commerce & Industry, GoI) will be eligible for the claim to be made under the scheme.\nNote: Preference shall be given to participants/units who have not availed of the benefits under this scheme.",
        "applicationProcess": "Offline\nApplication Process:\nStep 1: The interested applicant downloads the application form (Annexure 5.1) from the official website. \nStep 2: In the application form, fill in all the mandatory fields, and attach copies of all the mandatory documents (self-attest, if required).\nStep 3: Submit the duly filled and signed application form along with the documents to the respective General Manager, District Industries & Commerce Centre (DICC).\nNote: The application must be submitted within 6 months of attending the fair/exhibition.\nPost Application Process:\nStep 1: The GM, DICC will evaluate the application.\nStep 2: The District Level Task Force Committee (DLTFC) will approve and sanction the incentive.\nStep 3: Upon approval, an approval letter will be issued.\nStep 4: The assistance amount will be disbursed to the enterprise’s registered bank account.",
        "documentsRequired": "Proof of Business Registration (Udyam Registration)\nEvent Brochure/Invitation Letter\nInvoice for Stall Rent from Organizing Body and Travel Fee (Including Tickets)\nCopy of VISA of persons who attended the exhibition and air ticket and boarding pass (if international travel)\nIn the Case of International Exhibition attach Copy of Passport Stamping of Immigration by that Country\nPayment Proof\nPhotographs of Exhibitions including photographs of Main Entrance of the exhibition\nPhotographs of the Stall setup during the fair/exhibition\nBank Account Details (Cancelled Cheque or Passbook Copy) along with PAN of the beneficiary\nCA Certificate as per Annexure 5.2\nUndertaking/Declaration on non-judicial stamp paper as per Annexure 5.3",
        "sourcesAndReferences": {
            "sourcesAndReferences": "https://www.myscheme.gov.in/schemes/samsmemd#sources",
            "guidelines(pageNo.38)": "https://jankalyanfile.rajasthan.gov.in//Content/UploadFolder/OrderEntry/ICOM/2025/Guidelines/O_030325_26f50adb-f7b4-4eb5-b94d-1e5e45451a85.pdf"
        },
        "Original Link": "https://www.myscheme.gov.in/schemes/samsmemd"
    },
    {
        "schemeName": "Mukhyamantri Asahaya Punarwas Yojana",
        "details": "The \"Mukhyamantri Asahaya Punarwas Yojana\" was launched by the Department of Social Justice and Empowerment, Government of Rajasthan. The scheme aims to provide financial aid and rehabilitation support to to destitute individuals who are completely dependent, orphaned, abandoned by their parents, or have no one to care for them. Under this scheme, men and women are provided one-time financial assistance and support for admission to day-care centers or old-age homes.",
        "benefits": "One-Time Financial Assistance:\nUnder this scheme, eligible women and men receive a one-time financial assistance of up to ₹2,000/-.\nAdmission to Day-Care Centers and Old-Age Homes:\nAdmission into day-care centers and old-age homes run by the Social Justice and Empowerment Department and funded by the state and central government.\nProvision for Pension Approval:\nIf the destitute applicant qualifies for Old Age Pension, Widow Pension, or Disability Pension, then the pension will be sanctioned within one month of identification.",
        "eligibility": "The applicant should be a resident of the Rajasthan.\nThe applicant should belong to one of the following categories:\nDestitute individual with no one to care for them.\nIndividual abandoned by their parents.\nOrphaned, destitute or completely dependent individual.\nNote: The applicant should not already be receiving benefits under pension schemes (for financial aid support).",
        "applicationProcess": "Offline\nApplication Process:\nStep 1: The applicant may submit application on a plain paper to the district collector of their respective district.\nStep 2: In the application, attach copies of all the mandatory documents (self-attest, if required).\nStep 3: Upon receipt, the application is scrutinized and approved by the Zila Parishad (District Council).",
        "documentsRequired": "Aadhaar Card or Any Valid Identity Proof\nProof of Residence\nAny Other Document if Required",
        "sourcesAndReferences": {
            "sourcesAndReferences": "https://www.myscheme.gov.in/schemes/cmdrsr#sources",
            "guidelines": "https://sje.rajasthan.gov.in/Default.aspx?PageID=111"
        },
        "Original Link": "https://www.myscheme.gov.in/schemes/cmdrsr"
    }
]