[
    {
        "schemeName": "Plastic Mulching",
        "details": "The plastic Mulching scheme under the Agriculture Department of the Rajasthan government provided subsidies to farmers. Using plastic mulch helps prevent soil compaction and compaction. This material blocks moisture and heat and limits the loss of plant nutrients. Plastic mulch is the most restrictive of all the mulching materials available on the market, so it is well-suited for drip irrigation. Additionally, the plastic layer prevents people and pets from walking in the area, further strengthening the soil structure.\n\nOther important points\nPlastic mulching can be constructed only after administrative approval is issued by the Horticulture Department.\nVerification can be done by the committee formed after construction.\nThe payment of the grant amount will be transferred directly to the farmer's bank account.",
        "benefits": "Small/marginal farmers can get a 25% subsidy on up to 2 hectares of land.\nOther farmers can get a 50% subsidy on up to 2 hectares of land.",
        "eligibility": "The applicant should be a farmer.\nThe applicant should be a native of Rajasthan.\nThe applicant must have agricultural land ownership and irrigation sources.",
        "applicationProcess": "Online\nRegistration\nStep-1: Applicant have to visit the official portal. \nStep-2: Click on the option “Register”.\nStep-3: Then you will be redirected to the SSO registration page. The registration page will appear with the following options.\n  Citizen\nStep-4: Choose the either one option from  the Jan Aadhaar Or Google to process further.\nJan Aadhaar : Enter the Jan Aadhaar number, click on the ‘Next’ button,\nSelect your name, the name of the head of the family and all the other members and \nClick on the ‘Send OTP’ button. Enter the ‘OTP’ and \nClick on the ‘Verify OTP’ button to Complete the registration. \nGoogle : Enter the Gmail ID, click on the ‘Next’ button, \nEnter the password.\nA new link appear on screen, now click on new SSO link.\nSSO id will appear on screen, now create the password.\nEnter Mobile number, click on registration.\nStep-5: Complete the registration process.\n\nApply\nStep-1: Applicant have to visit the official portal. \nStep-2: After login, dashboard will open.\nStep-3: Click on “ RAJ-KISAN ” option. \nStep-4: In \"Farmer\", click on \"Application Entry Request\".\nStep-5: Enter the \"Bhamashah ID\" or \"Janaadhaar ID\" and search.  \nStep-6: Select the person's name and scheme name. \nStep-7: Complete the Aadhaar Authentication and click on Get details. \nStep-8: Provide the required details.\n            - Pensioner Details.\n            - Bank Details.\n            - Disability Details.\n            - Verification Details.\n            - Upload Documents.\nStep-9: Submit.",
        "documentsRequired": "Aadhar Card / Janadhar Card.\nCopy of Jamabandi (not more than six months old)\nQuotation from approved firm.",
        "sourcesAndReferences": {
            "sourcesAndReferences": "https://www.myscheme.gov.in/schemes/pm#sources",
            "guidelines": "https://rajkisan.rajasthan.gov.in/Rajkisanweb/Kisan",
            "registration": "https://sso.rajasthan.gov.in/register",
            "login": "https://sso.rajasthan.gov.in/signin"
        },
        "Original Link": "https://www.myscheme.gov.in/schemes/pm"
    },
    {
        "schemeName": "Walk In Tunnel",
        "details": "The Walk-In Tunnel under the Agriculture Department of the Rajasthan government provides the benefit of a subsidy to the farmers with affordable and efficient structures that offer protection from adverse weather conditions, pests, and diseases. \nWalk In Tunnels are basically protected structures made from Pre-galvanized pipe and covered with UV Stabilized Plastic sheets. Generally Tunnels are used to give favorable controlled environments like temperature, humidity, light intensity, ventilation, soil media, disease control, irrigation, Fertigation, and other agronomical practices throughout the season irrespective of the natural conditions outside. Walk In Tunnel has a variety of applications, the majority being, the growing of vegetables, floriculture, planting material acclimatization, and fruit crop growing for the export market.\n\nImportant points\nThe construction of Walk in Tunnel can be started only after the administrative approval/work order issued by the Horticulture Department.\nVerification can be done by the committee formed after construction.\nPayment of the grant amount directly into the bank account of the farmer or to the producer firm with the written consent of the farmer.",
        "benefits": "50 percent grant is payable for the area.\n800 square meters (maximum 5 units per beneficiary).\n400 square meters (maximum 10 units per beneficiary).",
        "eligibility": "The applicant must be a native of Rajasthan.\nThe applicant should be a Farmer.\nThe applicant must have agricultural land ownership and irrigation sources.",
        "applicationProcess": "Online\nRegistration\nStep-1: Applicant have to visit the official portal. \nStep-2: Click on the option “Register”.\nStep-3: Then you will be redirected to the SSO registration page. The registration page will appear with the following options.\n  Citizen\nStep-4: Choose the either one option from  the Jan Aadhaar Or Google to process further.\nJan Aadhaar : Enter the Jan Aadhaar number, click on the ‘Next’ button,\nSelect your name, the name of the head of the family and all the other members and \nClick on the ‘Send OTP’ button. Enter the ‘OTP’ and \nClick on the ‘Verify OTP’ button to Complete the registration. \nGoogle : Enter the Gmail ID, click on the ‘Next’ button, \nEnter the password.\nA new link appear on screen, now click on the new SSO link.\nSSO id will appear on the screen, now create the password.\nEnter Mobile number, click on registration.\nStep-5: Submit.\n\nApply\nStep-1: Applicant have to visit the official portal. \nStep-2: After login, dashboard will open.\nStep-3: Click on “ RAJ-KISAN ” option. \nStep-4: In \"Farmer\", click on \"Application Entry Request\".\nStep-5: Enter the \"Bhamashah ID\" or \"Janaadhaar ID\" and search.  \nStep-6: Select the person name and scheme name. \nStep-7: Complete the Aadhaar Authentication and click on Get details. \nStep-8: Provide the required details.\n            - Pensioner Details.\n            - Bank Details.\n            - Disability Details.\n            - Verification Details.\n            - Upload Documents.\nStep-9: Submit.",
        "documentsRequired": "Aadhar Card / Janadhar Card\nCopy of Jamabandi (not more than six months old)\nSoil and water test report\nQuotation from approved firm and proof of irrigation source.",
        "sourcesAndReferences": {
            "sourcesAndReferences": "https://www.myscheme.gov.in/schemes/wit#sources",
            "guidelines": "https://rajkisan.rajasthan.gov.in/Rajkisanweb/Kisan#",
            "registration": "https://sso.rajasthan.gov.in/register",
            "login": "https://sso.rajasthan.gov.in/signin"
        },
        "Original Link": "https://www.myscheme.gov.in/schemes/wit"
    },
    {
        "schemeName": "Vadh Se Bachaye Govansh Ko Sahayata Yojana",
        "details": "The \"Vadh Se Bachaye Govansh Ko Sahayata Yojana\" scheme, by the Animal Husbandry Department, Rajasthan, aims to ensure the welfare of cattle saved from illegal slaughter or smuggling. Registered cow shelters (gaushalas), municipal bodies, Panchayati Raj institutions, or other approved organizations are entrusted with the custody of such cattle. Financial assistance is provided for their fodder and care for the duration of custody or up to one year, whichever is shorter.",
        "benefits": "Financial assistance of ₹40/day for large cattle and ₹20/day for small cattle.\nSupport is provided for a maximum of one (1) year or the custody period, whichever is shorter.",
        "eligibility": "Registered Gaushalas/ Nandi Shalas/ Kanj Houses/ Local bodies/ Panchayati Raj institutions/Other approved institutions which are taking care of cows rescued from cow smuggling/ slaughter.",
        "applicationProcess": "Offline\nStep 1: Collect the application form from the office of the District Joint Director, Department of Animal Husbandry.\nStep 2: Fill in the details and attach the required documents (FIR copy and approval).\nStep 3: Submit the application to the office of the District Joint Director, Department of Animal Husbandry.\nStep 4: The application will be reviewed and approved by the District-level Gopalan Committee.\nStep 5: Upon approval, funds will be disbursed to the organization.\nScheme Contact Details:\nNodal Officer Name & Designation: Dr Kaushal Kumar Verma; Joint Director \nPhone Number: 9414207430\nEmail: dir.dgs@rajasthan.gov.in",
        "documentsRequired": "Copy of the FIR related to cattle rescue.\nApproval copy from a competent authority.",
        "sourcesAndReferences": {
            "sourcesAndReferences": "https://www.myscheme.gov.in/schemes/vsbgks#sources",
            "guidelines": "https://gopalan.rajasthan.gov.in/scheme/detail/578"
        },
        "Original Link": "https://www.myscheme.gov.in/schemes/vsbgks"
    },
    {
        "schemeName": "Panchayat Samiti Nandishala Jan Sahbhagita Yojana",
        "details": "The \"Panchayat Samiti Nandishala Jan Sahbhagita Yojana\", launched in 2021-22, by the Animal Husbandry Department, Rajasthan, aims to support the construction of permanent infrastructure for the shelter of stray male cattle in each Panchayat Samiti. The scheme provides financial assistance for Nandishala.",
        "benefits": "One-time assistance of 90% of the total construction cost.",
        "eligibility": "Eligible entities include local bodies, Panchayati Raj institutions, registered trusts, NGOs, and government-recognized institutions.\nThe organization must have been operational for at least 3 years.\nOwnership of 20 bighas of private land to sustain 250 male cattle.\nMinimum of 3 years of experience in operating a cattle shelter or similar activities.\nAvailability of 10% contribution towards the project cost.",
        "applicationProcess": "Offline\nStep 1: Obtain the application form from the Office of the District Joint Director, Animal Husbandry Department.\nStep 2: Review the tender notices and apply online as per the guidelines.\nStep 3: Submit the application form along with the required documents.\nStep 4: Await verification and approval from the concerned authority.\n\nScheme Contact Details:\nNodal Officer Name & Designation: Dr. Anil Kaushik, Joint Director \nPhone Number: 9829332050\nEmail: dir.dgs@rajasthan.gov.in",
        "documentsRequired": "Proof of organization's registration and existence for at least 3 years.\nLand ownership documents for 20 bighas of private land.\nExperience certificate for operating a cattle shelter for at least 3 years.\nAny additional documents as per scheme guidelines.",
        "sourcesAndReferences": {
            "sourcesAndReferences": "https://www.myscheme.gov.in/schemes/psnjsy#sources",
            "guidelines": "https://gopalan.rajasthan.gov.in/scheme/detail/973"
        },
        "Original Link": "https://www.myscheme.gov.in/schemes/psnjsy"
    },
    {
        "schemeName": "Additional Financial Assistance for the Children of Persons Engaged in the Cleaning Profession",
        "details": "The \"Additional Financial Assistance for the Children of Persons Engaged in the Cleaning Profession\" scheme was launched by the Social Justice and Empowerment Department, Government of Rajasthan. The scheme provides an additional financial assistance of ₹500/- per month to children of individuals working in the cleaning or sanitation profession. This assistance is given to students already receiving a scholarship under the Post-Matric Scholarship Scheme, ensuring their continued education.",
        "benefits": "Financial Assistance: \nThis scheme provides ₹500/- per month as additional financial assistance to children of individuals working in the cleaning/sanitation profession.\nNote: Assistance will be provided for a maximum of 10 months per year.",
        "eligibility": "The applicant should be a student.\nThe applicant should be eligible for or currently receiving a scholarship under the Post-Matric Scholarship Scheme.\nThe applicant should belong to Scheduled Caste (SC), Scheduled Tribe (ST), Other Backward Classes (OBC), Economically Backward Classes (EBC), or Extremely Backward Classes (EBC).\nThe applicant's parents or guardian should be engaged in the cleaning profession and belong to the scavenger class.\nIf the applicant's parent is not alive, the guardian engaged in the cleaning profession and belonging to the scavenger class is eligible to apply.",
        "applicationProcess": "Online\nRegistration\nStep-1: Applicant have to visit the official portal. \nStep-2: Click on the option “Register”.\nStep-3: Then you will be redirected to the SSO registration page. The registration page will appear with the following options.\n  Citizen\nStep-4: Choose the either one option from  the Jan Aadhaar Or Google to process further.\nJan Aadhaar : Enter the Jan Aadhaar number, click on the ‘Next’ button,\nSelect your name, the name of the head of the family and all the other members and \nClick on the ‘Send OTP’ button. Enter the ‘OTP’ and \nClick on the ‘Verify OTP’ button to Complete the registration. \nGoogle : Enter the Gmail ID, click on the ‘Next’ button, \nEnter the password.\nA new link appear on screen, now click on new SSO link.\nSSO id will appear on screen, now create the password.\nEnter Mobile number, click on registration.\nApply \nStep-1: Applicant have to visit the official portal. \nStep-2: After login, dashboard will open.\nStep-3: Click on “IFMS-RAJSSP\" option.\nStep-4: Select \"Continue to RajSSP\". \nStep-5: Now click on \"Apply for Scheme\" on screen. \nStep-6: In this new page, will get a list of names of all the schemes, and click on the name of \"Yojana\"\nStep-7: Select the category \"sanitation worker\" \nStep-8: Fill out all relevant details and upload the required document. \nStep-9: Submit.",
        "documentsRequired": "Parents/guardians Certificate of being engaged in cleaning profession\nAdmission Certificate\nEducational Certificate\nCaste Certificate \nAny Other Document If Required.",
        "sourcesAndReferences": {
            "sourcesAndReferences": "https://www.myscheme.gov.in/schemes/pmsscpecp#sources",
            "guidelines": "https://sje.rajasthan.gov.in/siteadmin/Uploads/202110061548490675.pdf",
            "schemeDetails": "https://jansoochna.rajasthan.gov.in/CMS/EligiblityRules"
        },
        "Original Link": "https://www.myscheme.gov.in/schemes/pmsscpecp"
    },
    {
        "schemeName": "Devnarayan Gurukul Yojana",
        "details": "The scheme \"Devnarayan Gurukul Yojana\" was launched by the Social Justice and Empowerment Department, Government of Rajasthan, aims to provide free residential education to students from Special Backward Classes (SBC) i.e. Banjara, Baldia, Labana, Gadia-Lohar, Gadolia, Gujar, Gurjar, Raika, Rebari (Debasi), and Gadaria (Gadari, Gayari). Under this scheme, selected students admitted to Class 6 in government-approved schools receive free education, accommodation, meals, uniforms, textbooks, and writing materials.",
        "benefits": "Under this scheme, eligible students receive free education, accommodation, meals, uniforms, text books and study materials in government-approved schools.",
        "eligibility": "The applicant should be a native resident of Rajasthan.\nThe applicant's family should not be a taxpayer.\nThe applicant must be a regular student in a government or non-government school. \nThe applicant must have passed class 5th with a minimum of 50% or above marks.\nThe applicant should belong to one of the following Special Backward Class (SBC) communities:\nBanjara, Baldia, Labana\nGadiya Lohar, Gadolia\nGujar, Gurjar\nRaika, Rebari (Debasi)\nGadaria (Gadri, Gyari)\nNote 1: Only students who qualify on merit after clearing the pre-admission examination will be admitted to the 59 schools selected by the department.\nNote 2: Students will be given admission in Class 6 as per their merit based on marks obtained in Class 5.",
        "applicationProcess": "Offline\nStep 1: The interested applicant should visit (during office hours) the District Education Officer (Secondary) and request a hard copy of the prescribed format of the application form from the staff exclusively entrusted to issue and collect filled-in applications.\nStep 2: In the application form, fill in all the mandatory fields and attach copies of all the mandatory documents (self-attest, if required).\nStep 3: Submit the duly filled and signed application form along with the documents to the principal of the District Education Officer (Secondary)\nStep 4: Request a receipt or acknowledgment from the District Education Officer (Secondary) to whom the application has been submitted. Ensure that the receipt contains essential details such as the date and time of submission and a unique identification number (if applicable).\nNote: Students will be admitted to class 6th based on their class 5th merit.",
        "documentsRequired": "Domicile Certificate\nEducational certificate (Marks Certificate of Class 5)\nIncome Certificate\nCaste Certificate\nJan Aadhaar Card\nReceipt of School Fees\nAny other documents as required",
        "sourcesAndReferences": {
            "sourcesAndReferences": "https://www.myscheme.gov.in/schemes/dgyr#sources",
            "guidelines": "https://sje.rajasthan.gov.in/Default.aspx?PageID=87",
            "officialWebsite": "https://jansoochna.rajasthan.gov.in/CMS/EligiblityRules",
            "onlinePortal": "https://rajshaladarpan.nic.in/SD3/VPMS/ScholarshipApply.aspx"
        },
        "Original Link": "https://www.myscheme.gov.in/schemes/dgyr"
    },
    {
        "schemeName": "Vishesh Yogyajan Sukhad Dampatya Jeevan Yojana",
        "details": "The scheme \"Vishesh Yogyajan Sukhad Dampatya Jeevan Yojana\" was launched by the Social Justice & Empowerment Department, Government of Rajasthan, in 1997. The scheme aims to provide financial assistance to specially-abled individuals to support a happy married life after marriage. Under this scheme, financial assistance of ₹50,000/- per couple is provided. Additionally, ₹20,000/- is given as event expenses to organizations that organize marriage events for specially-abled individuals. The scheme is implemented by the Directorate of Specially-Abled Persons in the state.",
        "benefits": "Financial assistance of ₹50,000/- per couple is provided.",
        "eligibility": "The applicant should be a native of Rajasthan.\nThe applicant should be a specially-abled individual (male or female).\nThe applicant should possess a disability certificate with 40% or more disability, issued by a Medical Officer or Medical Board.\nThe groom should be at least 21 years old, and the bride should be at least 18 years old.\nThe applicant’s family income from all sources should not exceed ₹2,50,000/- per year.",
        "applicationProcess": "Offline\nStep 1: The interested applicant should visit the office of the Block Social Security Officer or District Social Welfare Officer and request a copy of the application form from the staff exclusively entrusted to issue and collect filled-in applications.\nStep 2: In the application form, fill in all the mandatory fields and attach copies of all the mandatory documents (self-attest, if required).\nStep 3: Submit the duly filled and signed application form along with the documents to the concerned office.\nStep 4: Request a receipt or acknowledgment from the concerned office to whom the application has been submitted. Ensure that the receipt contains essential details such as the date and time of submission and a unique identification number (if applicable).\nNote: To avail of the benefits, specially-abled individuals should submit their application for assistance within six months from the date of marriage, along with the required documents, to the office of the Block Social Security Officer or District Social Welfare Officer.",
        "documentsRequired": "Identity Proof\nDomicile Certificate\nDisability Certificate (issued by the competent medical board)\nProof of age/Birth certificate\nMarriage Registration Certificate\nIncome Certificate\nWedding Card\nBank account details/Bank Passbook\nAny other documents if required",
        "sourcesAndReferences": {
            "sourcesAndReferences": "https://www.myscheme.gov.in/schemes/sdvay#sources",
            "guidelines": "https://sje.rajasthan.gov.in/sap_welfare_schemes.pdf",
            "schemeDetails": "https://dsap.rajasthan.gov.in/scheme/detail/233",
            "schemeDetails(pageNo.4)": "https://cag.gov.in/uploads/download_audit_report/2023/9.-Appendices-064b7cfeec1ad47.97127516.pdf"
        },
        "Original Link": "https://www.myscheme.gov.in/schemes/sdvay"
    },
    {
        "schemeName": "Assistance to Persons with Disabilities for Purchase/Fitting of Artificial Limbs/Appliances",
        "details": "The scheme \"Assistance to Persons with Disabilities for Purchase/Fitting of Artificial Limbs/Appliances\" is implemented by the Department of Social Justice & Empowerment, Government of Rajasthan. The scheme aims to provide financial assistance to specially-abled individuals for self-employment and the purchase of artificial limbs/equipment to overcome physical disabilities.\nUnder this scheme, the beneficiaries receive financial assistance to procure prosthetic aids and equipment such as tricycles, crutches, wheelchairs, calipers, hearing aids, blind sticks, smartphones, Jaipur Foot/Shoes/Palm pads, etc.",
        "benefits": "Financial assistance of up to ₹10,000/- for purchasing artificial limbs/equipment to overcome physical disabilities.\nCovers aids like tricycles, crutches, wheelchairs, calipers, hearing aids, blind sticks, smartphones, Jaipur Foot/Shoes/Palm pads, etc.",
        "eligibility": "The applicant should be a native of Rajasthan.\nThe applicant should be a disabled person.\nThe applicant should be suffering from 40% disability.\nThe applicant’s family should not be an income tax payer.",
        "applicationProcess": "Offline\nStep 1: The interested applicant should visit the office of the District Social Justice & Empowerment Department and request a copy of the application form from the staff exclusively entrusted to issue and collect filled-in applications.\nStep 2: In the application form, fill in all the mandatory fields and attach copies of all the mandatory documents (self-attest, if required).\nStep 3: Submit the duly filled and signed application form along with the documents to the District Social Justice & Empowerment Department.\nStep 4: Request a receipt or acknowledgment from the District Social Justice & Empowerment Department to whom the application has been submitted. Ensure that the receipt contains essential details such as the date and time of submission and a unique identification number (if applicable).",
        "documentsRequired": "Identity proof\nDomicile Certificate\nDisability Certificate\nAadhaar Card \nFamily Income Proof\nAny Other Document if Required",
        "sourcesAndReferences": {
            "sourcesAndReferences": "https://www.myscheme.gov.in/schemes/apafale#sources",
            "guidelines": "https://sje.rajasthan.gov.in/sap_welfare_schemes.pdf"
        },
        "Original Link": "https://www.myscheme.gov.in/schemes/apafale"
    },
    {
        "schemeName": "Economic Help To Tribal Girls For Higher Education (Class 11 & 12)",
        "details": "Rajasthan state government started a scheme \"Economic Help to Tribal Girls for Higher Education (Class 11 & 12)\". The main objective is to provide benefits to the tribal girls for their higher education, who are studying in government schools by taking admission as regular students for higher education.",
        "benefits": "Rs. 3,500/- One time and fully in July",
        "eligibility": "Should be studying regularly in 11th and 12th in government schools.\nThe girl student should belong to the Scheduled Tribe category of Rajasthan.\nThe parent/guardian/guardian/husband of the student should not be an income tax payer.\nThe student must be a native of Rajasthan.\nThe student who is studying by living in the hostel run by the government. They will not be entitled to benefit under the said scheme.\nMust have Vaidya Bhamashah card and Aadhaar card.",
        "applicationProcess": "Online\nApplicant to log in to RajSSO Portal using his/her SSOID.\nIf SSOID is not available then the applicant to first register on RajSSO Portal to create SSOID and update SSO Profile at first login.\nAfter successful authentication/login and updation of the SSOID Profile and select the scheme name. \nSelect his/her name, the bank account and fill in personal details.\nUpload the required document.\nClick the “SUBMIT” button.",
        "documentsRequired": "Aadhaar Card. \nAnnual Income Of The Parent / Guardian - Non-Tax Payee. \nJanaadhaar Card Details Of Family And Student. \nBank Details Linked With the Janaadhaar Card Of Either The Family Head Or Student. \nCaste Certificate.\nBirth Certificate.",
        "sourcesAndReferences": {
            "sourcesAndReferences": "https://www.myscheme.gov.in/schemes/ehftg#sources",
            "details": "https://schemes.rajasthan.gov.in/scheme/detail/457",
            "registration": "https://sso.rajasthan.gov.in/register"
        },
        "Original Link": "https://www.myscheme.gov.in/schemes/ehftg"
    },
    {
        "schemeName": "Financial Assistance for the Treatment of Blind, Disabled, Deaf, Dumb, or Mentally Challenged Ex-Servicemen and their Dependents (Wife and Children)",
        "details": "The \"Financial Assistance for the Treatment of Blind, Disabled, Deaf, Dumb, or Mentally Challenged Ex-Servicemen and their Dependents (Wife and Children)\" scheme was launched by the Department of Sainik Welfare, Government of Rajasthan. The scheme aims to provide monthly financial assistance for the treatment of ex-servicemen and their dependents (wife & children) who have a disability of 40% or more and are suffering from serious illnesses such as cancer, leprosy, tuberculosis, kidney and cardiac ailments, paralysis, etc. Only an ex-serviceman of the rank of Havildar or below or a member of the family of an ex-serviceman whose disability is 40% or more is eligible to apply. This scheme came into effect on 01.07.2020, and financial assistance will be granted from the first day of the month in which the application is approved.",
        "benefits": "Financial Assistance:\nS. No. Percentage of Disability Financial Assistance Priority\n1 80% and above ₹3,000/- per month First Priority\n2 60% but less than 80% ₹2,000/- per month Second Priority\n3 40% but less than 60% ₹1,000/- per month Third Priority\nNote:\nThe assistance is provided for three years. After that, the applicant will re-apply for renewal.\nThe financial aid is disbursed online through the District Sainik Welfare Office.\nA maximum of two disabled family members of an ex-serviceman can avail of this benefit.\nThe financial assistance will cease upon the death of the disabled ex-serviceman or the disabled family member.",
        "eligibility": "The applicant should be a native of Rajasthan.\nThe applicant should either be an ex-serviceman as defined by the Government of India or a dependent family member (excluding parents) of ex-serviceman.\nOnly an ex-serviceman holding the rank of Havildar or below, or their family members, are eligible to apply.\nThe ex-serviceman or their dependent should have a disability of 40% or more.\nBoth pensioner and non-pensioner are eligible. However, ex-serviceman who is already receiving a disability pension from the Army cannot apply for financial assistance for himself based on their disability. He may apply on behalf of a disabled family member with 40% or more disability.\nUnder this scheme, the family members do not include parents. Only wife/widow, son/daughter are included.\nThe ex-serviceman’s disability will be considered valid regardless of whether it occurred during military service or after retirement.\nThe name of the disabled wife, son, or daughter should be recorded in the discharge book or Part II Order of the ex-serviceman.\nAssistance will not be provided to more than two members of the same family, including the ex-serviceman.\nA valid recommendation from the District Sainik Welfare Officer (DSWO) is mandatory.",
        "applicationProcess": "Offline\nApplication Process:\nStep 1: The interested applicant should visit the office of the District Sainik Welfare Office and request a hard copy of the prescribed format of the application form from the staff exclusively entrusted to issue and collect filled-in applications.\nOR\nThe applicant should download the application form (Page No. 5) from the official website.\nStep 2: In the application form, fill in all the mandatory fields and attach copies of all the mandatory documents (self-attest if required).\nStep 3: Submit the duly filled and signed application form along with the documents to the District Sainik Welfare Office.\nStep 4: Request a receipt or acknowledgment from the District Sainik Welfare Office to whom the application has been submitted. Ensure that the receipt contains essential details such as the date and time of submission and a unique identification number (if applicable).\nNOTE:\nIf the ex-serviceman/widow is alive, they apply; otherwise, a family member/guardian applies if the disabled applicant is unable.\nThe application should be made through the same District Sainik Welfare Officer from whom the ex-serviceman/widow's identity card was issued.\nBeneficiaries must reapply every three years for renewal.\nPost-Application Process:\nStep 1: The District Sainik Welfare Officer will verify the documents and forward the application to the Director, Sainik Welfare Department, Rajasthan, Jaipur.\nStep 2: A committee will review the applications every six months.\nStep 3: Approved applicants will receive financial assistance online.",
        "documentsRequired": "Discharge Book/Service Particulars\nDisability Certificate issued by a competent medical authority\nEx-Serviceman/Widow/Dependent ID Card issued by the District Sainik Welfare Office\nPension Payment Order (PPO), if applicable\nDeath Certificate (in case of deceased ex-serviceman or widow)\nAadhaar Card of the applicant\nBank Passbook Copy\nAny other documents as required",
        "sourcesAndReferences": {
            "sourcesAndReferences": "https://www.myscheme.gov.in/schemes/faafbdmmresf#sources",
            "guidelines": "https://sainikkalyan.rajasthan.gov.in/content/dam/doitassests/sainikwelfare/pdf/Amalgamatedfundschemes/Medical%20Assistance.pdf",
            "officialWebsite": "https://sainikkalyan.rajasthan.gov.in/content/raj/sainikwelfaresite/en/welfare-schemes/welfare-schemes-from-amalgamated-fund.html"
        },
        "Original Link": "https://www.myscheme.gov.in/schemes/faafbdmmresf"
    }
]