[
    {
        "schemeName": "Aastha Yojana",
        "details": "The scheme \"Aastha Yojana\" was launched by the Department of Social Justice and Empowerment, Government of Rajasthan. It aims to provide BPL-equivalent benefits to families with multiple specially-abled members. Under this scheme, eligible families receive free medical treatment, ration supplies, and other welfare benefits. To avail of the benefits, a family must possess an Aastha Card, and their annual income should not exceed ₹1.20 lakh.",
        "benefits": "Aastha cardholder families receive benefits similar to BPL families, including free medical treatment and ration supplies.\nNote: Aastha cardholders are entitled to benefits from all BPL-related schemes run by different state government departments.",
        "eligibility": "The applicant should be a native of Rajasthan.\nThe two or more members should be specially abled from the same family.\nThe applicant must have a disability of 40%.\nThe annual family income should not exceed ₹1,20,000/-.",
        "applicationProcess": "Offline\nStep 1: The interested applicant should visit office of the District Social Justice & Empowerment Office and request a hard copy of the prescribed format of the application form from the staff exclusively entrusted to issue and collect filled-in applications.\nStep 2: In the application form, fill in all the mandatory fields and attach copies of all the mandatory documents (self-attest, if required).\nStep 3: Submit the duly filled and signed application form along with the documents to the District Social Justice & Empowerment Office.\nStep 4: Request a receipt or acknowledgment from the District Social Justice & Empowerment Office to whom the application has been submitted. Ensure that the receipt contains essential details such as the date and time of submission and a unique identification number (if applicable).",
        "documentsRequired": "Identity proof\nDomicile Certificate\nDisability Certificate\nAadhaar Card\nAny Other Document if Required",
        "sourcesAndReferences": {
            "sourcesAndReferences": "https://www.myscheme.gov.in/schemes/asr#sources",
            "schemeDetails": "https://sje.rajasthan.gov.in/Default.aspx?PageID=114",
            "guidelines": "https://sje.rajasthan.gov.in/Schemes/AsthaCard.pdf"
        },
        "Original Link": "https://www.myscheme.gov.in/schemes/asr"
    },
    {
        "schemeName": "Gadiya Lohar Raw Material Purchase Grant-in-aid Scheme",
        "details": "The scheme \"Gadiya Lohar Raw Material Purchase Grant-in-Aid Scheme\" was introduced by the Social Justice and Empowerment Department, Government of Rajasthan. Under this scheme, the state government provides a one-time financial assistance of ₹10,000/- to the Gadia Lohar community of Rajasthan for purchasing raw materials, helping them become self-reliant in their business.",
        "benefits": "Under this scheme, the member of Gadia Lohar community of Rajasthan receives a one-time financial grant of ₹10,000/- to purchase raw materials for their business.",
        "eligibility": "The applicant should be a native of Rajasthan.\nThe applicant should belong to the Gadiya Lohar community.",
        "applicationProcess": "Offline\nStep 1: The interested applicant should visit (during office hours) the District Social Welfare Office and request a hard copy of the prescribed format of the application form from the staff exclusively entrusted to issue and collect filled-in applications.\nStep 2: In the application form, fill in all the mandatory fields and attach copies of all the mandatory documents (self-attest, if required).\nStep 3: Submit the duly filled and signed application form along with the documents to the District Social Welfare Office.\nStep 4: Request a receipt or acknowledgment from the District Social Welfare Office to whom the application has been submitted. Ensure that the receipt contains essential details such as the date and time of submission and a unique identification number (if applicable).\nNote: The applicant must submit a utilization certificate within 3 months.",
        "documentsRequired": "Identity proof\nCaste/Community Certificate\nAddress proof\nBank account details\nAny other documents if required",
        "sourcesAndReferences": {
            "sourcesAndReferences": "https://www.myscheme.gov.in/schemes/glrmy#sources",
            "guidelines": "https://sje.rajasthan.gov.in/Default.aspx?PageID=175",
            "amendment": "https://jankalyanfile.rajasthan.gov.in/Content/UploadFolder/DepartmentMaster/166/2023/Feb/30409/133142.pdf"
        },
        "Original Link": "https://www.myscheme.gov.in/schemes/glrmy"
    },
    {
        "schemeName": "Mukhyamantri Vishesh Yogyajan Swaraozgar Yojana",
        "details": "The scheme \"Mukhyamantri Vishesh Yogyajan Swaraozgar Yojana\" was launched by the Department of Social Justice and Empowerment, Government of Rajasthan. The scheme aims to provide financial assistance to specially-abled individuals for self-employment. Under this scheme, an amount of ₹5,00,000/- will be made available as a loan to specially-abled individuals in the state whose annual income, including that of their family, is up to ₹2,00,000/-, to help them start their own self-employment. A grant of 50% of the loan amount or a maximum of ₹50,000/-, whichever is less, will be provided.\nSelf-Employment/Business Activities:\nSTD/PCOs, Electric Motor (Sales and Service), Auto Parts Shop, Gold/Silver Jewelry Making, Gold/Silver Plating Work, Building Material Shop, Dhaba/Restaurant, Utensil Shop, Bicycle Sales, Repair, and Rental, Tailoring Shop, Artificial Jewelry Shop, Grocery/Betel/Fruit-Flower/Vegetable Shop, Fertilizer, Seed, Medicine, Agricultural Equipment Shop, Tent House, Dry Clean/Washing Shop, Bakery, Book, Stationery Shop, Electrical Goods Shop, Shoe, Slipper Making and Sales, Cloth Dyeing and Printing, Typing and Electronic Typing,  Computer Institute, Beauty Parlor, Readymade Garments, Mobile Computer Repairing, Steel Furniture, Flour Mill, Computer, Xerox Machine Center, Soft Toys Making, Animal Husbandry, Spray Painting, Offset Printing, Mobile Repair and Sales, Hardware Computer, Embroidery Work, Steel Fabrication, Fine Art, Screen Printing, Two-Wheeler Vehicle Service, Car Servicing and Washing, Cloth Matching Center (Ladies), Water Purifier Sales/Service, E-Mitra, Readymade Garments, Book Binding, TV Repair,  Electronics (Home Appliances), Interior Decoration, Crafts Work, Dairy Work, Poultry Farming, Turner Work, Fitter Work, Machinist Work, C and Fridge Repairing, Gem Cutting and Polishing, UPS/Inverter Sales and Service, Transformer Winding, DTP/Printing Machine, Other businesses as suggested from time to time by the Disabled Vocational Rehabilitation Center, Jaipur.",
        "benefits": "Financial Assistance\nLoan up to ₹5,00,000/- for starting self-employment.\nSubsidy of 50% of the loan amount or a maximum of ₹50,000, whichever is lower.\nNOTE: The loan is provided as one-time financial support.",
        "eligibility": "The applicant should be a specially-abled person as per the Persons with Disabilities Act, 1995.\nThe applicant should have a minimum disability of 40% or more.\nThe applicant should be a native of Rajasthan.\nThe applicant should be between 18 and 55 years of age.\nThe annual income of the applicant’s family should not exceed ₹2,00,000/- from all sources.\nThe applicant should not have availed of benefits under any other self-employment subsidy scheme like \"Kiyosk Yojana\" etc.\nThe applicant should not have any overdue loans from banks, cooperative societies, or government institutions.\nThe applicant should possess a valid disability certificate and passbook.",
        "applicationProcess": "Offline\nApplication Process:\nStep 1: The interested applicant should visit office of the District Social Justice and Empowerment Officer and request a hard copy of the prescribed format of the application form from the staff exclusively entrusted to issue and collect filled-in applications.\nOR\nThe applicant should download the application form from the official website. \nStep 2: In the application form, fill in all the mandatory fields and attach copies of all the mandatory documents (self-attest, if required).\nStep 3: Submit the duly filled and signed application form along with the documents to the District Social Justice and Empowerment Officer.\nStep 4: Request a receipt or acknowledgment from the District Social Justice and Empowerment Officer to whom the application has been submitted. Ensure that the receipt contains essential details such as the date and time of submission and a unique identification number (if applicable).\nPost-Application Process:\nStep 1: The District Officer of the Social Justice and Empowerment Department will verify the applicant's eligibility within one month of receiving the application.\nStep 2: Once eligibility is confirmed, the application will be forwarded to the concerned bank for loan approval. After the bank approves the loan as per the applicable rules, the grant will be sanctioned, and the applicant will be informed accordingly.",
        "documentsRequired": "Passport-size Photo\nProof of age\nCertificate of disability\nTraining Certificate (related to the scheme/business, if any)\nSelf-declaration (regarding income in the prescribed format)\nDomicile Certificate\nCaste Certificate\nIncome Certificate\nAffidavit on ₹10 Non-judicial Stamp Paper\nBank account details/Bank Passbook\nAny other documents as required",
        "sourcesAndReferences": {
            "sourcesAndReferences": "https://www.myscheme.gov.in/schemes/mmvyjsy#sources",
            "guidelines": "https://sje.rajasthan.gov.in/Default.aspx?PageID=115"
        },
        "Original Link": "https://www.myscheme.gov.in/schemes/mmvyjsy"
    },
    {
        "schemeName": "Grant on Passing the Written Examination of Competitive Examinations for Recruitment in Armed Forces",
        "details": "The scheme \"Grant on Passing the Written Examination of Competitive Examinations for Recruitment in Armed Forces\" was introduced by the Department of Sainik Welfare, Government of Rajasthan. Under this scheme, a grant of ₹15,000/- is provided from the Amalgamated Fund to the children of ex-servicemen who pass the written examination of CDS, NDA, IMA, OTA, Air Force, or Naval Academy, for the purpose of coaching. This scheme is applicable to applications received on or after 1st July, 2020.",
        "benefits": "A one-time grant of ₹15,000/- is provided to children of ex-serviceman who pass the written examination of CDS, NDA, IMA, OTA, Air Force, or Naval Academy, for the purpose of coaching.",
        "eligibility": "The applicant should be a native of Rajasthan.\nThe applicant should be the child of an ex-serviceman.\nThe applicant should have passed the written examination of NDA, CDS, IMA, OTA, Air Force, or Naval Academy.",
        "applicationProcess": "Offline\nStep 1: The interested applicant should visit the office of the District Sainik Welfare Office and request a hard copy of the prescribed format of the application form from the staff exclusively entrusted to issue and collect filled-in applications.\nStep 2: In the application form, fill in all the mandatory fields and attach copies of all the mandatory documents (self-attest, if required).\nStep 3: Submit the duly filled and signed application form along with the documents to the District Sainik Welfare Office.\nStep 4: Request a receipt or acknowledgment from the District Sainik Welfare Office to whom the application has been submitted. Ensure that the receipt contains essential details such as the date and time of submission and a unique identification number (if applicable).",
        "documentsRequired": "Identity proof of applicant\nProof of Passing the Written Examination – Admit card and result/scorecard/call letter from the recruiting authority (e.g., UPSC for CDS/NDA, etc.)\nProof of Relationship with Ex-Serviceman\nEx-Serviceman’s Discharge Certificate\nIdentity Proof of the Applicant\nResidence Proof\nBank Account Details\nPassport Size Photograph\nAny Other Document if Required",
        "sourcesAndReferences": {
            "sourcesAndReferences": "https://www.myscheme.gov.in/schemes/cgsces#sources",
            "guidelines": "https://sainikkalyan.rajasthan.gov.in/content/dam/doitassests/sainikwelfare/pdf/Amalgamatedfundschemes/NDA.pdf",
            "officialWebsite": "https://sainikkalyan.rajasthan.gov.in/content/raj/sainikwelfaresite/en/welfare-schemes/welfare-schemes-from-amalgamated-fund.html",
            "schemeDetails(pageNo.27)": "https://sainikkalyan.rajasthan.gov.in/content/dam/doitassests/sainikwelfare/pdf/Booklet/Sainik%20Kalyan%20Welfare%20Scheme%20Book%204.44.pdf"
        },
        "Original Link": "https://www.myscheme.gov.in/schemes/cgsces"
    },
    {
        "schemeName": "Leather Training Scheme - Rajasthan",
        "details": "The \"Leather Training Scheme\" was started by the Department of Industries, Government of Rajasthan in the year 1990 with the aim of promoting the leather industry, improving the production and quality of leather products, developing new designs, and generating self-employment. Under this scheme, training in the latest techniques for leather dyeing, Nagara Jooti, leather goods, and leather toys is provided through District Industry Centers. The duration of the training is 2 months. Under the training program, a batch of 15 trainees has been designated for leather dyeing and Nagara Jooti making, while a batch of 20 trainees has been designated for leather goods and leather toy manufacturing.",
        "benefits": "Skill Development Training\nModern technical training in Nagara Jooti (15 trainees per batch). \nLeather goods training (20 trainees per batch).\nStipend\nEach trainee receives ₹500/- per month during the training period.\nTool Kits\nTool kits worth up to ₹1,000/- are provided to each trainee after successful completion of the training.\nTraining Duration \nTwo months.",
        "eligibility": "The applicant should be a native of Rajasthan.\nThe applicant's age should be between 18 to 35 years.\nThe applicant should belong to the Scheduled Caste (SC), Scheduled Tribe (ST), Other Backward Class (OBC), or General category.\nThe applicant should be literate.\nNote 1: The Selection Committee has the authority to provide up to 10 years of age relaxation on a case-by-case basis.\nNote 2: Preference will be given to trainees who have passed 8th standard and are more educated.",
        "applicationProcess": "Offline\nStep 1: The applicant must write an application on plain paper mentioning complete personal details.\nStep 2: Attach copies of all the mandatory documents (self-attest if required).\nStep 3: Submit the duly filled and signed application form along with the documents to the General Manager of the concerned District Industries and Commerce Centre (DIC).\nStep 4: Request a receipt or acknowledgment from the General Manager to whom the application has been submitted. Ensure that the receipt contains essential details such as the date and time of submission and a unique identification number (if applicable).",
        "documentsRequired": "Identity proof\nDomicile Certificate\nProof of age\nEducational Certificate\nCaste Certificate, if applicable\nBank account details\nAny Other Document if Required",
        "sourcesAndReferences": {
            "sourcesAndReferences": "https://www.myscheme.gov.in/schemes/cpyr#sources",
            "schemeDetails": "https://industries.rajasthan.gov.in/icom/#/scheme/detail/666",
            "guidelines": "https://istart.rajasthan.gov.in/public/uploads/notifications/1578051347_1344.pdf"
        },
        "Original Link": "https://www.myscheme.gov.in/schemes/cpyr"
    },
    {
        "schemeName": "Assistance for Quality Enhancement",
        "details": "The \"Assistance for Quality Enhancement\" scheme was started under Rajasthan MSME Policy 2024 by the Department of Industries & Commerce, Government of Rajasthan. The scheme envisages to support Micro and Small enterprises in state to improve the quality of their products and processes through assistance towards the cost incurred for quality certification as well as other system certifications and Intellectual Property Right. This scheme will remain in force until 31st March 2029. \nScheme Implementation\nThis scheme component is implemented through the respective District Industries & Commerce Centers (DICCs) in their districts under the aegis of the Department of Industries & Commerce. Office of the Commissioner, Industries & Commerce will be the nodal agency for the implementation and supervision of the scheme at the state level.",
        "benefits": "One-Time Financial Assistance:\nReimbursement of up to 50% of the total cost incurred for obtaining quality certifications (e.g., BIS, FSSAI), system certifications (e.g., ISO, ZED), and Intellectual Property Rights (IPRs), subject to a maximum of ₹3,00,000/- per unit.\nNote: Micro and Small Enterprises may acquire such certifications from any government agency or an agency authorized by the Government of India or the Government of Rajasthan.\nCosts Covered:\nDocumentation and consultation fees\nTesting and calibration charges\nAccreditation, license, and application fees\nMode of Disbursement:\nThe approved amount is directly transferred to the applicant’s authorized bank account.",
        "eligibility": "All Micro and Small Enterprises existing anywhere in Rajasthan will be required to comply with the following conditions to avail benefits under the scheme:\nThe enterprise will be required to have Udyam Registration Certificate (URC) as per MSME Development Act 2006.\nThe enterprise should apply for the one-time reimbursement within 12 months of obtaining the quality certification/(s).\nCost of certification will include documentation, testing, accreditation fee, consultation fee, and calibration charges (till the enterprise obtain the certificate), application fee, license fee and other relevant fees.\nCertification should be related to the product or process of the enterprise.\nThe enterprise should be in commercial production at the time of disbursement and the assistance shall not be released to the closed unit.\nOne MSME enterprise can apply only once under the scheme.",
        "applicationProcess": "Offline\nApplication Process:\nStep 1: The interested applicant downloads the application form (Annexure 4.1) from the official website. \nStep 2: In the application form, fill in all the mandatory fields, and attach copies of all the mandatory documents (self-attest, if required).\nStep 3: Submit the duly filled and signed application form along with the documents to the respective General Manager, District Industries & Commerce Centre (DICC).\nVerification Process:\nStep 1: The District Level Task Force Committee (DLTFC) will review and approve, partially approve, or reject the application.\nStep 2: Upon approval, an approval letter will be issued by the GM, DICC.\nStep 3: The sanctioned assistance will be disbursed to the applicant’s authorized bank account.",
        "documentsRequired": "Copy of Udyam Registration Certificate\nCertificate of Incorporation/Partnership Deed/Firm Registration (as applicable)\nBoard Resolution or Power of Attorney in the name of Authorized Signatory\nCopy of Certification/IPR and other related documents\nBills of Eligible Expenses and Proof of Payment\nProof of Regular Commercial Production (e.g., Recent Sale Bill)\nBank Account Details (Cancelled Cheque) and PAN Card\nUndertaking/Declaration on Non-Judicial Stamp Paper (Annexure 4.2)\nCA-Certified Statement of Expenditure (Annexure 4.3)",
        "sourcesAndReferences": {
            "sourcesAndReferences": "https://www.myscheme.gov.in/schemes/afqe#sources",
            "guidelines(pageNo.32)": "https://jankalyanfile.rajasthan.gov.in//Content/UploadFolder/OrderEntry/ICOM/2025/Guidelines/O_030325_26f50adb-f7b4-4eb5-b94d-1e5e45451a85.pdf"
        },
        "Original Link": "https://www.myscheme.gov.in/schemes/afqe"
    },
    {
        "schemeName": "Indira Priyadarshini Award",
        "details": "The \"Indira Priyadarshini Award\" scheme was launched by the Secondary and Elementary Education Department, Government of Rajasthan, in the year 2019-20. The scheme aims to encourage academic excellence among girl students belonging to eight specified social categories: Scheduled Caste, Scheduled Tribe, Other Backward Class, Minority, Disabled, General Category, Special Backward Class, and Below Poverty Line (BPL). \nUnder this scheme, a one-time financial reward is provided to girl students who secure the first position in each district in Class 8th, Class 10th, and Class 12th (separately for Arts, Science, & Commerce streams) examinations conducted by the Rajasthan Board of Secondary Education. Additionally, a girl student who secures the first position at the state level in the Class 8th, Praveshika and Varishtha Upadhyay examinations conducted by the Sanskrit Education Department is also rewarded under this scheme in each of the above-mentioned social categories. \nFrom the academic year 2021–22, the award has been extended to eight girl students of Class 10th and eight girl students of Class 12th who secure the first position at the state level in the vocational education examination within the specified social categories. Furthermore, from the same year, girl students of Swami Vivekanand Government Model Schools who secure the first position at the state level in the respective categories and obtain a CGPA of 9 or above are also eligible for the award.\nImplementation:\nThe scheme is implemented by the Balika Shiksha Foundation, Jaipur. \nAward Ceremony:\nThe awards are presented ceremoniously every year on November 19, the birth anniversary of Smt. Indira Gandhi, at the district headquarters.",
        "benefits": "The scheme provides the following one-time financial rewards to the girl students:\nClass 8 Girl Students:\n₹40,000/- cash prize (Who secure first position at the district or state level).\nClass 10 Girl Students:\n₹75,000/- cash prize (Who secure first position at the district or state level).\nClass 12 Girl Students (Arts, Science, and Commerce streams – considered separately):\n₹1,00,000/- cash prize (Who secure first position at the district or state level).\nA Scooty is also provided to all awardees of Class 12.\nVocational Education (From 2021–22):\nGirls from the above categories who secure first position at the state level in vocational exams are also awarded.\nSwami Vivekanand Government Model Schools (From 2021–22):\nTop 8 girls each from Class 10 and Class 12 who score 9 CGPA or more are awarded at the state level.",
        "eligibility": "The applicant should be a native of Rajasthan.\nThe applicant should be a girl student and enrolled as a regular student.\nThe applicant should belong to one of the following categories: Scheduled Castes (SC), Scheduled Tribes (ST), Other Backward Classes (OBC), Minority Communities, Differently-abled (Disabled), General Category, Special Backward Classes (SBC), or Below Poverty Line (BPL).\nThe applicant should have secured the first position at the district level in Class 8, 10, or 12 examinations (Arts, Science, or Commerce stream) conducted by the Rajasthan Board of Secondary Education.\nThe student should have obtained at least 60% marks in the respective examination.\nGirl students who secure the first position at the state level in Class 8, (10) Praveshika, or (12) Varishtha Upadhyay examinations conducted by the Sanskrit Education Department are also eligible.\nGirl students securing the first position at the state level in vocational education examinations for Class 10 or 12 are eligible under the scheme.\nGirl students from Swami Vivekananda Government Model Schools who score a CGPA of 9.0 or above in Class 10 or 12 are also eligible.\nNote: The caste/category certificate submitted by the student at the time of applying for the board examination will be treated as final.",
        "applicationProcess": "Offline\nApplication Process:\nStep 1: Eligible girl students should contact any of the following authorities based on their category:\nThe District Education Officer (Head Office),\nThe District Education Officer (Secondary Education – Nodal Officer), or\nThe Directorate of Sanskrit Education (for Sanskrit award category).\nStep 2: Request the prescribed application form in hard copy from the respective authority.\nStep 3: Fill out the application form carefully. Attach self-attested copies of all required documents, as specified.\nStep 4: Submit the completed application form along with the documents to the concerned office within the stipulated deadline.\nPost-Application Process:\nStep 1: The Nodal District Education Officer (Head Office) of Secondary Education will prepare a list of girl students who secured the first position in various board examination categories. This list must be submitted to the Directorate of Secondary Education by August 15. Or,\nFor the Sanskrit Education category (Classes 8, 10 – Pre-Visharad, and 12 – Senior Secondary), the Directorate of Sanskrit Education will prepare the list of top-ranking girls and submit it by August 15 to the Directorate of Secondary Education.\nStep 2: The Director, Secondary Education will compile and forward the final list of eligible candidates to the Secretary, Balika Shiksha Foundation for award disbursal.\nAward Distribution:\nAwards will be distributed by the District Education Officer (Head Office) and the Nodal Officers for Secondary and Sanskrit Education. The respective institution heads/principals will also be notified.\nIf the awardee is currently enrolled in a different institution from where she appeared for the examination, the award will be presented at her current institution after due verification by the head of the institution.\nNotes:\nGirls who are not currently enrolled in any institution or have discontinued their studies can still claim the award by submitting a self-declaration on plain paper.\nAwards will be distributed during the “Balika Shiksha Samman Samaroh”, held annually on September 19. If the event is postponed, a revised date will be announced in advance.\nAwards are non-transferable and are valid only for the specified category and academic year.",
        "documentsRequired": "Identity proof\nCaste Certificate Copy\nResidence proof\nDisability certificate, if applicable\nBPL Certificate, if applicable\nBank Passbook Copy\nEducation Qualification Marksheet/Certificate Copy\nSelf-declaration (if not enrolled in any school)\nRecommendation from school principal/head (if still enrolled)",
        "sourcesAndReferences": {
            "sourcesAndReferences": "https://www.myscheme.gov.in/schemes/ipy#sources",
            "schemeDetails": "https://evaluation.rajasthan.gov.in/scheme/detail/335",
            "notification": "https://rajshaladarpan.rajasthan.gov.in/SD2/BSP/Home/ShowFile.aspx?oid=63d0d28f12a7f249a0d6a548",
            "notice": "https://rajshaladarpan.rajasthan.gov.in/SD2/BSP/Home/ViewDocument.aspx?utm_source=chatgpt.com"
        },
        "Original Link": "https://www.myscheme.gov.in/schemes/ipy"
    },
    {
        "schemeName": "Scheme for Additional Interest Subsidy over and above RIPS 2024 and Reimbursement of Annual Credit Guarantee Fee",
        "details": "The \"Scheme for Additional Interest Subsidy over and above RIPS 2024 and Reimbursement of Annual Credit Guarantee Fee\" has been  introduced under the Rajasthan MSME Policy 2024 by the Department of Industries and Commerce, Government of Rajasthan. Under this scheme, support will be provided to selected projects for establishment of new MSMEs or for expansion/ diversification/ modernization of existing MSMEs through the provisions given in the policy. The scheme will remain in force until 31st March 2029.\nObjective:\nThe scheme’s objective is to create new employment opportunities for all sections of society in the state and to ease the establishment of enterprises in the state. The policy envisages supporting the creation of new MSMEs or the expansion/diversification/modernization of existing MSMEs through additional interest subsidies and collateral-free loans. \nScheme Implementation:\nThis scheme will be implemented through the respective District Industries & Commerce Centers in their districts under the aegis of the Department of Industries & Commerce. Office of the Commissioner, Industries & Commerce will be the nodal agency for the implementation and supervision of the scheme at the state level.",
        "benefits": "Additional Interest Subsidy support over and above RIPS 2024 will be provided to eligible projects for establishment of new MSMEs or for expansion/ diversification/ modernization of existing MSMEs as per below:\nLoan Amount for plant and machinery/equipment or apparatus Interest Subvention as per RIPS 2024 Additional Interest Subvention under the scheme\nUp to INR 5 crores 6% 2%\nINR 5 crores-10 crores 4% 1%\nINR 10 crores-50 crores 3% 0.5%\nNote 1: The duration of the additional interest subsidy will be the same as prescribed under RIPS’2024 for MSMEs.\nNote 2: Enterprises availing collateral free term loan for plant and machinery/ equipment or apparatus (for loan amount below INR 5 Cr. only) from Member Lending Institutions (MLIs) under CGTMSE will be eligible to avail assistance as reimbursement of 100% Annual Guarantee Fees paid to MLIs for the period of seven (7) years.",
        "eligibility": "Following type of beneficiaries would be eligible for additional interest subsidy as per the scheme:\nInterest subvention subsidy should have been approved for the applicant under RIPS 2024; and\nBeneficiary enterprise should fall under any of the following categories:\nOne District One Product (ODOP) enterprises in respective districts.\nEnterprises owned by Scheduled Caste (SC)/Scheduled Tribe (ST) or women entrepreneurs.\nYoung entrepreneurs in the state in the age group of 18 to 45 years for starting their new enterprise for a maximum loan amount of up to ₹10 crore. \nEstablishment of new MSMEs or expansion/ diversification/ modernization of existing MSMEs in Area Category 3 as defined in RIPS 2024.",
        "applicationProcess": "Offline\nApplication Process:\nStep 1: The interested applicant downloads the application form (Annexure 1.1) from the official website. \nStep 2: In the application form, fill in all the mandatory fields and attach copies of all the mandatory documents (self-attest, if required).\nStep 3: Submit the duly filled and signed application form along with the documents to the respective-\nThe General Manager, District Industries & Commerce Centre (DICC), for loans up to ₹10 crores.\nThe Commissioner, Industries & Commerce, for loans above ₹10 crores.\nNote: The application must be submitted within 6 months of approval of interest subvention under RIPS 2024.\nPost-Application Process:\nStep 1: Applications are reviewed by the District Level Task Force Committee (DLTFC) for loans up to ₹10 crores or the High-Level Task Force Committee (HLTFC) above ₹10 crores under the chairmanship of the Commissioner of Industries and Commerce, Government of Rajasthan. \nStep 2: After approval, the applicant will claim the subsidy and reimbursement quarterly by submitting a CA Certificate (Annexure 1.2) in the prescribed form to the concerned GM, DICC. \nStep 3: GM, DICC disburses the sanctioned amount.\nCondonation of Delay:\nIn case of delayed submission of application, approval committee (DLTFC or HLTFC) would reserve the right to condone the delay up to a maximum of 6 months, provided applicant presents valid reasons for the delay in writing.\nDisbursement of the benefits:\nThe applicant shall submit the claim to the concerned GM DICC for release of interest subsidy as well as reimbursement of Annual Credit Guarantee fee as per the prescribed CA Certificate.\nConcerned General Manager, District Industries & Commerce Center (DICC) will be authorized to release the Interest Subsidy as per the provisions of the approval of the DLTFC/ HLTFC.\nNote:\nThe applicant's claim submission for interest subsidy and annual credit guarantee fee reimbursement is eligible only following the release of the interest subsidy under RIPS 2024 for that specific quarter.",
        "documentsRequired": "Board Resolution/Power of attorney in the name of Authorized Signatory\nUdyam Registration Certificate (URC)\nApplication made under RIPS 2024 along with the Project Report submitted \nLoan sanction letter, repayment schedule(s), and disbursal schedule (till date of production) from lending institution/bank(s)\nCertification confirming utilization of loan for purchase of plant and machinery/equipment or apparatus\nCopy of first bill of sale/supply\nCopy of Sanction/Approval Letter/EC issued for Interest Subvention under RIPS 2024\nRelevant certificates/documents confirming adherence to the eligibility criteria\nUndertaking/Declaration on non-judicial stamp paper as per Annexure 1.3",
        "sourcesAndReferences": {
            "sourcesAndReferences": "https://www.myscheme.gov.in/schemes/saisoarracgf#sources",
            "guidelines(pageNo.3)": "https://jankalyanfile.rajasthan.gov.in//Content/UploadFolder/OrderEntry/ICOM/2025/Guidelines/O_030325_26f50adb-f7b4-4eb5-b94d-1e5e45451a85.pdf"
        },
        "Original Link": "https://www.myscheme.gov.in/schemes/saisoarracgf"
    },
    {
        "schemeName": "Assistance Towards Expenses Incurred for Raising of Funds through NSE’s/ BSE’s SME Exchange Platform",
        "details": "The “Assistance towards Expenses Incurred for Raising of Funds through NSE’s/BSE’s SME Exchange Platform” scheme has been introduced under the Rajasthan MSME Policy 2024 by the Department of Industries and Commerce, Government of Rajasthan. The scheme aims to support enterprises raising equity through NSE/BSE’s exchange platforms to ease the liquidity constraints. This scheme will remain in force until 31st March 2029.\nScheme Implementation:\nThis scheme component will be implemented through the Department of Industries & Commerce. Office of the Commissioner, Industries & Commerce will be the nodal agency for the implementation and supervision of the scheme at the state level.",
        "benefits": "Financial Assistance:\nThe state shall provide one-time support up to a maximum of ₹15,00,000/- towards expenses incurred for raising of funds through NSE’s/ BSE’s SME exchange platform after successful raising of equity.\nFollowing expenditure to be covered under the assistance:\nStock Exchange Filing Fees\n“Registrar to the issue” Expenses\nStock Exchange Software Expenses\nSEBI registered merchant banker charges\nRTA Fees, CDSL and NSDL joining and admission Fees\nAdvertising charges\nNSE or BSE Fees and other Expenses\nMarket making fees\nNote:\nThe enterprise must be commercially active and in regular production at the time of disbursement.\nThe assistance will be released only after successful listing and verification of documents.",
        "eligibility": "All small and medium enterprises (SMEs) in Rajasthan must fulfill the following criteria:\nSmall & medium enterprises having a Udyam Registration Certificate (URC) or MSME registration under MSMED Act, 2006.\nEnterprise raising the equity capital through SME Exchange platforms should be established in Rajasthan.\nEnterprise should have successfully raised capital through SME Exchange during the operative period of the scheme and would also need to file the application within the operative period of the scheme.\nApplicant will be required to submit application within one year from the date of successfully listing on SME Exchange Platform.\nEnterprise should have followed the guidelines of SEBI for raising capital through SME Exchange.\nEnterprises engaged in Manufacturing and Services only will be eligible for the scheme.\nThe enterprise should be in regular production/ commercially active at the time of disbursement and the assistance shall not be released to a closed unit.",
        "applicationProcess": "Offline\nApplication Process:\nStep 1: The interested applicants may download the application form (Annexure 2.1) from the official website. \nStep 2: In the application form, fill in all the mandatory fields, and attach copies of all the mandatory documents (self-attest, if required).\nStep 3: Submit the duly filled and signed application form along with the documents to the respective Commissioner, Industries & Commerce.\nNote:\nThe application must be submitted within one year from the date of successful listing.\nThe office of the Commissioner, Industries & Commerce/Concerned DICC may conduct the necessary physical verification of the enterprise to validate the authenticity of the documents.\nPost-Application Process:\nStep 1: The application will be evaluated by the Department of Industries & Commerce.\nStep 2: The application is reviewed by the High-Level Task Force Committee (HLTFC).\nStep 3: Upon approval, an approval letter is issued.\nStep 4: The approved amount will be disbursed to the enterprise’s bank account under the RAMP fund.",
        "documentsRequired": "Certificate of Incorporation/Partnership deed or equivalent document\nMemorandum of Association & Article of Association or equivalent documents\nBoard Resolution/Power of attorney in the name of Authorized Signatory\nUdyam Registration Certificate (URC)\nCA certified expenditure statement as per Annexure 2.2 with expense vouchers/bills\nCopy of SME Exchange Registration\nOther Registrations/Licenses/Approval/Permission\nCopy of Application Form prepared by enterprise for Equity Capital issue.\nCopy of Public Issue Brochure\nProof for Commencement of Commercial Production (Recent Sale Bill)\nBank account details/copy of cancelled cheque and PAN number card\nAudited balance sheet of the unit of last year.\nUndertaking/Declaration on non-judicial stamp paper as per Annexure 2.3",
        "sourcesAndReferences": {
            "sourcesAndReferences": "https://www.myscheme.gov.in/schemes/atwirftnbsep#sources",
            "guidelines(pageNo.13)": "https://jankalyanfile.rajasthan.gov.in//Content/UploadFolder/OrderEntry/ICOM/2025/Guidelines/O_030325_26f50adb-f7b4-4eb5-b94d-1e5e45451a85.pdf"
        },
        "Original Link": "https://www.myscheme.gov.in/schemes/atwirftnbsep"
    },
    {
        "schemeName": "Kasturba Gandhi Special Term Deposit Receipt Scheme",
        "details": "The \"Kasturba Gandhi Special Term Deposit Receipt Scheme\" was launched by the Department of Education, Government of Rajasthan. Under this scheme, girls who complete Class 8 from Kasturba Gandhi Residential Girls' Schools and continue their regular studies in government schools are eligible for financial support. Those who secure at least 50% marks in Class 10 and enroll in Class 11 will be awarded a Special Term Deposit Receipt (STDR) of ₹2,000/- with a maturity period of five years.\nSimilarly, girls who achieve a minimum of 50% marks in Class 12 and enroll in the first year of a graduation course will receive an STDR of ₹4,000/- with a maturity period of three years.",
        "benefits": "Monetary Benefits:\nA Special Term Deposit Receipt (STDR) of ₹2,000/- for girl students enrolled in Class 11.\nA Special Term Deposit Receipt (STDR) of ₹4,000/- for girl students pursuing a graduation course.\nMode of Disbursement:\nSTDRs (Special Term Deposit Receipts) in the name of the student.\nValidity:\nAn STDR of ₹2,000/- is valid for 5 years.\nAn STDR of ₹4,000/- is valid for 3 years.",
        "eligibility": "General Eligibility\nThe applicant should be a native of Rajasthan state.\nThe applicant should be a girl student.\nThe applicant should have passed the 8th class from a Kasturba Gandhi Residential Girls School in Rajasthan.\nEligibility Criteria for Class 10th Students\nThe applicant should have passed the 10th class with a minimum of 50% marks while studying in a government school. \nThe applicant should be enrolled in the 11th class in a government school. \nEligibility Criteria for Class 12th Students\nThe applicant should have passed class 12th with at least 50% marks from a government school \nThe applicant should be enrolled in the first year of a recognized undergraduate course.",
        "applicationProcess": "Online\nApplication Process:\nStep 1: To avail of the benefits of the scheme, the applicant needs to contact their respective school.\nStep 2: Eligible students are identified by the head of their institution.\nStep 3: Submit copies of all the mandatory documents (self-attested, if required) to the respective school.\nStep 4: The school will visit the Shala Darpan, Rajasthan Portal.\nStep 5: Using the school's login credentials (Login ID and Password), the school will fill and submit the application form. \nPost-Application Process:\nStep 1: The filled applications are forwarded to the District Education Officer (DEO), Primary/Secondary Education.\nStep 2: The DEO compiles and forwards all verified applications to the Directorate of Secondary Education, Bikaner, Rajasthan.",
        "documentsRequired": "Aadhaar Card or Jan Aadhaar Card of the student\nMarksheet Copy\nCertificate of Regular Study\nAny Other Document if Required",
        "sourcesAndReferences": {
            "sourcesAndReferences": "https://www.myscheme.gov.in/schemes/kgsfdrs#sources",
            "guidelines": "https://rajshaladarpan.rajasthan.gov.in/SD2/BSP/Home/ShowFile.aspx?oid=63d105de12a7f949a0e67697",
            "schemeDetails": "https://rajshaladarpan.rajasthan.gov.in/SD2/BSP/Home/ViewDocument.aspx"
        },
        "Original Link": "https://www.myscheme.gov.in/schemes/kgsfdrs"
    }
]