[
    {
        "schemeName": "Shubhshakti Yojana",
        "details": "The Shubshakti Yojana has been initiated by the Rajasthan government with the aim of providing financial assistance to regular construction workers, unmarried laborers, and their daughters. The primary objective of this scheme to support and strengthen the daughters of labour families in Rajasthan state.",
        "benefits": "Receives a financial assistance of ₹55,000/-.\nThe amount is directly transferred to the beneficiary's bank account.\nThe funds can be used for various purposes, including:\nHigher education\nVocational training\nStarting a business\nSkill development training\nMarriage expenses",
        "eligibility": "One parent (either father or mother or both) must be registered as a beneficiary/construction worker for at least one year in the board.\nA maximum of two daughters of the beneficiary or the female beneficiary and her one daughter will be given the incentive amount.\nThe female beneficiary must be unmarried or the beneficiary's daughter must be at least 18 years old and unmarried.\nThe daughter of the beneficiary/female beneficiary must have passed at least the 8th standard.\nThere should be a savings bank account in the name of the daughter of the beneficiary/female beneficiary.\nIf the beneficiary has his own house, there should be a toilet in the house.\nThe beneficiary must have worked as a construction worker for at least 90 days during the year before the application date.\nThe incentive amount will be payable only after physical verification of the beneficiary being a construction worker, which can be done by various authorities.\nThe incentive amount can be used by the female beneficiary/daughter for further education, vocational training, starting her own business, or for her own marriage, with proper counseling.\nThe application for the scheme must be submitted in the prescribed form by the beneficiary after completing one year as a registered beneficiary, and the beneficiary's identity card must be valid/active at the time of application.\nGirls who have already received assistance under the Board's Marriage Assistance Scheme earlier will not be eligible for assistance under this scheme.",
        "applicationProcess": "Online\nRegistration\nStep-1: Applicant have to visit the official portal. \nStep-2: Click on the option “Register”.\nStep-3: Then you will be redirected to the SSO registration page. The registration page will appear with the following options.\n  Citizen\nStep-4: Choose the either one option from  the Jan Aadhaar Or Google to process further.\nJan Aadhaar : Enter the Jan Aadhaar number, click on the ‘Next’ button,\nSelect your name, the name of the head of the family and all the other members and \nClick on the ‘Send OTP’ button. Enter the ‘OTP’ and \nClick on the ‘Verify OTP’ button to Complete the registration. \nGoogle : Enter the Gmail ID, click on the ‘Next’ button, \nEnter the password.\nA new link appear on screen, now click on new SSO link.\nSSO id will appear on screen, now create the password.\nEnter Mobile number, click on registration.\n Apply \nStep-1: Applicant have to visit the official portal. \nStep-2: After login, dashboard will open.\nStep-3: Click on “LDMS” option.\nStep-4: In LDMS, select \"Welfare Schemes\" from the side menu and select BOCW Welfare Board. \nStep-5: Now click on \"Apply for Scheme\" on screen. \nStep-6: In this new page, will get a list of names of all the schemes of Rajasthan Shramik Card, out of which click on the name of \"Shubhshakti Yojana\"\nStep-7: Fill out the all relevant detail. \nStep-8: Submit.",
        "documentsRequired": "Copy of beneficiary's registration identity card.\nBank passbook front page copy (Account holder name, Account No, IFSC code).\nAadhaar Card or Copy of Bhamashah Card (Optional).\nBeneficiary's daughter's birth certificate.\n8th class mark sheet (Issued by the private school recognized by the state or state government).\nPassport size photo.",
        "sourcesAndReferences": {
            "sourcesAndReferences": "https://www.myscheme.gov.in/schemes/sbsky#sources",
            "guidelines": "https://jankalyanfile.rajasthan.gov.in/Content/UploadFolder/Scheme/LAB_/SSY/DOC_221_3508d3ec-1148-4bd3-a9c9-612934bad740.pdf",
            "registration": "https://sso.rajasthan.gov.in/register",
            "login": "https://sso.rajasthan.gov.in/signin"
        },
        "Original Link": "https://www.myscheme.gov.in/schemes/sbsky"
    },
    {
        "schemeName": "Nirman Shramik Auzaar Toolkit Sahayata Yojana",
        "details": "The NIRMAN SHRAMIK AUZAAR TOOLKIT SAHAYATA YOJANA is a social welfare scheme launched by the Government of Jharkhand to provide financial assistance to registered construction workers in the state for the purchase of essential tools and equipment required for their work.\n\nObjectives\nTo improve the working conditions and productivity of construction workers in Jharkhand.\nTo reduce the financial burden on construction workers for purchasing essential tools and equipment.\nTo promote the overall socio-economic development of construction workers in the state.",
        "benefits": "Actual cost of purchasing tools/toolkit or ₹ 2,000/-, whichever is less",
        "eligibility": "The applicant must be a native of the Rajasthan state.\nThe applicant must be a registered construction worker for 3 years.\nAmount payable only on purchasing tools/toolkits related to one's work or business.\nThe purchase of tools/toolkits will be done by the construction worker himself and the bill is required to be attached to the application.",
        "applicationProcess": "Online\nRegistration\nStep-1: Applicant have to visit the official portal. \nStep-2: Click on the option “Register”.\nStep-3: Then you will be redirected to the SSO registration page. The registration page will appear with the following options.\n  Citizen\nStep-4: Choose the either one option from  the Jan Aadhaar Or Google to process further.\nJan Aadhaar : Enter the Jan Aadhaar number, click on the ‘Next’ button,\nSelect your name, the name of the head of the family and all the other members and \nClick on the ‘Send OTP’ button. Enter the ‘OTP’ and \nClick on the ‘Verify OTP’ button to Complete the registration. \nGoogle : Enter the Gmail ID, click on the ‘Next’ button, \nEnter the password.\nA new link appear on screen, now click on the new SSO link.\nSSO id will appear on the screen, now create the password.\nEnter Mobile number, click on registration.\nStep-5: Submit.\n Apply \nStep-1: Applicant have to visit the official portal. \nStep-2: After login, dashboard will open.\nStep-3: Click on “LDMS” option.\nStep-4: In LDMS, select \"Welfare Schemes\" from the side menu and select BOCW Welfare Board. \nStep-5: Now click on \"Apply for Scheme\" on screen. \nStep-6: In this new page, will get a list of names of all the schemes of Rajasthan Shramik Card, out of which click on the name of \"Yojana\"\nStep-7: Fill out the all relevant detail. \nStep-8: Submit.",
        "documentsRequired": "Copy of the registration identity card of the beneficiary.\nCopy the first page of the beneficiary's bank account passbook (the beneficiary's name, bank account number, and IFSC code are mentioned).\nCopy of the beneficiary's Aadhar card and Bhamashah card.\nCopy of sales receipt of tools/toolkit.",
        "sourcesAndReferences": {
            "sourcesAndReferences": "https://www.myscheme.gov.in/schemes/nsatsy#sources",
            "guidelines": "https://jankalyan.rajasthan.gov.in/#/scheme/detail/227",
            "registration": "https://sso.rajasthan.gov.in/register",
            "apply": "https://sso.rajasthan.gov.in/signin"
        },
        "Original Link": "https://www.myscheme.gov.in/schemes/nsatsy"
    },
    {
        "schemeName": "Hita-dhikaari Ke Samanye Athava Durghatana Me Mrityu Ya Ghayal Hone Ki Dasha Me Sahayata Yojana",
        "details": "The Beneficiary's Death or Injury Assistance Scheme, established by the Labor department of Rajasthan State, is a compassionate government program designed to offer a helping hand to families of beneficiaries who have experienced the loss of a loved one or the sudden hardship of an injury, regardless of whether the cause was natural or accidental. Recognizing the significant emotional and financial strain that such events can inflict, this initiative aims to provide a measure of financial security during these difficult times, allowing families to focus on healing and rebuilding their lives.",
        "benefits": "In case of death due to accident : ₹5,00,000/-\nIn case of permanent total disability due to accident : ₹3,00,000/-\nPermanent total disability means disabling of two eyes or both hands or both legs due to accident.\nIn case of partial permanent disability due to accident : ₹1,00,000/-\nPermanent partial disability means disabling of one hand or one leg.\nIn case of serious injury in an accident : Up to ₹20,000/-\n (Serious injury in an accident means the beneficiary being admitted as an in-patient in the hospital for at least 5 days. The determination of serious injury will be decided based on the certificate issued by the Medical Board .)\nIn case of minor injuries in an accident : Up to ₹5,000/-\nMinor injuries means hospitalization as an inpatient in a hospital for less than 5 days\nIn case of normal death of a construction worker : ₹75,000/-",
        "eligibility": "Construction workers must be between 18 to 60 years of age.\nConstruction workers must be registered with the labor board.\nConstruction worker must be depositing their contributions regularly.",
        "applicationProcess": "Online\nRegistration\nStep-1: Applicant have to visit the official portal. \nStep-2: Click on the option “Register”.\nStep-3: Then you will be redirected to the SSO registration page. The registration page will appear with the following options.\n  Citizen\nStep-4: Choose the either one option from  the Jan Aadhaar Or Google to process further.\n Jan Aadhaar : Enter the Jan Aadhaar number, click on the ‘Next’ button,\nSelect your name, the name of the head of the family and all the other members and \nClick on the ‘Send OTP’ button. Enter the ‘OTP’ and \nClick on the ‘Verify OTP’ button to Complete the registration. \nGoogle : Enter the Gmail ID, click on the ‘Next’ button, \nEnter the password.\nA new link appear on screen, now click on new SSO link.\nSSO id will appear on screen, now create the password.\nEnter Mobile number, click on registration.\n Apply \nStep-1: Applicant have to visit the official portal. \nStep-2: After login, dashboard will open.\nStep-3: Click on “LDMS” option.\nStep-4: In LDMS, select \"Welfare Schemes\" from the side menu and select BOCW Welfare Board. \nStep-5: Now click on \"Apply for Scheme\" on screen. \nStep-6: In this new page, will get a list of names of all the schemes of Rajasthan Shramik Card, out of which click on the name of \"Yojana\"\nStep-7: Fill out the all relevant detail. \nStep-8: Submit.",
        "documentsRequired": "Copy of discharge ticket from hospital in case of accident.\nCopy of mortuary report or FIR in case of accidental death.\nDeath certificate issued by the registered authority in case of death.\nCertificate from the employer/employer of the place where the worker worked.\nCopy of beneficiary registration identity card or card.\nCopy of Bhamshah family card or Bhamshah nomination.\nCopy of Aadhar Card.\nCopy of first page of bank account passbook.",
        "sourcesAndReferences": {
            "sourcesAndReferences": "https://www.myscheme.gov.in/schemes/hksadmmyghkdms#sources",
            "guidelines": "https://labour.rajasthan.gov.in/Schemes.aspx",
            "details": "https://schemes.rajasthan.gov.in/scheme/detail/226",
            "registration": "https://sso.rajasthan.gov.in/register",
            "login": "https://sso.rajasthan.gov.in/singin"
        },
        "Original Link": "https://www.myscheme.gov.in/schemes/hksadmmyghkdms"
    },
    {
        "schemeName": "Silicosis Pidit Hita-dhikariyon Hetu Sahayata Yojana",
        "details": "\"Silicosis Pidit Hita-dhikariyon Hetu Sahayata Yojana\" has been started for the laborers working in stone mines in Rajasthan. An assistance scheme has been started for the beneficiaries suffering from silicosis. In which financial assistance will be provided to laborers and workers in case of silicosis or death. Applicants can apply for the assistance scheme to silicosis victims through both online and offline modes.",
        "benefits": "In case of suffering from silicosis : ₹1,00,000/-\nIn case of death of a victim of silicosis : ₹3,00,000/-",
        "eligibility": "Those construction workers who are registered with the Board as beneficiaries and are depositing contributions\nThe beneficiary is suffering from silicosis as certified by the Pneumoconiosis Medical Board constituted under the Rajasthan Workmen's Compensation (Occupational Diseases) Rules, 1965.\nThe beneficiary cannot receive silicosis assistance amount from the Rajasthan Environment and Health Care Fund (Rehab).\n\nNote - A person suffering from silicosis will be eligible to get assistance only under any one of the schemes of Rajasthan Environment and Health Cess Fund or the Board.",
        "applicationProcess": "Online\nRegistration\nStep-1: Applicant have to visit the official portal. \nStep-2: Click on the option “Register”.\nStep-3: Then you will be redirected to the SSO registration page. The registration page will appear with the following options.\n  Citizen\nStep-4: Choose the either one option from  the Jan Aadhaar Or Google to process further.\nJan Aadhaar : Enter the Jan Aadhaar number, click on the ‘Next’ button,\nSelect your name, the name of the head of the family and all the other members and \nClick on the ‘Send OTP’ button. Enter the ‘OTP’ and \nClick on the ‘Verify OTP’ button to Complete the registration. \nGoogle : Enter the Gmail ID, click on the ‘Next’ button, \nEnter the password.\nA new link appear on screen, now click on new SSO link.\nSSO id will appear on screen, now create the password.\nEnter Mobile number, click on registration.\n Apply \nStep-1: Applicant have to visit the official portal. \nStep-2: After login, dashboard will open.\nStep-3: Click on “LDMS” option.\nStep-4: In LDMS, select \"Welfare Schemes\" from the side menu and select BOCW Welfare Board. \nStep-5: Now click on \"Apply for Scheme\" on screen. \nStep-6: In this new page, will get a list of names of all the schemes of Rajasthan Shramik Card, out of which click on the name of \" Yojana\"\nStep-7: Fill out the all relevant detail. \nStep-8: Submit.\n\n Periodd for submission of application: Application for financial assistance can be made for a period of 6 months from the date of issuance ofther  certificate by the Pneumoconiosis Medical Board and in case of death, for 6 months from the date of death. In special circumstances, the time limit can be relaxed by the Divisional Secretary after a satisfactory and appropriate reason for the delay is explained.",
        "documentsRequired": "Copy of beneficiary identity card/booklet.\n Certificate regarding silicosis from Pneumoconiosis Medical Board.\n Bank account details.",
        "sourcesAndReferences": {
            "sourcesAndReferences": "https://www.myscheme.gov.in/schemes/sphhsy#sources",
            "guidelines": "https://labour.rajasthan.gov.in/Schemes.aspx",
            "details": "https://schemes.rajasthan.gov.in/scheme/detail/226",
            "registration": "https://sso.rajasthan.gov.in/register",
            "login": "https://sso.rajasthan.gov.in/signin"
        },
        "Original Link": "https://www.myscheme.gov.in/schemes/sphhsy"
    },
    {
        "schemeName": "Suraksha Laghu Evan Simant Vriddhajan Krishak Samman Pension Yojana",
        "details": "The Rajasthan government has introduced the \"Suraksha Laghu Evam Simaant Vriddhajan Krishak Samman Pension Yojana\" to uplift the lives of small and marginal farmers in the state. This initiative recognizes the significant contributions of these farmers to the agricultural sector and aims to provide them with much-needed social security during their golden years. By offering a monthly pension to eligible farmers aged 60 and above, the scheme seeks to alleviate financial worries and ensure a degree of economic independence for these individuals. This program serves as a critical step towards improving the overall well-being of small and marginal farmers in Rajasthan, acknowledging their hard work and dedication to food production.",
        "benefits": "To a pensioner below 75 years of age : ₹750/- per month\nTo pensioners aged 75 years and above : ₹1,000/- per month",
        "eligibility": "The applicant should be a native of Rajasthan State.\nThe applicant should be a farmer.\nThe female applicant's age should be more than 55 years and the male more than 58 years.",
        "applicationProcess": "Online\nRegistration\nStep-1: Applicant have to visit the official portal. \nStep-2: Click on the option “Register”.\nStep-3: Then you will be redirected to the SSO registration page. The registration page will appear with the following options.\n  Citizen\nStep-4: Choose the either one option from  the Jan Aadhaar Or Google to process further.\nJan Aadhaar : Enter the Jan Aadhaar number, click on the ‘Next’ button,\nSelect your name, the name of the head of the family and all the other members and \nClick on the ‘Send OTP’ button. Enter the ‘OTP’ and \nClick on the ‘Verify OTP’ button to Complete the registration. \nGoogle : Enter the Gmail ID, click on the ‘Next’ button, \nEnter the password.\nA new link appear on screen, now click on new SSO link.\nSSO id will appear on screen, now create the password.\nEnter Mobile number, click on registration.\n Apply \nStep-1: Applicant have to visit the official portal. \nStep-2: After login, dashboard will open.\nStep-3: Click on “IFMS-RAJSSP” option. \nStep-4: In \"IFMS-RAJSSP\", click on \"Application Entry Request\".\nStep-5: Enter the \"Bhamashah Family ID\" and search.  \nStep-6: Select the person name and scheme name. \nStep-7: Complete the Aadhaar Authentication and click on get details. \nStep-8: Provide the required details.\n            - Pensioner Details.\n            - Bank Details.\n            - Disability Details.\n            - Verification Details.\n            - Upload Documents.\nStep-9: Submit.",
        "documentsRequired": "Aadhar Card Copy\nJan Aadhar/Bhamashah Card Copy\nBank Account Details.\nApplicant - Passport-size photo.",
        "sourcesAndReferences": {
            "sourcesAndReferences": "https://www.myscheme.gov.in/schemes/slesvkspy#sources",
            "guidelines": "https://jankalyanfile.rajasthan.gov.in//Content/UploadFolder/Scheme/SJED/KOAPS/DOC_115_d0afbc58-6686-465e-95a8-7492d0343f05.pdf",
            "details": "https://ssp.rajasthan.gov.in/HtmlPages/Schemes/DisablityDetail.aspx",
            "registration": "https://sso.rajasthan.gov.in/register",
            "login": "https://sso.rajasthan.gov.in/signin"
        },
        "Original Link": "https://www.myscheme.gov.in/schemes/slesvkspy"
    },
    {
        "schemeName": "Vidhva Vivah Uphar Yojana",
        "details": "Vidhwa Vivah Uphar Yojana is a government Under the Social Justice and Empowerment Department, scheme that assists in the process of marriage of widows. This scheme is for those widows who have decided to start a new life after the time spent with their former husbands. The government provides a certain amount to widows, which can be used in the marriage of widows. The money is used to help widows meet the comfortable needs of their new home.",
        "benefits": "Financial Assistance/Gift amount ₹51,000/-",
        "eligibility": "Applicant must be a widow women from Rajasthan State.\nApplicant must be resident of Rajasthan or living in Rajasthan for 3 years before re-marriage.\nApplicant should be entitled to pension as per widow pension rules.\nApplicant age should be between 18-50 years.\nIf the applicant has remarried before this scheme then he/she will not be eligible.",
        "applicationProcess": "Offline\nApplicant need to get the application form from :\nOfficer of the District Social Justice and Empowerment Department.\nDownload from the official document page no. 7.\nOn plain paper. \nSubmit to the Officer of the District Social Justice and Empowerment Department.\nAttach all the required documents\nAge proof (school certificate, birth certificate)\nHusband's death certificate\nResidence proof\nIncome proof (all sources)\nDetails of family members\nWidow pension document (if applicable)\nRemarriage certificate (certified copy)",
        "documentsRequired": "The applicant must have the following documents to apply for Widow Marriage Gift Scheme :-\nAadhar Card Copy\nAddress Proof Copy\nBank Passbook Copy\nBirth Certificate Copy : For age proof\nDeath Certificate Copy : of Husband\nJan Aadhar/Bhamashah Card Copy\nPassport Size Photo",
        "sourcesAndReferences": {
            "sourcesAndReferences": "https://www.myscheme.gov.in/schemes/vvuy#sources",
            "guidelines": "https://jankalyanfile.rajasthan.gov.in//Content/UploadFolder/Scheme/SJED/WRGS/DOC_127_ce05b729-3a99-44fd-b802-be312cee404c.pdf",
            "schemeDetails": "https://schemes.rajasthan.gov.in/scheme/detail/127",
            "registration": "https://sso.rajasthan.gov.in/register",
            "login": "https://sso.rajasthan.gov.in/signin"
        },
        "Original Link": "https://www.myscheme.gov.in/schemes/vvuy"
    },
    {
        "schemeName": "Mukyamantri Samuhik Vivah Evam Anudan Yojna",
        "details": "In an effort to tackle social issues and promote a more economical approach to weddings, the Rajasthani government introduced the Mukhyamantri Samuhik Vivah Evam Anudan Yojana in 2021. This initiative actively encourages mass marriage ceremonies throughout the state. By facilitating these events, the program aims to achieve a two-fold benefit: reducing excessive spending often associated with traditional weddings and discouraging harmful social practices like child marriage and dowry.  Financial aid is provided to couples to help manage the costs of their marriage.  This scheme effectively promotes social reforms while offering financial support for couples across Rajasthan.",
        "benefits": "Total Grand : ₹25,000/- will be provided as\nTo the bride : ₹21,000/- is given\nTo Marriage Organizer : ₹4,000/- through IFMS.",
        "eligibility": "The bride/groom should be a native of Rajasthan\nThe bride's age should be above 18 years and the groom's age should be above 21 years.\nBoth bride and groom should be unmarried\nMarriages should be registered as per rules.",
        "applicationProcess": "Offline\nApplication for grant after marriage:\nAfter the completion of the mass marriage event organized by the eligible institution, after getting the marriages registered, the information will be uploaded online by the institution for payment of the grant. The following documents will be attached to the application.\nA certified list of the couples involved in the solemnized marriage;\nAttested copies of marriage registration certificates;\nHard copies of the documents uploaded at the time of application will be submitted to the Women Empowerment Office of the concerned district.\n\nThe presence of a competent officer or his representative and marriage registration officer at the time of marriage ceremony:\nCompetent officers will present themselves at the time of the marriage ceremony or can send their representative who will report on the prescribed form regarding the status of the marriage ceremony. The Tehsildar as a competent salt collector will give the block pass in the form. An Education Officer, Child Development Project Officer, or other block-level officer/supervisor (Women and Child Development Department) can be nominated. The presence of a marriage registration officer will also be ensured at the venue of the event. The organization itself will ensure that for the registration of marriages taking place in the said event, all the documents under the Rajasthan Compulsory Registration of Marriages Act, 2009 (Provision No. 16 of 2009) have been attached to the marriage registration application. After the marriage ceremony,  60 days will be given for marriage registration.\n\nApplication check:\nThe proposals received for mass marriage will be examined based on documents by the authorized officer.\nIf after investigation there is any deficiency or objection in the application, the authorized officers will direct the applicant organization to fulfill the same and the objections will be compulsorily fulfilled 7 days before the mass marriage ceremony. \nIf the application is found suitable as per the rules, the authorized officer will accept this recommendation. If the institution is eligible for a grant, the case will be presented to the competent authority for approval.",
        "documentsRequired": "Photo of bride and groom (couple).\nAadhaar card or Voter ID card of the couple (bride and groom).\nBirth certificate of the bride and groom (couple).\nBank passbook of newly married girl.\nMarriage certificate.",
        "sourcesAndReferences": {
            "sourcesAndReferences": "https://www.myscheme.gov.in/schemes/msveay#sources",
            "guidelines": "https://jankalyanfile.rajasthan.gov.in//Content/UploadFolder/Scheme/W_CD/samuhik/DOC_260_5f944a6b-9262-4a8f-93fb-c8a28f53f757.pdf",
            "schemeDetails": "https://schemes.rajasthan.gov.in/scheme/detail/260"
        },
        "Original Link": "https://www.myscheme.gov.in/schemes/msveay"
    },
    {
        "schemeName": "Mukhyamantri Work Form Home-Job Work Yojana",
        "details": "Rajasthan government has launched 26-08-2022 a new scheme for women, the Mukhyamantri Work From–Job Work Scheme Under the Women and Child Development Department, Rajasthan who can contribute to the family income while working from home. Now women of the state will be able to get employment sitting at home through this scheme. Many women cannot go out and work, the government wants to help them by giving them work at home so that they can work at home and earn money to support their families financially.\nDuring work from home, women will be made to work from home through various departments like the Women Empowerment Department, School and Higher and Technical Education, Works Department, and Information Technology and Communication Department, and this will include typing, documentation, dictation, etc. Instructions will be issued keeping this in mind.\n\nSchool and higher and technical education\nThrough school and higher and technical education, women students will be allowed to study online and some women will be given the work of stitching dresses to be given to the students in the school. Along with this, women can do the work of washing clothes, bedsheets, etc. used in school while sitting at home.\n\nDepartment of Information Technology and Communication\nIn this department, women will be given work related to programming like software design, data analysis, and web design. Due to this women will be friends with modern methods and through this, they will also be able to earn a good income.\n\nFinance department\nImportant instructions will be issued to women in the financial department to get the work related to accounting and auditing done in government agencies by the women of the state through work from home.\n\nWomen Empowerment Department\nUnder this work, counseling services will be provided to women in the form of work from home.\n\nMedical Health and Family Welfare Department- \nOnline consultation service from women specialist doctors, transcription, sewing work of clothes used in hospitals.\n\nDepartment of Skills, Employment and Entrepreneurship -\nOrganize employment fairs/ camps and ensure participation of such employers who provide employment opportunities in the form of work-from-home-job work. To provide work from home job work to the women registered under the scheme through these fairs/camps.\n\nRajasthan Skills and Livelihood Development Corporation (RSLDC) -\nTo connect at least 10 percent of the women trained under the training being conducted by Rajasthan Skills and Livelihood Development Corporation through training partners with work from home-job work.\n\nRajasthan Co-operative Dairy Federation (RCDF) – \nTo provide work from home- job work opportunities to women in work related to the processing and marketing of milk and milk products.",
        "benefits": "Financial and non-financial incentives -\nAdvertisement of such private unit which provides work from home-job work to a maximum number of women will be displayed free of cost on the Work from Home-Job Work portal.\nIf a private unit provides work from home - job work to women and the payment for the work given to the woman is more than ₹  5,000, then ₹  3,000 per trainee will be given as a training incentive, as a training fee. However, the payment of the training incentive amount will be given to the female trainee only after the offer letter is given by the private entity in the form of work from home- job work.",
        "eligibility": "The applicant must be a resident of Rajasthan.\nThe minimum age of the applicant should be 18 years.\nPreference will be given to widow/abandoned/divorced/disabled/victim of violence.",
        "applicationProcess": "Online\nStep-1: Visit the “ Mukhyamantri Work From Home –Job Work Yojna ” Portal.\nStep-2: Click on Applicant (only female) under \"Onboarding\" option.\nStep-3: Now click on \"New User Register\" \nStep-4: Register as a “ Woman Applicant ” through “ Jan-Aadhaar Number ” and “ Aadhaar Number ”\nStep-5: All details of Applicant are fetched from Jan-Aadhaar Number & Aadhaar Number.\nStep-6: Click on the “ Submit ” button & Registration is complete And intimation is sent to the applicant through SMS.\nStep-7: Applicant can view/ search Opportunity and Apply.\nStep-8: Organization check applicant details and Verify Documents.\nStep-9: Organization Accept/Reject the application.\nStep-10: Intimation sent to Applicant through SMS.",
        "documentsRequired": "Address proof\nAadhar card\nAge certificate\nEmail id\nPassport size photo\nMobile number\nJan Aadhaar Number\nSpecial Category (Disabled/Divorced/Specially Handicapped/Victim of Violence) Documents",
        "sourcesAndReferences": {
            "sourcesAndReferences": "https://www.myscheme.gov.in/schemes/mwfhjwy#sources",
            "schemeDetails": "https://schemes.rajasthan.gov.in/scheme/detail/1020",
            "registration": "https://mahilawfh.rajasthan.gov.in/candidate/registration",
            "logIn": "https://mahilawfh.rajasthan.gov.in/candidate/login"
        },
        "Original Link": "https://www.myscheme.gov.in/schemes/mwfhjwy"
    },
    {
        "schemeName": "Mukhyamantri Rajshri Yojana",
        "details": "Mukhyamantri Rajshri Yojana has been started on June 01, 2016 by the Rajasthan Government to develop positive thinking towards girls to improve their health and educational level and to make them self-reliant. The benefit of this scheme will be given to all those girls of the state who were born after June 1, 2016. \nThis scheme have the following objective\nPromote the education of girls.\nImprove the health and social status of girls.\nEncourage a positive mindset towards girls in society.\nAddress gender bias.",
        "benefits": "Financial Benefits are\nTime to provide benefits Amount of profit\nAt the time of birth ₹2,500/-\n1 year after vaccination ₹2,500/-\nOn admission to first class ₹4,000/-\nOn taking admission in sixth class ₹5,000/-\nOn taking admission in the tenth class ₹11,000/-\nOn taking admission in class 12th ₹25,000/-",
        "eligibility": "The girl child must be a resident of Rajasthan.\nShe must be born on or after June 1, 2016.\nThe girl child must be born in a government or private medical institution registered with Janani Suraksha Yojana (JSY).\nOnly two girl child will be eligible.\nGirl's parents must have an Aadhar Card and a Bhamashah Card.",
        "applicationProcess": "Offline\nAnganwadi workers, Saathins, and Asha Sahyoginis should obtain the Bhamashah card and linked bank account details from pregnant women during their ANC or MCBN checkups and provide them to the nearest government hospital.\nThe beneficiary's details should be entered in the RCH register by the concerned ANM. Ensure 100% online entry in the PCTS software before delivery.\nDuring home visits, every Anganwadi worker and Asha Sahyogini should obtain Bhamashah card details from women. Additionally, on MCHN Days (vaccination days) at health centers and Anganwadi centers, motivate pregnant women who haven't obtained a Bhamashah card yet to do so.\nBeneficiary women who are not enrolled in Bhamashah should be motivated by all ANMs, Anganwadi workers, Saathins, and Asha Sahyoginis to obtain a Bhamashah card from their nearest e-Mitra center and provide the details to the nearest Anganwadi center or government hospital.\nIntensive publicity regarding the above should be conducted through field workers and honorary workers of the Women and Child Development Department and the Medical, Health, and Family Welfare Department.",
        "documentsRequired": "Bhamashah/Aadhaar card of parents.\nAadhaar card of the beneficiary girl.\nBirth certificate of girl child.\nSchool admission certificate.\nMobile number.\n12th class mark sheet (If applicable).\nPassport size photograph etc.",
        "sourcesAndReferences": {
            "sourcesAndReferences": "https://www.myscheme.gov.in/schemes/mry#sources",
            "guidelines": "https://jankalyanfile.rajasthan.gov.in//Content/UploadFolder/Scheme/W_CD/MRY/DOC_261_956c47af-f8b6-4c8f-aa22-c1d1d20c1d03.pdf",
            "schemeDetails": "https://schemes.rajasthan.gov.in/scheme/detail/261"
        },
        "Original Link": "https://www.myscheme.gov.in/schemes/mry"
    },
    {
        "schemeName": "Jal Hauj",
        "details": "A Jal Hauj scheme under the Agriculture Department of Rajasthan Provides the benefit of subsidy on Jal Hauj.  According to this scheme, farmers have to construct a Jal Hauj on the elevated part of their land. Which can be filled with borewell water overnight and in the morning crops can be irrigated with the water collected in the Hauj. The department is providing financial assistance to the farmers. After filling the Jal Hauj with water, farmers can easily irrigate their crops through the pipeline. \n\nImportant points\nThe department will do spot verification before and after the construction of the water tank.\nThe grant amount will be deposited directly into the farmer's account.",
        "benefits": "Grant for all farmers: 60% of the cost or max ₹90,000/-",
        "eligibility": "The applicant must be a native of Rajasthan.\nThe applicant should be a Farmer.\nThe farmer should have a minimum cultivable land of half a hectare on his name.\nThe applicant should be a source and means of irrigation.\nWater tank size should be 100 cubic meters or one lakh liter capacity",
        "applicationProcess": "Online\nRegistration\nStep-1: Applicant have to visit the official portal. \nStep-2: Click on the option “Register”.\nStep-3: Then you will be redirected to the SSO registration page. The registration page will appear with the following options.\n  Citizen\nStep-4: Choose the either one option from  the Jan Aadhaar Or Google to process further.\nJan Aadhaar : Enter the Jan Aadhaar number, click on the ‘Next’ button,\nSelect your name, the name of the head of the family and all the other members and \nClick on the ‘Send OTP’ button. Enter the ‘OTP’ and \nClick on the ‘Verify OTP’ button to Complete the registration. \nGoogle : Enter the Gmail ID, click on the ‘Next’ button, \nEnter the password.\nA new link appear on screen, now click on the new SSO link.\nSSO id will appear on the screen, now create the password.\nEnter Mobile number, click on registration.\nStep-5: Submit.\n\nApply\nStep-1: Applicant have to visit the official portal. \nStep-2: After login, dashboard will open.\nStep-3: Click on “ RAJ-KISAN ” option. \nStep-4: In \"Farmer\", click on \"Application Entry Request\".\nStep-5: Enter the \"Bhamashah ID\" or \"Janaadhaar ID\" and search.  \nStep-6: Select the person name and scheme name. \nStep-7: Complete the Aadhaar Authentication and click on Get details. \nStep-8: Provide the required details.\n            - Pensioner Details.\n            - Bank Details.\n            - Disability Details.\n            - Verification Details.\n            - Upload Documents.\nStep-9: Submit.\n\nAfter the application, administrative approval for the construction of water tank will be issued by the Agriculture Department.\n\nInformation about this will be received through mobile message/agriculture supervisor.",
        "documentsRequired": "Copy of Aadhar Card / Janadhar Card\nJamabandi\nBank Account Number\nIdentification Proof",
        "sourcesAndReferences": {
            "sourcesAndReferences": "https://www.myscheme.gov.in/schemes/jh#sources",
            "guidelines": "https://rajkisan.rajasthan.gov.in/Rajkisanweb/Kisan#",
            "registration": "https://sso.rajasthan.gov.in/register",
            "login": "https://sso.rajasthan.gov.in/signin"
        },
        "Original Link": "https://www.myscheme.gov.in/schemes/jh"
    }
]