[
    {
        "schemeName": "Nirman Shramik Avm Unke Aashrit Bacchon Dwara Bhartiya Rajasthan Prashasnik Seva Hetu Aayojit Pratibhabhik Yojana",
        "details": "The scheme \"Nirman Shramik Avm Unke Aashrit Bacchon Dwara Bhartiya Rajasthan Prashasnik Seva Hetu Aayojit Pratibhabhik Yojana\" initiated by the Labor Department of Rajasthan aims to foster the integration of children of registered beneficiaries engaged in construction and other related works into the mainstream of development. Through this program, the government seeks to provide opportunities for the children of laborers and workers involved in construction activities to access education and skill development, thereby enhancing their prospects for a better future.\n\nBy facilitating the participation of these children in educational and skill-building programs, the scheme endeavors to break the cycle of intergenerational poverty prevalent among families engaged in manual labor. By empowering the youth with education and skills, the government aims to equip them with the necessary tools to secure gainful employment opportunities and contribute meaningfully to the socio-economic development of Rajasthan. Through this holistic approach, the scheme not only addresses immediate educational needs but also endeavors to create a pathway for long-term socio-economic upliftment and empowerment of families involved in the construction sector in the state.",
        "benefits": "On passing the preliminary examination of Indian Administrative Service – ₹1,00,000/-\nOn passing the preliminary examination of Rajasthan Administrative Service – ₹50,000/-",
        "eligibility": "Applicant should be registered construction workers who are continuously depositing contributions\nThe annual income of the applicant parents from all sources should not exceed ₹2,50,000/-\nApplicant who are already working in government services will not be given benefits.\nThe applicant must have passed the following preliminary competitive examination:-\nIndian Administrative Service.\nRajasthan Administrative Service.\nNo benefit will be payable under this scheme for administrative examination of states other than Rajasthan state.\nIncentive amount will be given maximum once only for Indian Administrative Service and Rajasthan Administrative Service, that is, if incentive amount has been given for competitive examination in the past, then in the coming year, incentive amount will be given again for passing the preliminary examination of the same competitive examination. But incentive amount will not be payable.\nIf any fact is found to be false in the information given by the beneficiary in the assistance application submitted under the scheme, then it will be the responsibility of the concerned beneficiary to deposit the entire amount of assistance accepted under the scheme in one lump sum along with interest.",
        "applicationProcess": "Online\nRegistration\nStep-1: Applicant have to visit the official portal. \nStep-2: Click on the option “Register”.\nStep-3: Then you will be redirected to the SSO registration page. The registration page will appear with the following options.\n  Citizen\nStep-4: Choose the either one option from  the Jan Aadhaar Or Google to process further.\nJan Aadhaar : Enter the Jan Aadhaar number, click on the ‘Next’ button,\nSelect your name, the name of the head of the family and all the other members and \nClick on the ‘Send OTP’ button. Enter the ‘OTP’ and \nClick on the ‘Verify OTP’ button to Complete the registration. \nGoogle : Enter the Gmail ID, click on the ‘Next’ button, \nEnter the password.\nA new link appear on screen, now click on the new SSO link.\nSSO id will appear on the screen, now create the password.\nEnter Mobile number, click on registration.\nStep-5: Submit.\n Apply \nStep-1: Applicant have to visit the official portal. \nStep-2: After login, dashboard will open.\nStep-3: Click on “LDMS” option.\nStep-4: In LDMS, select \"Welfare Schemes\" from the side menu and select BOCW Welfare Board. \nStep-5: Now click on \"Apply for Scheme\" on screen. \nStep-6: In this new page, will get a list of names of all the schemes of Rajasthan Shramik Card, out of which click on the name of \"Yojana\"\nStep-7: Fill out the all relevant detail. \nStep-8: Submit.",
        "documentsRequired": "Copy of the registration identity card of the beneficiary.\nCopy of the beneficiary's Aadhaar card and Jan Aadhaar card.\nCopy of the first page of the candidate's savings bank account passbook (which contains the candidate's name, bank account number and IFS code).\nSelf-attested copy of the mark sheet/certificate of the competitive examination passed by the candidate.",
        "sourcesAndReferences": {
            "sourcesAndReferences": "https://www.myscheme.gov.in/schemes/nsauabdbrpshapy#sources",
            "guidelines": "https://jankalyanfile.rajasthan.gov.in//Content/UploadFolder/Scheme/LAB_/IASRAS/DOC_817_1417a81d-5732-4847-a595-6929e91e3e68.pdf",
            "details": "https://schemes.rajasthan.gov.in/scheme/detail/817",
            "registration": "https://sso.rajasthan.gov.in/register",
            "apply": "https://sso.rajasthan.gov.in/signin"
        },
        "Original Link": "https://www.myscheme.gov.in/schemes/nsauabdbrpshapy"
    },
    {
        "schemeName": "Nirman Shramiko Ko Videsh Mai Rojgar Hetu Visa Per Hone Wale Vyay Ka Punarbharan Yojana",
        "details": "This scheme, launched by the Rajasthan Government's Labor Department, is designed to alleviate the financial burden of visa expenses for construction workers seeking employment abroad. By reimbursing these costs, the scheme aims to encourage construction workers to pursue overseas employment opportunities and contribute to the state's economy through foreign remittances.",
        "benefits": "The beneficiary will be reimbursed for the expenses incurred for a visa for employment abroad up to a maximum of ₹5,000/-.",
        "eligibility": "Construction workers must be registered with the board as beneficiaries and must be continuously depositing their contributions.\nTo obtain overseas contract employment, construction worker need permission from the Protector of Emigrants (POE) office under the Emigration Act, 1983.\nThe recruiting agency must be registered under the Emigration Act or possess a valid permit from the POE office\nThe reimbursement of the visa amount will be payable only if the beneficiary has a valid passport with a minimum validity of 6 months along with a valid visa.\nThe benefit of this scheme will be payable only if the future employment of the beneficiary abroad is in the construction and other construction works.\nThe beneficiary will be entitled to the assistance amount only once.\nIf any information given in the assistance application submitted by the beneficiary under the scheme is found to be false, the concerned beneficiary will be responsible for depositing the entire assistance amount approved under the scheme along with interest in one go.",
        "applicationProcess": "Online\nRegistration\nStep-1: Applicant have to visit the official portal. \nStep-2: Click on the option “Register”.\nStep-3: Then you will be redirected to the SSO registration page. The registration page will appear with the following options.\n  Citizen\nStep-4: Choose the either one option from  the Jan Aadhaar Or Google to process further.\nJan Aadhaar : Enter the Jan Aadhaar number, click on the ‘Next’ button,\nSelect your name, the name of the head of the family and all the other members and \nClick on the ‘Send OTP’ button. Enter the ‘OTP’ and \nClick on the ‘Verify OTP’ button to Complete the registration. \nGoogle : Enter the Gmail ID, click on the ‘Next’ button, \nEnter the password.\nA new link appear on screen, now click on new SSO link.\nSSO id will appear on screen, now create the password.\nEnter Mobile number, click on registration.\n Apply \nStep-1: Applicant have to visit the official portal. \nStep-2: After login, dashboard will open.\nStep-3: Click on “LDMS” option.\nStep-4: In LDMS, select \"Welfare Schemes\" from the side menu and select BOCW Welfare Board. \nStep-5: Now click on \"Apply for Scheme\" on screen. \nStep-6: In this new page, will get a list of names of all the schemes of Rajasthan Shramik Card, out of which click on the name of \"Yojana\"\nStep-7: Fill out the all relevant detail. \nStep-8: Submit.\n\nTime for applying: After the date of publication of the notification, the registered beneficiary will have to apply within a maximum period of 3 months after obtaining a valid visa as per the rules.",
        "documentsRequired": "Copy of the registration identity card of the beneficiary.\nCopy of the beneficiary's Aadhaar card and Jan Aadhaar card.\nThe first page of the beneficiary's savings bank account passbook (containing the candidate's name, bank account number, and Copy of the IFS code mentioned).\nVisa with a copy of passport.\nCopy of employment contract issued by the foreign employer.\nProof/Challan/Invoice of the amount deposited for Visa.\nRegistration number of Recruiting Agent and copy of advertisement given for overseas employment.",
        "sourcesAndReferences": {
            "sourcesAndReferences": "https://www.myscheme.gov.in/schemes/nskvmyhvphvbkpy#sources",
            "guidelines": "https://jankalyanfile.rajasthan.gov.in//Content/UploadFolder/Scheme/LAB_/VISA/DOC_820_45f07db9-c276-4ef1-a382-7c5350622b19.pdf",
            "details": "https://schemes.rajasthan.gov.in/scheme/detail/820",
            "registration": "https://sso.rajasthan.gov.in/signin",
            "login": "https://sso.rajasthan.gov.in/signin"
        },
        "Original Link": "https://www.myscheme.gov.in/schemes/nskvmyhvphvbkpy"
    },
    {
        "schemeName": "Indira Mahila Shakti Udyam Protsahan Yojana",
        "details": "The Indira Mahila Shakti Udyam Protsahan Yojana (IMSUPY) is a scheme launched by the Rajasthan government to empower women entrepreneurs by providing them with financial assistance and support. The main objective of the scheme is to ecourage women to start their own businesses and become financially independent. Promote self-employment and reduce unemployment among women in Rajasthan. Support the growth of micro, small, and medium enterprises (MSMEs) led by women.",
        "benefits": "Loan Limit\nLoan amount of ₹ 50,00,000/- to individual women.\nLoan amount of Rs 1,00,00,000/- to self-help groups.\n\nMargin Money\nA margin money of 25% of the sanctioned loan amount will be provided under the scheme. For women belonging to Scheduled Castes/Tribes, Scheduled Castes, widows, abandoned women, victims of violence and disabled women, the margin money will be 30% of the sanctioned loan amount.\nNote:\nThe maximum limit of margin money will be ₹ 15,00,000/-.\nThe applicant's own contribution (5% / 10% of the project proposal) will be considered for margin money.\nLand value will not be included in the project proposal. The maximum limit of loan amount payable for construction of workshop/building will be up to 20% of the sanctioned amount of the project proposal.\nThe maximum limit of loan for business will be Rs. 10 lakh. Business refers to wholesale or retail purchase-sale of commercial products.\n\nPromotion of collateral security free loans:\nAs per the guidelines of the Reserve Bank of India, collateral security will not be required for loans up to Rs. 10 lakh. Loans above Rs. 10 lakh can be linked with the Credit Guarantee Trust Fund for Micro and Small Enterprises (CGTMSE). The fee amount will be borne by the beneficiary. If the applicant voluntarily wants to give collateral security on the loan, they can do so.",
        "eligibility": "The applicant's age should be 18 years or more.\nThe applicant should be a permanent resident of Rajasthan.\nThe women's self-help group or group of these groups (cluster/ federation) must be registered under any department of the state government and in case of cluster/federation of groups, it will be necessary to be registered under the Cooperative Act as per the rules.",
        "applicationProcess": "Online\nRegistration\nStep-1: Applicant have to visit the official portal. \nStep-2: Click on the option “Register”.\nStep-3: Then you will be redirected to the SSO registration page. The registration page will appear with the following options.\n  Citizen\nStep-4: Choose the either one option from  the Jan Aadhaar Or Google to process further.\nJan Aadhaar : Enter the Jan Aadhaar number, click on the ‘Next’ button,\nSelect your name, the name of the head of the family and all the other members and \nClick on the ‘Send OTP’ button. Enter the ‘OTP’ and \nClick on the ‘Verify OTP’ button to Complete the registration. \nGoogle : Enter the Gmail ID, click on the ‘Next’ button, \nEnter the password.\nA new link appear on screen, now click on new SSO link.\nSSO id will appear on screen, now create the password.\nEnter Mobile number, click on registration.\nStep-5: Complete the registration process.\n\nApply \nStep-1: Applicant have to visit the official portal. \nStep-2: Read the instruction carefullly and click on \"Apply\".\nStep-3: Click on an \"Alert\" button and page will redirected to SSO portal. \nStep-4: Now login with credentials. \nStep-5: Now click on \"Apply for Scheme\" on screen. \nStep-6: Now on the new page you will have to fill out the application form in 7 steps.\n           - Such as a general description\n           - Applicant details\n           - Details of applicant and workplace\n           - Description of the proposed project\n           - Details of proposed financial institution\n           - basis of ranking\n           - Document Upload and Declaration\nStep-7: After filling in all the details in the application form, submit the application form.",
        "documentsRequired": "Aadhar card.\nAddress proof.\nBank account statement.\nPassport size photo.\nMobile number.",
        "sourcesAndReferences": {
            "sourcesAndReferences": "https://www.myscheme.gov.in/schemes/imspesy#sources",
            "guidelines": "http://slbcrajasthan.in/assets/docs/pdf/govtschemes/Mahila.pdf",
            "apply": "https://ssoapps.rajasthan.gov.in/imsupy/Introduction.aspx",
            "registration": "https://sso.rajasthan.gov.in/register"
        },
        "Original Link": "https://www.myscheme.gov.in/schemes/imspesy"
    },
    {
        "schemeName": "Khadya Suraksha Yojana",
        "details": "The \"Rashtriya Khadya Suraksha Yojana\" started on 02-10-2013 by the Food and Civil Supplies Department of Rajasthan. This scheme aim is to provide adequate quality food grains at reasonable prices to the people so that they can lead a dignified life. The Act provides for coverage of 75% of the rural population and 50% of the urban population to receive subsidized food grains under the Targeted Public Distribution System (TPDS) which covers about two-thirds of the population.",
        "benefits": "Antyodaya families are provided with 35 kg of wheat per family.\nOther eligible beneficiaries receive 5 kg of wheat per unit per month.\nRation card holders categorized under Antyodaya and Below Poverty Line (BPL) in the state are entitled to wheat at a subsidized rate of ₹1 per kg.\nOther eligible families categorized as Priority Household receive food security at ₹2 per kg per month.",
        "eligibility": "The applicant should be a native of Rajasthan.\nThe applicant should be of Antyodaya/ BPL families/Annapurna.\nThe applicant should have a ration card.",
        "applicationProcess": "Offline\nStep-1: The applicant need to Downloads the document and get the application form from page no. 4.\nStep-2: Carefully read any instructions or guidelines provided. \nStep-3: Collect all the information and documents.\n           - Ration Card.\n           - Aadhaar Card.\n           - Bhamashah Card.\n           - Cast Certificate\n           - BPL Card (If applicable).\n           - Affidavit (available in form page no. 6).\nStep-5: Make a copy of the completed form for your records before submitting it. This will serve as a reference in case you need to refer back to the information provided.\nStep-6: Submit the form to the concerned Appellate Officer (Sub Division/District Logistics Officer) .\nStep-7: The Appellate Officer will thoroughly scrutinize the application. If complete and correct, the applicant's name will be added to the food security list. However, if doubts arise regarding the presented documents, the officer will only proceed after clarification.\nStep-8: The Appellate Officer will issue an appeal order with a computer-generated digitized signature, automatically updating the applicant's name in the online food security list.\nStep-9: The responsibility of the Appellate Officers is limited to verifying the completeness of the application and attached certificates. If any applicant is found to have provided false information to gain inclusion in the food security list, their name will be canceled, and legal action will be taken.",
        "documentsRequired": "Ration Card.\nAadhaar Card.\nBhamashah Card.\nCast Certificate\nBPL Card (If applicable).\nAffidavit (available in the document page no. 6).",
        "sourcesAndReferences": {
            "sourcesAndReferences": "https://www.myscheme.gov.in/schemes/rksyr#sources",
            "guidelines": "https://jankalyanfile.rajasthan.gov.in//Content/UploadFolder/Scheme/FOOD/NFSA/DOC_203_2cf8164c-98b5-43a0-958e-fdecd2ee7a68.pdf",
            "schemeDetails": "https://schemes.rajasthan.gov.in/scheme/detail/203"
        },
        "Original Link": "https://www.myscheme.gov.in/schemes/rksyr"
    },
    {
        "schemeName": "Chhatraon Ke Liye Protsahan Rashi",
        "details": "The \"Chhaatron Ke Liye Protsahan Rashi\" scheme Under the Agriculture Department of the Rajasthan government provides financial assistance to economically disadvantaged students who may face challenges in accessing education due to financial constraints. Studying agriculture aims to equip individuals with the knowledge and skills necessary to enhance agricultural productivity sustainably.\nThis includes learning about innovative farming techniques, crop management practices, breeding strategies, and technological advancements that can increase yields and efficiency in agricultural production. Students learn about food safety standards, quality control measures, food processing techniques, and foodborne pathogens to ensure the safety and integrity of the food supply.",
        "benefits": "Senior Secondary Level:\nGirls studying agriculture in 11th and 12th standard will receive a scholarship of ₹15,000 per year.\nUndergraduate Level:\nGirls enrolled in undergraduate agricultural programs (4/5 years) like Horticulture, Dairy, Agricultural Engineering, Food Processing, and Shri Karna Narendra Business School, Jobner will receive a scholarship of ₹25,000 per year.\nPostgraduate Level:\nGirls pursuing M.Sc. Agriculture (2 years) will receive a scholarship of ₹25,000 per year.\nPhD Level:\nGirls pursuing PhD in Agriculture (maximum 3 years) will receive a scholarship of ₹40,000 per year.",
        "eligibility": "The applicant should be a Girl.\nThe applicant should be a native of Rajasthan \nThe applicant should be studying in schools, colleges, and universities recognized by the government and state government.",
        "applicationProcess": "Online\nRegistration\nStep-1: Applicant have to visit the official portal. \nStep-2: Click on the option “Register”.\nStep-3: Then you will be redirected to the SSO registration page. The registration page will appear with the following options.\n  Citizen\nStep-4: Choose the either one option from  the Jan Aadhaar Or Google to process further.\nJan Aadhaar : Enter the Jan Aadhaar number, click on the ‘Next’ button,\nSelect your name, the name of the head of the family and all the other members and \nClick on the ‘Send OTP’ button. Enter the ‘OTP’ and \nClick on the ‘Verify OTP’ button to Complete the registration. \nGoogle : Enter the Gmail ID, click on the ‘Next’ button, \nEnter the password.\nA new link appear on screen, now click on new SSO link.\nSSO id will appear on screen, now create the password.\nEnter Mobile number, click on registration.\nStep-5: Complete the registration process.\n\nApply\nStep-1: Applicant have to visit the official portal. \nStep-2: After login, dashboard will open.\nStep-3: Click on “ RAJ-KISAN ” option. \nStep-4: In \"Citizen\", click on \"Application Entry Request\".\nStep-5: Enter the \"Bhamashah Family ID\" and search. \nStep-6: Select the person name and scheme name. \nStep-7: Complete the Aadhaar Authentication and click on get details. \nStep-8: Provide the required details.\n- Pensioner Details.\n- Bank Details.\n- Disability Details.\n- Verification Details.\n- Upload Documents.\nStep-9: Submit.",
        "documentsRequired": "Address proof.\nlast year's mark sheet.\nBank account.\nPassport size photo.\nMobile number.",
        "sourcesAndReferences": {
            "sourcesAndReferences": "https://www.myscheme.gov.in/schemes/cklpr#sources",
            "guidelines": "https://rajkisan.rajasthan.gov.in/Rajkisanweb/",
            "registration": "https://sso.rajasthan.gov.in/register",
            "logIn": "https://sso.rajasthan.gov.in/signin",
            "registrationVideoTutorial": "https://rajkisan.rajasthan.gov.in/Video/Citizen%20Login%20process%20manual.mp4"
        },
        "Original Link": "https://www.myscheme.gov.in/schemes/cklpr"
    },
    {
        "schemeName": "Mini Sprinkler Sanyantr",
        "details": "The Mini Sprinkler Sanyantr scheme Under the Agriculture Department Rajasthan government will provide 70% to 75% subsidy to farmers for installing sprinkler plants. Through this farmers can irrigate more land by getting sprinkler subsidy. The subsidy given by the state government to the farmers will be sent directly to their bank accounts through DBT. The income of farmers will improve through this scheme. Apart from this, efficient utilization and production will also increase.\n\nThe important points\nAfter the administrative approval of the Horticulture Department is issued, the plants should be ordered and installed as per the departmental norms.\nIf found correct during physical verification, the grant amount is transferred to the account of the farmer or the supplier manufacturer/dealer with the consent of the farmer.",
        "benefits": "General farmers: Up to 70% of the grant\nSmall and marginal farmers, including small marginal/SC/ST/women farmers: Up to 75% of the grant",
        "eligibility": "The agricultural land should be owned by the applicant.\nThe applicant must be a farmer residing in Rajasthan.\nFarmers should have at least 0.2 hectares of irrigated cultivable land.",
        "applicationProcess": "Online\nRegistration\nStep-1: Applicant have to visit the official portal. \nStep-2: Click on the option “Register”.\nStep-3: Then you will be redirected to the SSO registration page. The registration page will appear with the following options.\n  Citizen\nStep-4: Choose the either one option from  the Jan Aadhaar Or Google to process further.\nJan Aadhaar : Enter the Jan Aadhaar number, click on the ‘Next’ button,\nSelect your name, the name of the head of the family and all the other members and \nClick on the ‘Send OTP’ button. Enter the ‘OTP’ and \nClick on the ‘Verify OTP’ button to Complete the registration. \nGoogle : Enter the Gmail ID, click on the ‘Next’ button, \nEnter the password.\nA new link appear on screen, now click on the new SSO link.\nSSO id will appear on the screen, now create the password.\nEnter Mobile number, click on registration.\nStep-5: Submit.\n\nApply\nStep-1: Applicant have to visit the official portal. \nStep-2: After login, dashboard will open.\nStep-3: Click on “ RAJ-KISAN ” option. \nStep-4: In \"Farmer\", click on \"Application Entry Request\".\nStep-5: Enter the \"Bhamashah ID\" or \"Janaadhaar ID\" and search.  \nStep-6: Select the person name and scheme name. \nStep-7: Complete the Aadhaar Authentication and click on Get details. \nStep-8: Provide the required details.\n            - Pensioner Details.\n            - Bank Details.\n            - Disability Details.\n            - Verification Details.\n            - Upload Documents.\nStep-9: Submit.",
        "documentsRequired": "Jamabandi copy (not older than 6 months)\nAadhar Card/Janadhar Card.\nIrrigation Source Certificate.\nSoil and Water Testing Report.\nSupplier's Quotation.",
        "sourcesAndReferences": {
            "sourcesAndReferences": "https://www.myscheme.gov.in/schemes/mss#sources",
            "guidelines": "https://rajkisan.rajasthan.gov.in/Rajkisanweb/Kisan",
            "registration": "https://sso.rajasthan.gov.in/register",
            "login": "https://sso.rajasthan.gov.in/signin"
        },
        "Original Link": "https://www.myscheme.gov.in/schemes/mss"
    },
    {
        "schemeName": "Plastic Tunnel (Lo-Tunnel)",
        "details": "The Agriculture Department of the Rajasthan government implemented the Plastic Tunnel (Lo-Tunnel) scheme, providing subsidies to farmers. A low plastic tunnel is a protected structure created by covering each crop bed with plastic sheeting at a low height after planting. It is made to protect crops from damage caused by low temperatures. This technique is very useful for off-season cultivation of vegetables in the plains of North India where the night temperature remains below 8 degrees Celsius for about 40 to 60 days during the winter season. This technique allows off-season vegetable cultivation. Vegetable seedlings are prepared using the plastic tray technique specifically in December and January.\n\nImportant points\nThe low tunnel can be constructed only after administrative approval is issued by the Horticulture Department.\nVerification can be done by the constituted committee.\nThe payment of the grant amount will be transferred directly to the farmer's bank account.",
        "benefits": "50 percent subsidy is available for a maximum of 1000 square meters.\nSmall/marginal category farmers are given a 75 percent subsidy for a maximum of 4000 square meters.",
        "eligibility": "The applicant should be a native of Rajasthan.\nThe applicant should be a farmer.\nThe applicant must have agricultural land ownership and irrigation sources.",
        "applicationProcess": "Online\nRegistration\nStep-1: Applicant have to visit the official portal. \nStep-2: Click on the option “Register”.\nStep-3: Then you will be redirected to the SSO registration page. The registration page will appear with the following options.\n  Citizen\nStep-4: Choose the either one option from  the Jan Aadhaar Or Google to process further.\nJan Aadhaar : Enter the Jan Aadhaar number, click on the ‘Next’ button,\nSelect your name, the name of the head of the family and all the other members and \nClick on the ‘Send OTP’ button. Enter the ‘OTP’ and \nClick on the ‘Verify OTP’ button to Complete the registration. \nGoogle : Enter the Gmail ID, click on the ‘Next’ button, \nEnter the password.\nA new link appear on screen, now click on new SSO link.\nSSO id will appear on screen, now create the password.\nEnter Mobile number, click on registration.\nStep-5: Complete the registration process.\n\nApply\nStep-1: Applicant have to visit the official portal. \nStep-2: After login, dashboard will open.\nStep-3: Click on “ RAJ-KISAN ” option. \nStep-4: In \"Farmer\", click on \"Application Entry Request\".\nStep-5: Enter the \"Bhamashah ID\" or \"Janaadhaar ID\" and search.  \nStep-6: Select the person name and scheme name. \nStep-7: Complete the Aadhaar Authentication and click on Get details. \nStep-8: Provide the required details.\n            - Pensioner Details.\n            - Bank Details.\n            - Disability Details.\n            - Verification Details.\n            - Upload Documents.\nStep-9: Submit.",
        "documentsRequired": "Aadhar Card / Janadhar Card\nCopy of Jamabandi (not more than six months old)\nQuotation from approved firm",
        "sourcesAndReferences": {
            "sourcesAndReferences": "https://www.myscheme.gov.in/schemes/ptlt#sources",
            "guidelines": "https://rajkisan.rajasthan.gov.in/Rajkisanweb/Kisan",
            "farmingStructure": "https://kvk.icar.gov.in/API/Content/PPupload/k0422_73.pdf",
            "registration": "https://sso.rajasthan.gov.in/register",
            "login": "https://sso.rajasthan.gov.in/signin"
        },
        "Original Link": "https://www.myscheme.gov.in/schemes/ptlt"
    },
    {
        "schemeName": "Mahatma Jyotiba Phule Mandi shramik kalyaan yojana",
        "details": "The Agriculture Department of the Rajasthan Government is pleased to announce the Mahatma Jyotiba Phule Mandi Shramik Kalyan Yojana. This program is designed to enhance the lives of mandi workers within the state. The Yojana offers a comprehensive suite of benefits, including healthcare services with a focus on medical insurance coverage.  Furthermore, the program extends financial assistance to aid mandi workers with matrimonial endeavors.  In the event of a medical condition, the Yojana can facilitate access to appropriate treatment facilities, ensuring workers receive the necessary care.",
        "benefits": "Obstetric Support:\nFor a maximum of two deliveries, the female license holder Hammal and Palledar are entitled to be paid assistance equivalent to 45 days' wages as per the prevailing wage rate determined by the state government as an unskilled labourer.\nAs paternity leave, an amount equivalent to 15 days wages is payable to the Hammal/Tulara/Palledar father of the child as per the prevailing wage rate determined by the State Government as an unskilled laborer.\n\nHelp for marriage:\nTo the extent of the marriage of a licensed woman and two daughters of a licensed woman, ₹ 50,000/-per marriage assistance is payable. \nApplication has to be submitted in the format prescribed by the concerned licensee 90 days before the marriage.\n\nScholarship / Meritorious Student Award Scheme\nEvery student who gets first-division marks and whose guardian is a licensed Hammal or Palledar in Mandi is given a merit scholarship at the following rate:-\nClass Male Student Female Student\nHigher grades (70% to 80%) in the 10th  ₹3,000/- to ₹2,000/- ₹3,500/-to ₹2,500/- lump sum per student\nHigher scores in the 12th Between 80% to 90% between 70% to 80% ₹5,000/-,₹4,000/-,₹3,000/- ₹6,000/-,₹5,000/-,₹4,000/- lump sum per student\nMore than 60% marks in graduation ₹4,000/- ₹5,000/- lump sum per student\nMore than 60% marks in post-graduation ₹3,000/- ₹4,000/- lump sum per student\n\nThis award is payable as soon as possible within three months of establishing eligibility.\nMedical Aid:-\nReimbursement of medical expenditures up to a maximum of ₹20,000/-is permitted if a licensed Hammaal or Pulladar becomes gravely ill (due to cancer, heart attack, liver, kidney, etc.) and is admitted to a government hospital or health center.",
        "eligibility": "The applicant should be Farmers/agricultural laborers of the Rajasthan.\nThe applicant workers hold licenses from the market committee.",
        "applicationProcess": "Online\nRegistration\nStep-1: Applicant have to visit the official portal. \nStep-2: Click on the option “Register”.\nStep-3: Then you will be redirected to the SSO registration page. The registration page will appear with the following options.\n  Citizen\nStep-4: Choose the either one option from  the Jan Aadhaar Or Google to process further.\nJan Aadhaar : Enter the Jan Aadhaar number, click on the ‘Next’ button,\nSelect your name, the name of the head of the family and all the other members and \nClick on the ‘Send OTP’ button. Enter the ‘OTP’ and \nClick on the ‘Verify OTP’ button to Complete the registration. \nGoogle : Enter the Gmail ID, click on the ‘Next’ button, \nEnter the password.\nA new link appear on screen, now click on new SSO link.\nSSO id will appear on screen, now create the password.\nEnter Mobile number, click on registration.\nStep-5: Complete the registration process.\n\n\nApply\nStep-1: Applicant have to visit the official portal. \nStep-2: After login, dashboard will open.\nStep-3: Click on “ RAJ-KISAN ” option. \nStep-4: In \"Citizen\", click on \"Application Entry Request\".\nStep-5: Enter the \"Bhamashah ID\" or \"Janaadhaar ID\" and search.  \nStep-6: Select the person name and scheme name. \nStep-7: Complete the Aadhaar Authentication and click on Get details. \nStep-8: Provide the required details.\n            - Pensioner Details.\n            - Bank Details.\n            - Disability Details.\n            - Verification Details.\n            - Upload Documents.\nStep-9: Submit.",
        "documentsRequired": "Aadhar Card / Janadhar Card.\nMark sheet.\nAge proof.\nMedical certificate.\nBank account.\nPhotos.",
        "sourcesAndReferences": {
            "sourcesAndReferences": "https://www.myscheme.gov.in/schemes/mjpmsky#sources",
            "guidelines": "https://rajkisan.rajasthan.gov.in/Rajkisanweb/Kisan",
            "registration": "https://sso.rajasthan.gov.in/register",
            "login": "https://sso.rajasthan.gov.in/signin"
        },
        "Original Link": "https://www.myscheme.gov.in/schemes/mjpmsky"
    },
    {
        "schemeName": "Indira Mahila Shakti Prashikshan Evam Kaushal Sanvardhan Yojna -RS-CIT",
        "details": "Indira Mahila Shakti Prashikshan Evam Kaushal Sanvardhan Yojna Started on 20-12-2020 under the Women and Child Development Department Rajasthan State Government is to make the girls and women of the state empower in the field of computers by providing free computer courses to them. As we all know, in the present times, the use of computers is increasing rapidly. In most of the departments, all the work in government and private companies is being done digitally. \nIn such a situation, this decision of the  Rajasthan government is very important for the girls and women of the state. According to this scheme, women get computer knowledge for free. By doing this, they can become self-reliant and empowered, thus their future will also be bright, this has been the main objective of the Rajasthan Government under the Indira Mahila Shakti Prashikshan Kaushal Samvardhan Yojana.\n\nOut of the allotted seats, Scheduled Caste candidates will be selected on 18% seats and Scheduled Tribe candidates will be selected on 14% seats. In case of non-availability in the concerned category, it can be filled by others.",
        "benefits": "Free basic computer training for women and girls, general information about MS Word, MS Excel, MS PowerPoint, email, etc. is given. Training will be given through RKCL ( Rajasthan Knowledge Corporation Limited).",
        "eligibility": "The applicant is a native citizen of Rajasthan.\nOnly women of the state will be considered eligible for the scheme.\nOnly girls and women between the ages of 16 years to 40 years will be considered eligible for the scheme.\nWidow/divorced/abandoned women suffering from violence be given priority.\nThe applicant trainees who have passed class 10th from a government school and are graduates.\nThe applicant  Anganwadi worker must be a Graduate.",
        "applicationProcess": "Online\nRegistration \nStep-1: Applicants have to visit the official portal.  \nStep-2: Now enter your Mobile number and enter the Code.\nStep-3: Click send OTP, and Enter OTP to confirm.\nStep-4: Now you will come to a new page, and read all the instructions before processing.\nStep-5: Now \"Click here to apply online for RS-CIT Course\".\nStep-6: Enter your details like\n           - District .\n           - Tehsil.\n           - Preference 1 or 2.\n           - Your Name.\n           - Father Name .\n           - Upload required documents etc.\nStep-7: After uploading all your important information and documents, click on submit\nStep-8: After applying, an application ID will be received on your mobile or email.\n\nLogin\nStep-1: Applicants have to visit the official portal.  \nStep-2: Now Click on Login \nStep-3: Now enter your application ID\n            - Application Name\n            - Father Name \n            -  Date of Birth\nStep-4: Click on login.",
        "documentsRequired": "Aadhar card\nIdentity card\nIncome certificate\nAge certificate\nAddress proof\nClass 10th mark sheet\nCopy of the FIR in the case of a woman victim of violence / Domestic Incident Report under the Protection / Copy of the document for registering the case at Women's Safety and Advice Center / Aparajita.\nCaste certificate in case of Scheduled Castes and Tribes.\nDeath certificate of husband in case of widow/talaq deed in case of divorcee/affidavit of desertion in case of deserter.",
        "sourcesAndReferences": {
            "sourcesAndReferences": "https://www.myscheme.gov.in/schemes/imspeksyrc#sources",
            "guidelines": "https://jankalyanfile.rajasthan.gov.in//Content/UploadFolder/Scheme/W_CD/RSCIT/DOC_696_6e94af70-f6f5-4882-bcee-af379e75a7ac.pdf",
            "schemeDetails": "https://schemes.rajasthan.gov.in/scheme/detail/696",
            "registration": "https://sso.rajasthan.gov.in/register"
        },
        "Original Link": "https://www.myscheme.gov.in/schemes/imspeksyrc"
    },
    {
        "schemeName": "Nirman Shramik Antrashtriya Khel Pratiyogiyo Hetu Protsahan Yojana",
        "details": "The purpose of this scheme is to encourage registered beneficiaries employed in building and other construction works and their children to participate in international sports.  This scheme will be effective on those employed in the Labour Department building and other construction workers who are registered as beneficiaries in the board under Section-12 of the The Building and Other Construction Workers (Regulation of Employment and Conditions of Service) Act, 1996, and are depositing their contributions regularly. This scheme will be effective in the entire state of Rajasthan.",
        "benefits": "The incentive amount under this scheme for International level sports competition to the eligible beneficiary or his children will be given as follows: -\nParticipating in the competition-  ₹ 2,00,000/-\nOn receiving the Bronze medal-   ₹5,00,000/-\nOn receiving the Silver medal-     ₹8,00,000/-\nOn receiving the Gold medal-       ₹11,00,000/-",
        "eligibility": "Applicant should be a resident of Rajasthan State.\nFor this scheme, those construction workers will be eligible, who are registered as labour under labour law. \nThose building and other construction workers will be eligible who are registered as beneficiaries in the board under Section-12 of The Building and Other Construction Workers (Regulation of Employment and Conditions of Service) Act, 1996 and are depositing their contribution regularly.\nIn addition to the above, unmarried sons and daughters of construction workers will also be eligible for assistance under the scheme.\nOther Terms & Conditions:\nThe provisions of the scheme will not be applicable to any online gaming / betting-related competition.\nDeclaration of invalidity of Sportsperson or withdrawal of medals won by the participant due to doping or any valid reason stipulated by the organising committee no incentives will be payable under the scheme.\nDuring scrutiny of the application and documents, if any facts are found to be false resulting in the cancellation of eligibility, it will be the responsibility of the concerned beneficiary to deposit all the assistance amount sanctioned under the scheme along with interest.",
        "applicationProcess": "Online\nStep 1: The application has to be submitted by the beneficiary on Board's Online Portal in the form prescribed. \nStep 2: Approval and selection of the candidate will be done by the senior-most officer of the labour office or the competent authority appointed by the secretary after the application has been examined.\nStep 3: Time period for submission of application - Application can be submitted within a period of 6 months from the date of completion of International Sports Competition/Tournament.\nStep 4: The incentive amount will be transferred through electronic means (RTGS / NEFT) to the candidate's bank account under the central banking system.",
        "documentsRequired": "1. Copy of the beneficiary registration identity card.\n2. Copy of the beneficiary's Aadhaar and Jan Aadhaar card.\n3. First page of the beneficiary savings bank account passbook (in which the beneficiary name, bank account number and IFS code are mentioned).\n4. Copy of the certificate issued by the International Sports Organizing Committee / Federation / Association / Council.",
        "sourcesAndReferences": {
            "sourcesAndReferences": "https://www.myscheme.gov.in/schemes/nsakppy#sources",
            "departmentOfLabour,RajasthanWebsite": "https://labour.rajasthan.gov.in/Schemes.aspx",
            "applicationPortal": "https://ldms.rajasthan.gov.in/"
        },
        "Original Link": "https://www.myscheme.gov.in/schemes/nsakppy"
    }
]