[
    {
        "schemeName": "Fawara Sanyantra",
        "details": "The Fawara Sanyantra under the Agriculture Department of the Rajasthan government will give 70% to 75% subsidy to the farmers for installing sprinkler plants. Through this farmers can irrigate more land by getting sprinkler subsidy. The subsidy given by the state government to the farmers will be sent directly to their bank accounts through DBT. To avail of the benefit of the Rajasthan Fawara Sanyantra Subsidy Yojana, a farmer should have land up to 0.2 hectares. So that the fields can be irrigated by installing sprinkler plants. The income of farmers will improve through this scheme. Apart from this, efficient utilization and production will also increase. Besides, 50% to 55% of water can be saved by irrigating the fields through sprinklers.\n\nImportant points\nIf the plant purchase bill for the fountain plant is of the same financial year in which the farmer has applied, the grant will be payable to the eligible farmers.\nIf the sprinkler plant is found to be correct as per the criteria prescribed in the physical verification, the grant amount will be transferred directly to the farmer's account.",
        "benefits": "The grant amount is 70% of the unit cost for general farmers.\nThe grant amount is 75% of the unit cost for small and marginal farmers, Scheduled Caste/Tribe farmers, and women farmers.\nThe grant is payable up to a maximum area of 5 hectares.",
        "eligibility": "The Applicant should be a farmer.\nThe applicant should be a native of Rajasthan.\nThe farmer should have at least 0.2 hectares of irrigated agricultural land.",
        "applicationProcess": "Online\nRegistration\nStep-1: Applicant have to visit the official portal. \nStep-2: Click on the option “Register”.\nStep-3: Then you will be redirected to the SSO registration page. The registration page will appear with the following options.\n  Citizen\nStep-4: Choose the either one option from  the Jan Aadhaar Or Google to process further.\nJan Aadhaar : Enter the Jan Aadhaar number, click on the ‘Next’ button,\nSelect your name, the name of the head of the family and all the other members and \nClick on the ‘Send OTP’ button. Enter the ‘OTP’ and \nClick on the ‘Verify OTP’ button to Complete the registration. \nGoogle : Enter the Gmail ID, click on the ‘Next’ button, \nEnter the password.\nA new link appear on screen, now click on new SSO link.\nSSO id will appear on screen, now create the password.\nEnter Mobile number, click on registration.\nStep-5: Complete the registration process.\n\nApply\nStep-1: Applicant have to visit the official portal. \nStep-2: After login, dashboard will open.\nStep-3: Click on “ RAJ-KISAN ” option. \nStep-4: In \"Farmer\", click on \"Application Entry Request\".\nStep-5: Enter the \"Bhamashah Family ID\" or \"Jan Aadhaar\" and search.  \nStep-6: Select the person name and scheme name. \nStep-7: Complete the Aadhaar Authentication and click on Get details. \nStep-8: Provide the required details.\n            - Pensioner Details.\n            - Bank Details.\n            - Disability Details.\n            - Verification Details.\n            - Upload Documents.\nStep-9: Submit.",
        "documentsRequired": "Jamabandi copy (not more than 6 months old),\nAadhar Card/Jan Aadhar Card\nIrrigation Source Certificate,\nSupplier's Quotation.",
        "sourcesAndReferences": {
            "sourcesAndReferences": "https://www.myscheme.gov.in/schemes/fsr#sources",
            "guidelines": "https://rajkisan.rajasthan.gov.in/Rajkisanweb/Kisan",
            "registration": "https://sso.rajasthan.gov.in/register",
            "logIn": "https://sso.rajasthan.gov.in/signin"
        },
        "Original Link": "https://www.myscheme.gov.in/schemes/fsr"
    },
    {
        "schemeName": "Kisan Kaleva Yojana",
        "details": "The Kisan Kaleva Scheme, initiated by the Rajasthan Government's Agriculture Department, provides food at concessional rates through coupons to farmers and their assistants selling crops in vegetable market premises. Registered farmers and their assistants can avail a plate of food for ₹5/- under this provision. This initiative aims to alleviate the financial burden on farmers and their helpers while ensuring they have access to affordable and nutritious meals during their visits to the market. Through the Kisan Kaleva Scheme, the government demonstrates its commitment to supporting agricultural communities and promoting their well-being by offering practical assistance.",
        "benefits": "The scheme aims to provide affordable and nutritious meals to farmers and their helpers at a subsidized rate of ₹5/- per plate.\nThe meals will be provided in the mandi premises itself.\nThe menu for the meal includes:\n8 chapatis (made from 250 grams of flour).\n1 bowl of dal (125 grams).\n1 bowl of vegetables (125 grams).\n50 grams of jaggery (in winter, from October to March).\n200 ml of buttermilk (in summer, from April to September).",
        "eligibility": "The applicant should be Hamal/Palledar/Tulara of the farmers coming to sell agricultural commodities.\nThe applicant should be a member of the market premises.\nThe applicant should be a license holder of the market.",
        "applicationProcess": "Online\nRegistration\nStep-1: Applicant have to visit the official portal. \nStep-2: Click on the option “Register”.\nStep-3: Then you will be redirected to the SSO registration page. The registration page will appear with the following options.\n  Citizen\nStep-4: Choose the either one option from  the Jan Aadhaar Or Google to process further.\nJan Aadhaar : Enter the Jan Aadhaar number, click on the ‘Next’ button,\nSelect your name, the name of the head of the family and all the other members and \nClick on the ‘Send OTP’ button. Enter the ‘OTP’ and \nClick on the ‘Verify OTP’ button to Complete the registration. \nGoogle : Enter the Gmail ID, click on the ‘Next’ button, \nEnter the password.\nA new link appear on screen, now click on the new SSO link.\nSSO id will appear on the screen, now create the password.\nEnter Mobile number, click on registration.\nStep-5: Submit.\n\nApply\nStep-1: Applicant have to visit the official portal. \nStep-2: After login, dashboard will open.\nStep-3: Click on “ RAJ-KISAN ” option. \nStep-4: In \"Farmer\", click on \"Application Entry Request\".\nStep-5: Enter the \"Bhamashah ID\" or \"Janaadhaar ID\" and search.  \nStep-6: Select the person name and scheme name. \nStep-7: Complete the Aadhaar Authentication and click on Get details. \nStep-8: Provide the required details.\n            - Pensioner Details.\n            - Bank Details.\n            - Disability Details.\n            - Verification Details.\n            - Upload Documents.\nStep-9: Submit.\n\nWhen the coupon code is issued to the farmer, license holder Hamal/Palledar/Tulara is provided by the concerned farmer to the Kaleva operator, after the coupon code is verified on the operator's system, the concerned person is provided food at a concessional rate of ₹ 5/-.",
        "documentsRequired": "Identification Proof\nFarmers coming to the market premises to sell agricultural commodities are issued a maximum of 02 food coupons on each incoming entry card issued at the market gate and 01 food coupon at a concessional rate is issued to license holder Hamal/Palledar/Tulara on the license number. The validity of the coupon issued to the concerned is till 24 hours.",
        "sourcesAndReferences": {
            "sourcesAndReferences": "https://www.myscheme.gov.in/schemes/kky#sources",
            "guidelines": "https://rlsa.gov.in/povertyScheme/21.PDF",
            "schemeDetails": "https://rajkisan.rajasthan.gov.in/Rajkisanweb/Kisan#",
            "registration": "https://sso.rajasthan.gov.in/register",
            "login": "https://sso.rajasthan.gov.in/signin"
        },
        "Original Link": "https://www.myscheme.gov.in/schemes/kky"
    },
    {
        "schemeName": "Shednet House",
        "details": "The Shednet House scheme under the Agriculture Department Rajasthan Government provided subsidies to farmers so they could earn more income by cultivating horticultural crops like vegetables, flowers, fruits, etc. by controlling the agro-climatic factors, temperature, humidity, and sunlight. A shednet house or other woven material is a structure that has openings for the necessary sunlight, moisture, and air to enter from the open spaces. It creates a suitable microenvironment conducive to the growth of the plant. It is also called shednet house or net house.\n\nOther important points\nConstruction of shednet house should be done only after administrative approval/work order has been issued by the Horticulture Department.\nAfter construction, verification will be done by the committee formed.\nPayment of grant amount directly into the bank account of the farmer or to the producer firm based on written consent of the farmer.",
        "benefits": "For a maximum area of 4000 square meters\n50 percent subsidy is given to general-category farmers.\n70 percent subsidy is given to small, marginal, scheduled caste, and scheduled tribe farmers.\n\nIn compliance with the Chief Minister's budget announcement, 25 percent additional grant is being given to all the small and marginal category farmers of the state along with the farmers of the Scheduled Tribe areas.",
        "eligibility": "The applicant should be a farmer.\nThe applicant should be a native of Rajasthan.\nThe applicant must have agricultural land ownership and irrigation sources.",
        "applicationProcess": "Online\nRegistration\nStep-1: Applicant have to visit the official portal. \nStep-2: Click on the option “Register”.\nStep-3: Then you will be redirected to the SSO registration page. The registration page will appear with the following options.\n  Citizen\nStep-4: Choose the either one option from  the Jan Aadhaar Or Google to process further.\nJan Aadhaar : Enter the Jan Aadhaar number, click on the ‘Next’ button,\nSelect your name, the name of the head of the family and all the other members and \nClick on the ‘Send OTP’ button. Enter the ‘OTP’ and \nClick on the ‘Verify OTP’ button to Complete the registration. \nGoogle : Enter the Gmail ID, click on the ‘Next’ button, \nEnter the password.\nA new link appear on screen, now click on the new SSO link.\nSSO id will appear on the screen, now create the password.\nEnter Mobile number, click on registration.\nStep-5: Submit.\n\nApply\nStep-1: Applicant have to visit the official portal. \nStep-2: After login, dashboard will open.\nStep-3: Click on “ RAJ-KISAN ” option. \nStep-4: In \"Farmer\", click on \"Application Entry Request\".\nStep-5: Enter the \"Bhamashah ID\" or \"Janaadhaar ID\" and search.  \nStep-6: Select the person name and scheme name. \nStep-7: Complete the Aadhaar Authentication and click on Get details. \nStep-8: Provide the required details.\n            - Pensioner Details.\n            - Bank Details.\n            - Disability Details.\n            - Verification Details.\n            - Upload Documents.\nStep-9: Submit.",
        "documentsRequired": "Aadhar Card / Janadhar Card\nCopy of Jamabandi (not more than six months old)\nSoil and water test report\nQuotation from approved firm and proof of irrigation source.\nCertificate related to grant to small, marginal, scheduled caste, and scheduled tribe farmers",
        "sourcesAndReferences": {
            "sourcesAndReferences": "https://www.myscheme.gov.in/schemes/sh#sources",
            "guidelines": "https://rajkisan.rajasthan.gov.in/Rajkisanweb/Kisan",
            "registration": "https://sso.rajasthan.gov.in/register",
            "login": "https://sso.rajasthan.gov.in/signin"
        },
        "Original Link": "https://www.myscheme.gov.in/schemes/sh"
    },
    {
        "schemeName": "Vermicompost Ikai",
        "details": "The Vermicompost Ikai under the Agriculture Department Rajasthan government provides subsidies to farmers. Through the organic manure method, good quality manure can be prepared in a very short time under normal temperatures in which entire species of earthworms are used. In this, the cellulose and microorganisms present in the intestines of earthworms together decompose the ingested organic matter very rapidly. Due to the effect of their digestive process and the combined mixture of organic matter, these earthworms leave out a waste material which is called vermicomposting and these Manure pits are not found without earthworms.\n\nImportant points\nVerification can be done by the committee formed after construction.\nAfter physical verification, the grant amount will be paid directly into the farmer's bank account.",
        "benefits": "Vermicomposting Unit with RCC Construction\nSize: 30 feet X 8 feet X 2.5 feet\nCost: 50% of the installation cost, up to a maximum of ₹50,000/- per unit\nSubsidy is proportional to the size of the unit\nHDPE Vermibed Unit\nSize: 12 feet X 4 feet X 2 feet\nCost: 50% of the installation cost, up to a maximum of ₹8,000/- per unit\nSubsidy is proportional to the size of the unit",
        "eligibility": "The applicant should be a native of Rajasthan.\nThe Applicants must Cultivate horticultural crops on a minimum of 0.4 hectares of own land.\nThe farmer must have livestock, water, and fossils available.",
        "applicationProcess": "Online\nRegistration\nStep-1: Applicant have to visit the official portal. \nStep-2: Click on the option “Register”.\nStep-3: Then you will be redirected to the SSO registration page. The registration page will appear with the following options.\n  Citizen\nStep-4: Choose the either one option from  the Jan Aadhaar Or Google to process further.\nJan Aadhaar : Enter the Jan Aadhaar number, click on the ‘Next’ button,\nSelect your name, the name of the head of the family and all the other members and \nClick on the ‘Send OTP’ button. Enter the ‘OTP’ and \nClick on the ‘Verify OTP’ button to Complete the registration. \nGoogle : Enter the Gmail ID, click on the ‘Next’ button, \nEnter the password.\nA new link appear on screen, now click on new SSO link.\nSSO id will appear on screen, now create the password.\nEnter Mobile number, click on registration.\nStep-5: Complete the registration process.\n\nApply\nStep-1: Applicant have to visit the official portal. \nStep-2: After login, dashboard will open.\nStep-3: Click on “ RAJ-KISAN ” option. \nStep-4: In \"Farmer\", click on \"Application Entry Request\".\nStep-5: Enter the \"Bhamashah ID\" or \"Janaadhaar ID\" and search.  \nStep-6: Select the person name and scheme name. \nStep-7: Complete the Aadhaar Authentication and click on Get details. \nStep-8: Provide the required details.\n            - Pensioner Details.\n            - Bank Details.\n            - Disability Details.\n            - Verification Details.\n            - Upload Documents.\nStep-9: Submit.",
        "documentsRequired": "Aadhar Card / Janadhar Card\nCopy of Jamabandi (not more than six months old)\nCopy of Bank Passbook.",
        "sourcesAndReferences": {
            "sourcesAndReferences": "https://www.myscheme.gov.in/schemes/vi#sources",
            "guidelines": "https://rajkisan.rajasthan.gov.in/Rajkisanweb/Kisan",
            "registration": "https://sso.rajasthan.gov.in/register",
            "login": "https://sso.rajasthan.gov.in/signin"
        },
        "Original Link": "https://www.myscheme.gov.in/schemes/vi"
    },
    {
        "schemeName": "Rajiv Gandhi Krishak Sathi Sahayta Yojana",
        "details": "The Rajasthan government's Rajiv Gandhi Krishak Sathi Sahayta Yojana is a critical safety net for those who keep our food system running smoothly.  Farmers, farmworkers, and market staff face inherent risks in their daily activities.  This program acknowledges those risks and provides much-needed financial assistance in times of crisis.  If an accident occurs while they're tending to crops, raising livestock, or selling their produce at market, the Yojana can help soften the financial blow.  This can mean the difference between a family being able to afford medical care and essential needs, or facing devastating hardship.",
        "benefits": "The following financial assistance will be provided by the government to farmers and people doing agriculture related work:-\n\nSituation Relief fund\nIn case of death in an accident ₹2,00,000/-.\nBy cutting off any part of both hands, both legs, or both eyes separately. ₹50,000/-\nIn case of coma due to spinal cord fracture and head injury. ₹50,000/-\nDe-scalping of hair on the head of a man or woman ₹40,000/-\nIn case of partial de-scalping (small part) of hair on the head of a man or a woman. ₹25,000/-\nIn case of amputation of a body part like a hand, leg, eye, paw, arm etc. ₹25,000/-\nHaving four fingers amputated (completely or partially) ₹20,000/-\nThree fingers cut ₹15,000/-\nTwo fingers were cut off ₹10,000/-\nHaving a finger cut ₹5,000/-\nHammal/Paledar/Laborer working in the market premises gets fractured in an accident while doing agricultural/marketing work in the market premises. ₹10,000/-\nOne testicle is severed ₹25,000/-\nWhen two testicles are separated ₹40,000/-",
        "eligibility": "The Farmers/agricultural laborers of the state.\nThe workers hold licenses from the market committee.",
        "applicationProcess": "Online\nRegistration\nStep-1: Applicant have to visit the official portal. \nStep-2: Click on the option “Register”.\nStep-3: Then you will be redirected to the SSO registration page. The registration page will appear with the following options.\n  Citizen\nStep-4: Choose the either one option from  the Jan Aadhaar Or Google to process further.\nJan Aadhaar : Enter the Jan Aadhaar number, click on the ‘Next’ button,\nSelect your name, the name of the head of the family and all the other members and \nClick on the ‘Send OTP’ button. Enter the ‘OTP’ and \nClick on the ‘Verify OTP’ button to Complete the registration. \nGoogle : Enter the Gmail ID, click on the ‘Next’ button, \nEnter the password.\nA new link appear on screen, now click on the new SSO link.\nSSO id will appear on the screen, now create the password.\nEnter Mobile number, click on registration.\nStep-5: Submit.\n\nApply\nStep-1: Applicant have to visit the official portal. \nStep-2: After login, dashboard will open.\nStep-3: Click on “ RAJ-KISAN ” option. \nStep-4: In \"Farmer\", click on \"Application Entry Request\".\nStep-5: Enter the \"Bhamashah ID\" or \"Janaadhaar ID\" and search.  \nStep-6: Select the person name and scheme name. \nStep-7: Complete the Aadhaar Authentication and click on Get details. \nStep-8: Provide the required details.\n            - Pensioner Details.\n            - Bank Details.\n            - Disability Details.\n            - Verification Details.\n            - Upload Documents.\nStep-9: Submit.",
        "documentsRequired": "A medical officer's certificate required\nFIR Report\nDeath Report\nPost-mortem report\nCertificate from the government doctor in case of a poisonous animal bite or camel bite.\nProvision for payment to be made on the Panchnama also under the signature of the Government Doctor.",
        "sourcesAndReferences": {
            "sourcesAndReferences": "https://www.myscheme.gov.in/schemes/rgkssy#sources",
            "guidelines": "https://rajkisan.rajasthan.gov.in/Rajkisanweb/Kisan#",
            "schemeDetails": "https://rlsa.gov.in/povertyScheme/10.PDF",
            "registration": "https://sso.rajasthan.gov.in/register",
            "login": "https://sso.rajasthan.gov.in/signin"
        },
        "Original Link": "https://www.myscheme.gov.in/schemes/rgkssy"
    },
    {
        "schemeName": "Chief Minister Higher Education Scholarship Scheme",
        "details": "The \"Chief Minister Higher Education Scholarship Scheme\" was launched by the Higher Education Department, Government of Rajasthan. This scheme aims to enhance educational levels and provide assistance to children from low-income families. The scholarship is provided to the first one lakh students whose annual family income is up to ₹2,50,000/- and who are not receiving any other scholarship or financial assistance.\nThis scheme aims to provide scholarships to the following:-\nNew one lakh students who fulfill the eligibility.\nAll such students who have approved scholarships under this scheme last year and who are continuously studying in institutions of higher education.\nObjective:\nThe objective of this scheme is to provide financial assistance to talented students of low-income groups for pursuing higher education.",
        "benefits": "Under this scheme, eligible students will receive the following financial assistance::\nThe students will receive ₹500/- per month for a maximum of 10 months, totaling up to ₹5,000/- annually.\nThe students with a disability of 40% or more will receive ₹1,000/- per month for up to 10 months, totaling a maximum of ₹10,000/- annually.\nNote: The benefits under this scheme are available for a maximum of 5 years for regular students studying in higher educational institutions. If students discontinue their studies before completing 5 years, the benefits will be valid only for the previous year.",
        "eligibility": "The applicant should be a native of Rajasthan.\nThe applicant should be a regular student.\nThe student should be studying at a government or recognized non-government higher or technical institute in Rajasthan.\nStudents should have passed the 12th examination from the Rajasthan Board of Secondary Education, Ajmer, in the current year with a minimum of 60% marks and secured a position within the top one lakh of the board's merit list.\nDisabled students should have a disability of 40% or more.\nThe total annual income of the applicant's parents or guardians should not exceed ₹2,50,000/-.\nThe student should not be receiving benefits from any other scholarship or equivalent scheme provided by the Government of India or the State Government.\nThe student should have a savings account in a nationalized bank.\nThe applicant should possess a valid Aadhaar card.\nThe student should have a Jan Aadhaar Card (Bhamashah Card).",
        "applicationProcess": "Online\nRegistration Process:\nStep 1: Visit the official website of Higher Technical Medical Education: https://hte.rajasthan.gov.in/\nStep 2: On the homepage, click on the \"Register/Login\" tab at the top of the screen.\nStep 3: If you are a new user, select \"Registration\", then select an option for registration under the ‘Citizen’ tab.\nStep 4: Complete the registration process by entering your Jan Aadhaar Number.\nStep 5: After successful registration, you will receive a User ID (SSO ID) and Password. These credentials will allow you to check your application status and apply for scholarships in the future.\nApplication Process:\nStep 1: To apply for the scholarship, revisit the official website of Higher Technical Medical Education: https://hte.rajasthan.gov.in/\nStep 2: On the homepage, click on the \"Register/Login\" tab at the top of the screen. Select ‘Login,’ enter your username (SSO ID), password, and Captcha, then click ‘Login.’\nStep 3: Once logged in, update your profile.\nStep 4: Select the scholarship scheme, fill in the required information, and upload all necessary documents on the online scholarship portal.\nStep 5: After entering the information and uploading the documents, make sure to submit/save your application form.\nNote 1: A Jan Aadhaar Card (Bhamashah Card) is required to complete the online application process.\nNote 2: There is no fee to apply for this scholarship.\nNote 3: The head of the institution will verify the information by matching the documents attached in the online application with the originals and will forward the application online to the district nodal officer by the specified deadline.\nNote 4: If the application is rejected due to deficiencies, the student will be responsible.\nNote 5: Ensure that your SSO ID profile is updated before registering for the scholarship.\nNote 6: Students will have to prepare the SSO ID profile and scholarship profile only once, on the basis of this, students will be able to apply for scholarships or other schemes of the state government run through the SSO Portal in the coming years.\nNote 7: If your educational institution is not listed on the portal, contact your institution to request its registration on the portal.\nUser Manual",
        "documentsRequired": "Aadhaar number or Aadhaar registration number\nPassport-size photograph\nReceipt with Jan Aadhaar ID or Jan Aadhaar registration number\nDomicile certificate of Rajasthan\nProof of age\nEducation qualification certificates\nResidence Proof\nIncome Certificate\nDisability certificate (In case of disabled student) issued by the Medical Board constituted by the Medical Department.\nBank passbook/Bank account details\nAny other documents as required",
        "sourcesAndReferences": {
            "sourcesAndReferences": "https://www.myscheme.gov.in/schemes/cmhess#sources",
            "guidelines": "https://hte.rajasthan.gov.in/scholarship/217092019.pdf",
            "applicationPortal": "https://sso.rajasthan.gov.in/",
            "officialWebsite": "https://hte.rajasthan.gov.in/online-scholarship",
            "userManual": "https://hte.rajasthan.gov.in/scholarship/Steps28102020.pdf"
        },
        "Original Link": "https://www.myscheme.gov.in/schemes/cmhess"
    },
    {
        "schemeName": "Nirman Shramik Jeevan va Bhavishya Suraksha Yojana",
        "details": "Launched in 2016, the scheme \"Nirman Shramik Jeevan va Bhavishya Suraksha Yojana\" (Construction Workers Life and Future Security Scheme) by the Building and Other Construction Workers Welfare Board, Government of Rajasthan aims to provide financial security and social protection through insurance and pension benefits to the registered construction workers and their families. Through this scheme, benefits under the Pradhan Mantri Suraksha Bima Yojana, Pradhan Mantri Jeevan Jyoti Bima Yojana, and Atal Pension Yojana are provided to eligible registered construction workers. This comprehensive scheme complements other initiatives like the Construction Workers Tools/Toolkit Assistance Scheme, Construction Workers Education and Skill Development Scheme, and Construction Workers Sulabh Yojana.",
        "benefits": "Pradhan Mantri Suraksha Bima Yojana (PMSBY)\n100% reimbursement of annual premium amount (₹12)\nPremium amount is fully reimbursed through electronic transfer\nNo partial reimbursement option is available\nBeneficiary must show proof of premium deduction in bank passbook\nPradhan Mantri Jeevan Jyoti Bima Yojana (PMJJBY)\n50% reimbursement of the annual premium amount\nTotal premium: ₹330\nReimbursement amount: ₹165\nRemaining ₹165 to be borne by the beneficiary\nMust provide proof of full premium deduction from bank account\nAtal Pension Yojana (APY)\n50% reimbursement of the annual contribution amount\nSpecifically for the ₹1,000 monthly pension plan\nReimbursement is calculated based on the average annual contribution\nBeneficiary must continue paying their share to maintain scheme validity\nMust show proof of contribution deduction from bank account",
        "eligibility": "1.  The applicant must be registered as a beneficiary with the Building and Other Construction Workers Welfare Board.\n2.  The applicant must have a savings bank account in their name.\n3.  The applicant must be eligible for membership under the following schemes:\nPradhan Mantri Suraksha Bima Yojana (PMSBY)\nPradhan Mantri Jeevan Jyoti Bima Yojana (PMJJBY)\nAtal Pension Yojana (APY)\n4.  The applicant must provide consent to their bank for the deduction of premium/contribution from their savings account.\n5.  The applicant must have gotten the annual premium/contribution amount deducted from their savings account.",
        "applicationProcess": "Online\nREGISTRATION\nStep 1: Visit the Official Portal of Rajasthan Single Signon, and click \"Register Here\".\nStep 2: In the online registration form, fill in all the mandatory fields, verify your Mobile Number via OTP, and click \"Register\".\nAPPLICATION\nStep 1: After successful registration, log in to the SSO Portal, you will be able to browse the various Departmental Portals of the Government of Rajasthan.\nStep 2: Click on the “Labour Department Management System (LDMS)” icon. The system will ask whether you are already registered with LDMS.\nStep 2.1: If you are already registered with LDMS, click ‘Yes’. You will be asked to provide your LDMS Login ID & Password for mapping with SSO ID. \n*This is a one-time activity, thereafter, in subsequent sessions upon entering the SSO ID & selecting the LDMS portal, the user will automatically come to the respective screen in the LDMS portal.\nStep 2.2: If you are NOT already registered with LDMS, click ‘No’. You will be asked to update your profile by providing the following details: District, House No./Plot No., Street/Locality, Village/Town/City, and PIN Code.\nStep 3: After submitting the form, you will automatically come to the dashboard of the LDMS portal.\nStep 4: Select \"Welfare Schemes\" from the side menu, then select \"BOCW Welfare Board\", then click \"Apply for Scheme\".\nStep 5: In the next page, all the schemes of the Rajasthan Shramik Card will be displayed. From the list, select the scheme you intend to apply for.\nStep 6: You will be taken to the online application form of the scheme. In the form, fill in all the mandatory fields of the Application Form and upload all the mandatory documents in the specified format and size. Finally, click \"Submit\".",
        "documentsRequired": "Copy of Beneficiary Registration Identity Card.\nCopy of Bank Passbook First Page (showing beneficiary's name, account number, and IFSC code).\nCopy of Bank Passbook Page Showing Premium/Contribution Deduction Details.\nCopy of Aadhaar Card and Bhamashah Card (Optional).",
        "sourcesAndReferences": {
            "sourcesAndReferences": "https://www.myscheme.gov.in/schemes/nsjbsy#sources",
            "guidelines[labourDepartment]": "https://labour.rajasthan.gov.in/Schemes.aspx",
            "guidelines[directorateOfSpeciallyAbledPerson]": "https://dsap.rajasthan.gov.in/sm/jankalyan-category-and-entry-type/54844/167/4/1"
        },
        "Original Link": "https://www.myscheme.gov.in/schemes/nsjbsy"
    },
    {
        "schemeName": "Devnarayan Chhatra Cycle Scheme",
        "details": "The \"Devnarayan Chhatra Cycle Scheme\" was launched by the Social Justice and Empowerment Department, Government of Rajasthan, aims to promote education and mobility among girls belonging to the Special Backward Classes (SBC) or specific communities such as Banjara, Baldia, Labana, Gadiya-Lohar, Gadolia, Gujar, Gurjar, Raiko, Rebari (Debasi), and Gadaria (Gadri, Gyari). Under this scheme, free bicycles are provided to girl students studying in 9th Class in government schools of Rajasthan.",
        "benefits": "Free distribution of cycles to girl students.",
        "eligibility": "The applicant should be a girl student.\nThe applicant should be a native of Rajasthan.\nThe applicant should be enrolled in class 9th in a government school of Rajasthan.\nThe applicant must belong to one of the following Special Backward Class (SBC) communities:\nBanjara, Baldia, Labana\nGadiya Lohar, Gadolia\nGujar, Gurjar\nRaika, Rebari (Debasi)\nGadaria (Gadri, Gyari)",
        "applicationProcess": "Offline\nStep 1: The interested applicant should visit (during office hours) the principal of the respective government school where the student is enrolled and request a hard copy of the prescribed format of the application form from the staff exclusively entrusted to issue and collect filled-in applications.\nStep 2: In the application form, fill in all the mandatory fields and attach copies of all the mandatory documents (self-attest, if required).\nStep 3: Submit the duly filled and signed application form along with the documents to the principal of the respective government school. \nStep 4: Request a receipt or acknowledgment from the principal of the respective government school to whom the application has been submitted. Ensure that the receipt contains essential details such as the date and time of submission and a unique identification number (if applicable).",
        "documentsRequired": "Rajasthan Domicile Certificate\nSBC Caste Certificate\nIncome Certificate\nAadhaar Card\nEducational Certificate of Class 9th\nAny other documents as required",
        "sourcesAndReferences": {
            "sourcesAndReferences": "https://www.myscheme.gov.in/schemes/dccs#sources",
            "guidelines": "https://sje.rajasthan.gov.in/Default.aspx?PageID=87",
            "officialWebsite": "https://jansoochna.rajasthan.gov.in/CMS/EligiblityRules"
        },
        "Original Link": "https://www.myscheme.gov.in/schemes/dccs"
    },
    {
        "schemeName": "Ambedkar Fellowship Scheme",
        "details": "The \"Ambedkar Fellowship Scheme\" was launched by the Social Justice and Empowerment Department, Government of Rajasthan, with the objective of providing financial assistance to meritorious students from the Scheduled Caste category for research at the Ph.D. level. In the first phase, six students will benefit annually from the scheme. Under this scheme, selected students will receive a monthly fellowship grant to support their research in specific subjects, including Sociology, Public Administration, Law, Economics, Political Science, and Anthropology.",
        "benefits": "Financial Assistance:\nSelected Ph.D. candidates receive a monthly fellowship of ₹15,000 for up to three years.\nMode of Disbursement:\nThe fellowship amount is directly transferred to the student's bank account by cheque or DD.\nDuration:\nThe fellowship continues for a maximum duration of 3 years, subject to satisfactory academic progress.",
        "eligibility": "The applicant should be a native of Rajasthan.\nThe applicant should belong to the Scheduled Caste (SC) category.\nThe applicant should have completed a postgraduate degree with at least 55% marks.\nThe applicant should be below 35 years of age at the time of application.\nThe applicant's annual family income should not exceed ₹2,50,000/- from all sources.\nPriority is given to candidates enrolled in central or state government universities in Rajasthan.\nA maximum of two children from a single family (parents/guardians) can apply under the scheme.\nThe applicant should have secured admission in a Ph.D. program in a recognized university in Rajasthan in one of the following subjects:\nSociology\nPublic Administration\nLaw\nEconomics\nPolitical Science\nAnthropology\nOther terms & conditions:\nThe selected candidate will have to submit a certificate regarding admission from the Head of the concerned University or Institute in which he/she is pursuing Ph.D.\nCandidates selected for Ph.D. will have to submit certificate regarding attendance as prescribed by University Grants Commission (UGC).\nEvery year a progress report of the research work done by the student will be submitted to the department and after completion of the research work a copy will be made available to the department also.\nIn case the amount received as fellowship is misused by the student, the amount paid along with 10% interest will be recovered from the concerned student. The student will have to submit an undertaking to this effect on a non-judicial stamp of ₹100/-.",
        "applicationProcess": "Offline\nStep 1: Fill Out the Application Form\nThe applicant must fill out the prescribed application form released by the Rajasthan Government.\nEnsure that all personal, educational, and bank details are correctly entered.\nStep 2: Submit the Application\nThe completed application form along with the required documents must be sent to: Secretary, Ambedkar Peeth, Moondla, Jamwaramgarh, Jaipur (Email ID: secretaryapj@gmail.com)\nStep 3: Scrutiny of Applications\nA Scrutiny Committee will review the received applications to verify eligibility and completeness.\nThe committee includes officials from the Social Justice and Empowerment Department.\nStep 4: Selection by State-Level Approval Committee\nThe State-Level Approval Committee will select up to 6 students per year based on merit and eligibility.\nStep 5: Annual Review and Renewal\nThe student must submit an annual progress report to continue receiving the fellowship.\nIf a student discontinues or misuses the fellowship, they may have to repay the amount with 10% interest.\nNOTE: The application must be submitted within one month from the date of advertisement.",
        "documentsRequired": "Caste Certificate (Issued by a competent authority in Rajasthan)\nResidence Certificate (Proof of being a permanent resident of Rajasthan)\nIncome Certificate (Issued as per the Rajasthan government format)\nAadhaar Card \nBank Account Details \nPostgraduate Degree Certificate \nPh.D. Admission Proof (Admission letter from a recognized university in Rajasthan)\nResearch Proposal \nAffidavit on ₹100 Non-Judicial Stamp Paper (Declaring that the applicant is not receiving any other fellowship)\nAny other documents as required",
        "sourcesAndReferences": {
            "sourcesAndReferences": "https://www.myscheme.gov.in/schemes/afs-sc#sources",
            "guidelines": "https://sje.rajasthan.gov.in/Default.aspx?PageID=1165"
        },
        "Original Link": "https://www.myscheme.gov.in/schemes/afs-sc"
    },
    {
        "schemeName": "Ambedkar DBT Voucher Scheme",
        "details": "The \"Ambedkar DBT Voucher Scheme\" was launched by the Social Justice and Empowerment Department, Government of Rajasthan, during the financial year 2021–22. It aims to provide financial assistance for accommodation to students from SC, ST, OBC, MBC, and EWS categories who are regularly studying in undergraduate or postgraduate courses at government colleges located at the district level in Rajasthan. Under this scheme, eligible students residing in rented accommodations receive ₹2,000 per month for a maximum of 10 months per academic year.",
        "benefits": "Financial Assistance: \n₹2,000/- per month for a maximum of 10 months per academic year.\nNote: Students will be paid on monthly/monthly basis.\nDuration of Benefit: \nMaximum 5 years per student.\nTotal Number of Beneficiaries: \n5,000 students annually.",
        "eligibility": "The applicant should be a resident of Rajasthan.\nThe applicant should belong to Scheduled Caste (SC), Scheduled Tribe (ST), Other Backward Class (OBC), Most Backward Class (MBC) or Economically Weaker Section (EWS) category.\nThe applicant should be studying in a government college at the district level for the academic course.\nThe student should be regularly enrolled in an undergraduate or postgraduate course at a government college.\nThe student should be pursuing an academic course in a government college located at the district level.\nThe student should not be a resident of the Municipal Corporation, Municipal Council, or Municipality of the district where they are studying.\nThe student whose parent/guardian owns a house in the city or town where they are studying is not eligible for benefits under this scheme.\nThe student who is residing in government-run hostel will not be eligible for benefits under the scheme.\nThe benefit of the scheme will be available to the student for a maximum of five years.\nThe annual income of the applicant’s family should not exceed:\nSC/ST/MBC: ₹2,50,000/-\nOBC: ₹1,50,000/-\nEWS: ₹1,00,000/-",
        "applicationProcess": "Online - Via CSCs\nOnline\nStep 1: The applicant should gather copies of the necessary documents needed to apply for the concerned scheme.\nStep 2: The applicant should visit the nearest E-Mitra Center and complete the Biometric Verification Process.\nStep 3: The applicant should ensure that the E-Mitra Center agent completes all mandatory fields in the application form and uploads copies of all required documents.\nStep 4: Request a receipt or acknowledgment from the concerned authority to whom the application has been submitted. Ensure that the receipt contains essential details such as the date and time of submission, and a unique identification number (if applicable).\nCollege-Level Verification:\nThe government college where the student is enrolled verifies the application and forwards it to the District Social Justice and Empowerment Office.\nApproval Process:\nThe Deputy Director/Assistant Director (District Magistrate) approves applications based on the category-wise allocation.",
        "documentsRequired": "Domicile Certificate (issued by a competent authority)\nCaste Certificate (issued by a competent authority)\nSelf-Declared Income Certificate (as per category requirements)\nJan Aaadhar Card\nAadhar Card (for identity verification)\nBank Account Details (Bank Name, Account Number, IFSC Code, Branch Name)\nCertificate of Regular Enrollment in a government college\nSelf-Certified Rental Proof (Rental Agreement/Receipt)\nMarksheet of the Last Passed Examination\nAny other documents as required",
        "sourcesAndReferences": {
            "sourcesAndReferences": "https://www.myscheme.gov.in/schemes/adbtvs#sources",
            "guidelines": "https://sje.rajasthan.gov.in/siteadmin/Uploads/202107061604065219.pdf"
        },
        "Original Link": "https://www.myscheme.gov.in/schemes/adbtvs"
    }
]