{
  "schemeName": "Airavata Scheme",
  "eligibility": {
    "residence": "rural",
    "minAge": 21,
    "maxAge": 0,
    "gender": null,
    "casteCategory": "SC",
    "minIncome": 0,
    "maxIncome": 500000,
    "disability": false,
    "minority": false,
    "maritalStatus": "Any"
  },
  "category": "employment",
  "applicationProcedure": [
    "Visit the official website of the scheme",
    "Fill the registration form",
    "Fill the application form",
    "Sign in under the Airavata scheme"
  ],
  "documentsRequired": [
    "Aadhar card",
    "Bonafide certificate",
    "PAN card",
    "Rashan card",
    "Passport size photograph",
    "Driving License",
    "Category certificate",
    "Age proof certificate",
    "Valid mobile number"
  ],
  "state": "Karnataka",
  "mode": false,
  "sourceLink": "https://www.myscheme.gov.in/schemes/airavata"
}