{
  "schemeName": "Arivu Education Loan Scheme",
  "eligibility": {
    "residence": "rural",
    "minAge": 0,
    "maxAge": 0,
    "gender": null,
    "casteCategory": "Minority",
    "minIncome": 0,
    "maxIncome": 800000,
    "disability": false,
    "minority": true,
    "maritalStatus": "Any"
  },
  "category": "education",
  "applicationProcedure": [
    "Visit the Karnataka Minorities Development Corporation official website",
    "Click 'Apply Online' and Enter 'Mobile Number' and 'Submit'",
    "Enter 'Aadhaar Number' Fill in the 'Captcha' and Select 'Next'",
    "Enter 'OTP' and select 'Continue', After that Allow the official notice",
    "After verifying the Aadhaar again fill in the 'OTP' and Submit",
    "Select the scheme and fill in the basic details father's name, gender, qualification detail",
    "Select 'Next' Fill in the address detail and again select 'Next'",
    "Upload the required document passport-size photo, educational document, income certificate, etc",
    "Click 'Proceed' and Select 'Submit Application' and get an Application ID"
  ],
  "documentsRequired": [
    "Recent Two Passport-size Photos of the Student",
    "Student's Caste Certificate",
    "Income Certificate",
    "Aadhaar Card",
    "CET Admission Letter",
    "NEET Admission Letter",
    "Student's SSLC/10th Marks Card Copy",
    "Student's Diploma/PUC Marks Card",
    "Indemnity Bond",
    "Student's College Bank Details",
    "Student Bonafide/Study Certificate",
    "Student Self-declaration Form",
    "Parents Self-Declaration Form",
    "College Fee Structure"
  ],
  "state": "Karnataka",
  "mode": false,
  "sourceLink": "https://www.myscheme.gov.in/schemes/aels"
}