{
  "schemeName": "Ashadeepa Scheme",
  "eligibility": {
    "residence": "Karnataka",
    "minAge": 0,
    "maxAge": 0,
    "gender": null,
    "casteCategory": "SC/ST",
    "minIncome": 0,
    "maxIncome": 0,
    "disability": false,
    "minority": false,
    "maritalStatus": "Any"
  },
  "category": "Employment",
  "applicationProcedure": [
    "Visit the official website of the Karnataka State Unorganized Workers Social Security Board",
    "Scroll down and click on the 'Ashadeepa Scheme'",
    "Click on 'Apply' to apply for the scheme",
    "Fill out all the required fields",
    "Upload the required documents",
    "Click on Submit to complete the application process"
  ],
  "documentsRequired": [
    "Identity proof i.e. Aadhaar Card",
    "Caste Certificate",
    "Employment Proof",
    "Apprenticeship Details (If applicable)",
    "Bank Account Details",
    "Proof of ESI and EPF Contribution",
    "Salary or Stipend Records",
    "Any other documents as required"
  ],
  "state": "Karnataka",
  "mode": false,
  "sourceLink": "https://www.myscheme.gov.in/schemes/ads"
}