{
  "schemeName": "Bhagyalaxmi Scheme",
  "eligibility": {
    "residence": "rural",
    "minAge": 0,
    "maxAge": 0,
    "gender": false,
    "casteCategory": "Any",
    "minIncome": 0,
    "maxIncome": 0,
    "disability": false,
    "minority": false,
    "maritalStatus": "Unmarried"
  },
  "category": "women and child",
  "applicationProcedure": [
    "First of all, go to the official website of Bhagya Laxmi Yojana Karnataka.",
    "The homepage of the website will open on the screen.",
    "Now click on the Bhagya Laxmi Yojana Application form link.",
    "The PDF of the application form will open on the screen.",
    "Now, fill in the form with all the required details.",
    "Finally submit the form to the concerned authority."
  ],
  "documentsRequired": [
    "Application form of the Bhagya Laxmi Scheme.",
    "Certified copy of the birth certificate of the girl child.",
    "Income details of the parents.",
    "Address proof of the parents of the girl child.",
    "BPL Card.",
    "Bank details of the girl child card.",
    "Photograph of a child with parents.",
    "While registering 2nd child under the scheme, a Family Planning certificate is to be submitted along with all the above documents.",
    "Copy of marriage certificate/Self-declaration certificate of parents."
  ],
  "state": "Karnataka",
  "mode": true,
  "sourceLink": "http://blakshmi.kar.nic.in:8080/First.jsp"
}