{
  "schemeName": "Charmashilpa Scheme",
  "eligibility": {
    "residence": "Any",
    "minAge": 18,
    "maxAge": 0,
    "gender": null,
    "casteCategory": "SC",
    "minIncome": 0,
    "maxIncome": 30000,
    "disability": false,
    "minority": false,
    "maritalStatus": "Any"
  },
  "category": "Employment",
  "applicationProcedure": [
    "Visit the official Seva Sindhu Portal",
    "Register with Aadhaar Number and Captcha code",
    "Fill out email ID, mobile number, create a password, and enter the captcha",
    "Apply for the scheme by providing personal, address, and banking details"
  ],
  "documentsRequired": [
    "Aadhaar Card",
    "Caste certificate with RD number",
    "Annual Income Certificate",
    "Ration Card",
    "Passport-size Photograph of the applicant and spouse",
    "E-Shram card (for cobblers/shoemakers)",
    "First page of SHG Bank Passbook",
    "Detailed Project Report",
    "Loan documents"
  ],
  "state": "Any",
  "mode": false,
  "sourceLink": "https://www.myscheme.gov.in/schemes/cs"
}