{
  "schemeName": "Direct Loan Scheme Karnataka",
  "eligibility": {
    "residence": "rural",
    "minAge": 18,
    "maxAge": 0,
    "gender": false,
    "casteCategory": "SC",
    "minIncome": 0,
    "maxIncome": 25000,
    "disability": false,
    "minority": false,
    "maritalStatus": "Any"
  },
  "category": "employment",
  "applicationProcedure": [
    "Visit the official Seva Sindhu Portal",
    "Register with Aadhaar Number and Captcha code",
    "Fill out email ID, mobile number, create a password, and enter the captcha",
    "Apply for the scheme by selecting the department and scheme",
    "Enter personal, address, and banking details"
  ],
  "documentsRequired": [
    "Aadhaar Card",
    "Caste Certificate with RD number",
    "Annual Income Certificate",
    "Ration Card",
    "Passport-size Photograph of the applicant and his/her spouse",
    "Bank Passbook",
    "Detailed Project Report",
    "Profession Certificate/Skill Test Certificate",
    "Loan Documents"
  ],
  "state": "Karnataka",
  "mode": false,
  "sourceLink": "https://www.myscheme.gov.in/schemes/dlsk"
}