{
  "schemeName": "Financial Assistance to Traditional Artisans (Panchavrutthi Scheme)",
  "eligibility": {
    "residence": "rural",
    "minAge": 18,
    "maxAge": 55,
    "gender": null,
    "casteCategory": "Vishwakarma community",
    "minIncome": 0,
    "maxIncome": 0,
    "disability": false,
    "minority": false,
    "maritalStatus": "Any"
  },
  "category": "Other",
  "applicationProcedure": [
    "Visit the Karnataka Vishwakarma Communities Development Corporation and request a hard copy of the prescribed format of the application form",
    "Download the application form from the official website",
    "Fill in all the mandatory fields, and attach copies of all the mandatory documents",
    "Submit the duly filled and signed application form along with the documents to the District Manager"
  ],
  "documentsRequired": [
    "Passport-size Photograph",
    "Aadhaar Card",
    "Ration Card",
    "Income Certificate (issued by Tahsildar)",
    "Bank Passbook (Nationalized/Rural Bank with Aadhaar linking)",
    "Caste Certificate"
  ],
  "state": "Karnataka",
  "mode": true,
  "sourceLink": "https://www.myscheme.gov.in/schemes/fataps"
}