{
  "schemeName": "Funeral and Ex-Gratia (K.B.O.C.W.W.B)",
  "eligibility": {
    "residence": "rural",
    "minAge": 18,
    "maxAge": 0,
    "gender": null,
    "casteCategory": "Any",
    "minIncome": 0,
    "maxIncome": 0,
    "disability": false,
    "minority": false,
    "maritalStatus": "Any"
  },
  "category": "health and wellness",
  "applicationProcedure": [
    "Visit the official Website of Karnataka Building & Other Construction Workers Welfare Board (KBOCWWB) and click on \"Login\".",
    "Enter your registered mobile number and the received OTP.",
    "From the dashboard, click on \"Schemes\" (After the user Registration is approved, the user can access the schemes page).",
    "Select the concerned scheme. Fill in all the mandatory details and upload the required documents.",
    "Review the details and check the declaration box. Now click on \"Submit\" to complete the application process."
  ],
  "documentsRequired": [
    "Employment Certificate/90 Days Work Certificate (Form V(A)/V(B)/V(C)/V(D)).",
    "Aadhar Card (Self-Attested).",
    "Ration Card(non-mandatory).",
    "Age Proof (Voter ID Card/Aadhar Card).",
    "Beneficiary/original Identity card (Issued by the board).",
    "Photocopy of bank passbook (Beneficiary or Nominee's in case of beneficiary’s death).",
    "Death Certificate attested by gazetted officer.",
    "Ration Card.",
    "Aadhaar Card.",
    "Employer Certificate.",
    "Any Photo ID proof of Nominee."
  ],
  "state": "Karnataka",
  "mode": false,
  "sourceLink": "https://www.myscheme.gov.in/schemes/faexgkbocwwb"
}