{
  "schemeName": "Ganga Kalyana Scheme",
  "eligibility": {
    "residence": "rural",
    "minAge": 18,
    "maxAge": 55,
    "gender": null,
    "casteCategory": "Minority",
    "minIncome": 0,
    "maxIncome": 96000,
    "disability": false,
    "minority": true,
    "maritalStatus": "Any"
  },
  "category": "agriculture",
  "applicationProcedure": [
    "The applicants can go to the official website to apply for the scheme.",
    "Print the application form.",
    "Submit this application form along with other relevant documents to the Selection Panel of your concerned district.",
    "Submit this application form along with other relevant documents to the District Magistrate of their respective districts.",
    "After verification by the District Magistrate and Taluk Committee, the selected applications will be transferred to the concerned department for further processing."
  ],
  "documentsRequired": [
    "Caste certificate issued by the competent authority",
    "Income certificate issued by the competent authority",
    "Copy of the Aadhaar Card (Proof of Residence)",
    "Latest RTC copy",
    "Small/ Marginal Farmer Certificate issued by Competent Authority",
    "Copy of the Bank Pass Book",
    "Receipt of payment of land-revenue",
    "Self-declaration letter",
    "Self-declaration letter of guarantor"
  ],
  "state": "Any",
  "mode": false,
  "sourceLink": "https://www.myscheme.gov.in/schemes/gks"
}