{
  "schemeName": "Griha Lakshmi Scheme",
  "eligibility": {
    "residence": "Karnataka",
    "minAge": 0,
    "maxAge": 0,
    "gender": false,
    "casteCategory": "Any",
    "minIncome": 0,
    "maxIncome": 0,
    "disability": false,
    "minority": false,
    "maritalStatus": "Any"
  },
  "category": "women and child",
  "applicationProcedure": [
    "Visit the Official Website of Seva Sindhu Guarantee Schemes Portal.",
    "Register on the portal using your Aadhaar Number and Mobile Number.",
    "Use the credentials you created during registration to log in. Navigate to the online application form for the scheme.",
    "In the form, fill in all the mandatory fields and upload all the mandatory documents in the specified format and size.",
    "Acknowledge and agree to the terms and conditions, declaration, and privacy policy (if any). Click the \"Submit\" or \"Apply\" button to submit your application."
  ],
  "documentsRequired": [
    "Copy of the Ration Card Where the Woman is Listed as the Head of the Family.",
    "Copy of the Aadhaar Card of the Beneficiary.",
    "Passbook of the Bank Account Linked With Aadhaar or RTGS Details for Non Aadhaar-linked Accounts.",
    "Any Document Proving Residence in Karnataka.",
    "Income Certificate (if applicable).",
    "Self-Declaration Form (confirming head of household status).",
    "Death Certificate of Husband (for widows, if applicable)."
  ],
  "state": "Karnataka",
  "mode": false,
  "sourceLink": "https://www.myscheme.gov.in/schemes/gls"
}