{
  "schemeName": "Incentive Scheme for Sericulture Reelers",
  "eligibility": {
    "residence": "urban",
    "minAge": 18,
    "maxAge": 55,
    "gender": null,
    "casteCategory": "Minority",
    "minIncome": 0,
    "maxIncome": 600000,
    "disability": false,
    "minority": true,
    "maritalStatus": "Any"
  },
  "category": "Agriculture",
  "applicationProcedure": [
    "Visit the Karnataka Minorities Development Corporation official website",
    "Click 'Apply Online' and Enter 'Mobile Number' and 'Submit'",
    "Enter 'Aadhaar Number' Fill in the 'Captcha' and Select 'Next'",
    "Enter 'OTP' and select 'Continue', After that Allow the official notice",
    "After verifying the Aadhaar again fill in the 'OTP' and Submit",
    "Select the scheme and fill in the basic details",
    "Fill in the address detail and select 'Next'",
    "Upload the required documents",
    "Click 'Proceed' and Select 'Submit Application' and get an Application ID"
  ],
  "documentsRequired": [
    "Photo of the Applicant",
    "Minority Certificate",
    "Income Certificate",
    "Copy of Aadhaar as Residential Proof",
    "Copy of Bank Passbook",
    "Project Report",
    "Applicants Self-Declaration"
  ],
  "state": "Karnataka",
  "mode": false,
  "sourceLink": "https://www.myscheme.gov.in/schemes/isfsr"
}