{
  "schemeName": "Incentive for the SC Widow Re-Marriage",
  "eligibility": {
    "residence": "urban",
    "minAge": 0,
    "maxAge": 0,
    "gender": false,
    "casteCategory": "SC",
    "minIncome": 0,
    "maxIncome": 0,
    "disability": false,
    "minority": false,
    "maritalStatus": "Widow"
  },
  "category": "Women and Child",
  "applicationProcedure": [
    "First go to the official website.",
    "Using your Aadhaar Card, do the registration and provide all the required information.",
    "Upload all the relevant documents.",
    "After Registration, an SMS will be sent to the applicant and she can print the acknowledgement form as proof of application.",
    "Social Welfare department will do spot verification to verify the details provided by the applicant and process the application further.",
    "After successful spot verification by the department, the incentive will be credited to the registered bank account of the applicant."
  ],
  "documentsRequired": [
    "Aadhaar Card",
    "RD Number of Caste Certificate",
    "Present Marriage Registration Certificate",
    "Copy of the Bank Passbook",
    "Date of Birth Proof",
    "Marriage Photo",
    "Mobile Number",
    "Previous Spouse's Death Certificate",
    "Any address proof of the previous spouse"
  ],
  "state": "Karnataka",
  "mode": false,
  "sourceLink": "https://www.myscheme.gov.in/schemes/iscwr"
}