{
  "schemeName": "Incentive For The Devadasi Children’s Marriage",
  "eligibility": {
    "residence": "Karnataka",
    "minAge": 0,
    "maxAge": 0,
    "gender": null,
    "casteCategory": "SC",
    "minIncome": 0,
    "maxIncome": 500000,
    "disability": false,
    "minority": false,
    "maritalStatus": "Married"
  },
  "category": "Women and Child",
  "applicationProcedure": [
    "First go to the official website.",
    "Using your Aadhaar Card, do the registration and provide all the required information.",
    "Upload all the relevant documents.",
    "After Registration, an SMS will be sent to the couple and they can print the acknowledgement form as proof of application.",
    "Social Welfare will do spot verification to verify the details provided by the couple and process the application further.",
    "After successful spot verification by the department, the incentive will be credited to the joint account of the couple."
  ],
  "documentsRequired": [
    "Aadhaar",
    "RD Number of Caste Certificate",
    "RD Number of Income Certificate",
    "Copy of the Bank Passbook",
    "Marriage Registration Certificate",
    "Marriage Photo",
    "Mobile Number",
    "Devadasi Registration Certificate"
  ],
  "state": "Karnataka",
  "mode": false,
  "sourceLink": "https://www.myscheme.gov.in/schemes/idcm"
}