{
  "schemeName": "Incentive for the Intra Caste Marriage within Scheduled Caste Community",
  "eligibility": {
    "residence": "urban",
    "minAge": 18,
    "maxAge": 45,
    "gender": null,
    "casteCategory": "SC",
    "minIncome": 0,
    "maxIncome": 200000,
    "disability": false,
    "minority": false,
    "maritalStatus": "Married"
  },
  "category": "women and child",
  "applicationProcedure": [
    "First go to the official website and click \" Incentives to Marriages\".",
    "Select \"Incentives to Inter-caste Marriages\" and Click \"Register\"",
    "Using your \"Aadhaar Card Number\" Register with us providing all required Information.",
    "Upload all the relevant documents.",
    "After Registration, an SMS will be sent to the couple and they can print the acknowledgment form as proof of application.",
    "Social Welfare will do spot verification to verify the details provided by the couple and process the application further.",
    "After successful spot verification by the department, the incentive will be credited to the joint account of the couple."
  ],
  "documentsRequired": [
    "Aadhaar Card (Both spouses must provide their Aadhaar numbers).",
    "Caste Certificate.",
    "Income Certificate.",
    "Marriage Registration Certificate.",
    "Marriage Photo."
  ],
  "state": "Karnataka",
  "mode": false,
  "sourceLink": "https://www.myscheme.gov.in/schemes/iicmscc"
}