{
  "schemeName": "Incentive For The Simple Marriage (Scheduled Tribe)",
  "eligibility": {
    "residence": "Karnataka",
    "minAge": 0,
    "maxAge": 0,
    "gender": null,
    "casteCategory": "ST",
    "minIncome": 0,
    "maxIncome": 200000,
    "disability": false,
    "minority": false,
    "maritalStatus": "Married"
  },
  "category": "Women and Child",
  "applicationProcedure": [
    "Visit the official website of the Tribal Welfare Department, Government of Karnataka.",
    "Click on 'Incentives for Marriage' and select the 'Incentives to Simple Marriage' scheme.",
    "Fill in the online registration form and upload the mandatory documents.",
    "Review the information provided and click 'Submit'.",
    "Print the acknowledgement form for future reference."
  ],
  "documentsRequired": [
    "Aadhaar Card",
    "Bank Account Details",
    "Marriage Proof",
    "Marriage Photo",
    "Income Certificate containing the Revenue Department Number (RD Number)",
    "Caste Certificate containing the Revenue Department Number (RD Number)",
    "Mass Marriages Registration Certificate",
    "Residential Proof"
  ],
  "state": "Karnataka",
  "mode": false,
  "sourceLink": "https://www.myscheme.gov.in/schemes/iftsmst"
}