{
  "schemeName": "Incentive For The Inter Caste Marriage Couple (Scheduled Tribe)",
  "eligibility": {
    "residence": "Karnataka",
    "minAge": 0,
    "maxAge": 0,
    "gender": null,
    "casteCategory": "ST",
    "minIncome": 0,
    "maxIncome": 500000,
    "disability": false,
    "minority": false,
    "maritalStatus": "Married"
  },
  "category": "Women and Child",
  "applicationProcedure": [
    "Visit the official website of the Tribal Welfare Department, Government of Karnataka.",
    "Click on 'Incentives for Marriage' and select the 'Incentives to Inter-Caste Marriage' scheme.",
    "Fill in the online registration form and upload the required documents.",
    "Review the information and click 'Submit'."
  ],
  "documentsRequired": [
    "Aadhaar Card",
    "Bank Account Details",
    "Marriage Proof",
    "Marriage Photo",
    "Income Certificate",
    "Caste Certificate",
    "Resident Proof"
  ],
  "state": "Karnataka",
  "mode": false,
  "sourceLink": "https://www.myscheme.gov.in/schemes/ifticmcst"
}