{
  "schemeName": "Incentive For The Simple Marriage",
  "eligibility": {
    "residence": "urban and rural",
    "minAge": 0,
    "maxAge": 0,
    "gender": null,
    "casteCategory": "SC",
    "minIncome": 0,
    "maxIncome": 200000,
    "disability": false,
    "minority": false,
    "maritalStatus": "married"
  },
  "category": "women and child",
  "applicationProcedure": [
    "Visit the official website of the Social Welfare Department of Karnataka",
    "Click on the \"Incentive for Simple Marriage\" link on the homepage",
    "Read the eligibility criteria and guidelines carefully before applying",
    "Click on the \"Apply Online\" button to proceed with the application",
    "Fill out the application form with all the necessary details",
    "Upload the required documents",
    "Review the application form and ensure that all the information provided is accurate",
    "Click on the \"Submit\" button to complete the application process"
  ],
  "documentsRequired": [
    "Aadhaar Card",
    "RD Number of Caste Certificate",
    "RD Number of Income Certificate",
    "Copy of the Bank Passbook",
    "Marriage Registration Certificate",
    "Marriage Photo",
    "Mobile Number",
    "Certificate of getting married in mass marriages (if applicable)"
  ],
  "state": "Karnataka",
  "mode": false,
  "sourceLink": "https://www.myscheme.gov.in/schemes/iftsm"
}