{
  "schemeName": "Interest Subvention Scheme",
  "eligibility": {
    "residence": "rural",
    "minAge": 0,
    "maxAge": 0,
    "gender": null,
    "casteCategory": "Any",
    "minIncome": 0,
    "maxIncome": 0,
    "disability": false,
    "minority": false,
    "maritalStatus": "Any"
  },
  "category": "industry",
  "applicationProcedure": [
    "Visit the Branch Office and request a hard copy of the prescribed format of the application form",
    "Fill in all the mandatory fields, and attach copies of all the mandatory documents",
    "Submit the duly filled and signed application form along with the documents to the Branch Office",
    "Request a receipt or acknowledgment from the concerned authority"
  ],
  "documentsRequired": [
    "Passport-size Photograph",
    "Registration certificate",
    "PAN Card",
    "Audited financial statements (if expanding an existing unit)",
    "Bank account details for loan disbursement"
  ],
  "state": "Karnataka",
  "mode": true,
  "sourceLink": "https://www.myscheme.gov.in/schemes/iss"
}