{
  "schemeName": "Kaimagga Vikasa Yojana - Karnataka",
  "eligibility": {
    "residence": "rural",
    "minAge": 0,
    "maxAge": 0,
    "gender": null,
    "casteCategory": "Any",
    "minIncome": 0,
    "maxIncome": 0,
    "disability": false,
    "minority": false,
    "maritalStatus": "Any"
  },
  "category": "textiles",
  "applicationProcedure": [
    "Visit the district-level office of the Handloom and Textile Department",
    "Fill in the application form and attach mandatory documents",
    "Submit the application form and documents to the district-level office",
    "Request a receipt or acknowledgment"
  ],
  "documentsRequired": [
    "Weaver's Identity Card",
    "Handloom Weaving Training Certificate",
    "Loan Sanction Letter/ Letter of Agreement for financing 50% of unit cost"
  ],
  "state": "Karnataka",
  "mode": true,
  "sourceLink": "https://www.myscheme.gov.in/schemes/kvy-k"
}