{
  "schemeName": "Kayaka Spoorthi Scheme Karnataka",
  "eligibility": {
    "residence": "rural",
    "minAge": 18,
    "maxAge": 0,
    "gender": false,
    "casteCategory": "SC",
    "minIncome": 0,
    "maxIncome": 25000,
    "disability": true,
    "minority": false,
    "maritalStatus": "Any"
  },
  "category": "women and child",
  "applicationProcedure": [
    "Visit the official Seva Sindhu Portal",
    "Choose \"New Users Register Here\" and fill in your Aadhaar Number and the Captcha code",
    "An OTP will be sent to your Aadhaar-linked mobile number. Enter the OTP to continue",
    "Once your DigiLocker account is created, click \"Allow\" to proceed",
    "Fill out your email ID, mobile number, create a password, and enter the captcha, then click \"Submit\"",
    "You will receive OTPs on both your email and mobile number. Enter both OTPs and select \"Validate\"",
    "Once validated, a confirmation message will indicate your registration is successful",
    "Go to Seva Sindhu Portal and select \"Department & Services\"",
    "Select department \"Social Welfare Department\" and click on the scheme \"Kayaka Spoorthi Scheme\"",
    "Click \"Apply Online\" and enter your registered email ID/mobile number and the OTP",
    "Select the scheme and provide your personal, address, and banking details as required"
  ],
  "documentsRequired": [
    "Passport-size Photograph of the Applicant and Spouse",
    "Aadhaar Card",
    "Caste certificate with RD number",
    "Income Certificate",
    "Ration Card",
    "E-Shram Card (for cobblers/shoemakers)",
    "First Page of the SHG Bank Passbook",
    "Detailed Project Report (for self-employment programs)",
    "Loan Documents"
  ],
  "state": "Karnataka",
  "mode": false,
  "sourceLink": "https://www.myscheme.gov.in/schemes/kssk"
}