{
  "schemeName": "Krushy Aranya Protsaha Yojane (kapy)",
  "eligibility": {
    "residence": "rural",
    "minAge": 0,
    "maxAge": 0,
    "gender": null,
    "casteCategory": "Any",
    "minIncome": 0,
    "maxIncome": 0,
    "disability": false,
    "minority": false,
    "maritalStatus": "Any"
  },
  "category": "agriculture",
  "applicationProcedure": [
    "Visit the nearest Range Forest Office and obtain the prescribed Application Form.",
    "Fill out the application form with the required details.",
    "Submit the application form along with a registration fee of Rs 10.",
    "Once registered, visit the nearby nursery to obtain the seedlings."
  ],
  "documentsRequired": [
    "Copy of Aadhaar Card",
    "Passport-sized photograph of the applicant",
    "Pahani of the land where planting is being proposed",
    "Hand-sketch of the land",
    "Details of seedlings (species, number of seedlings, size of poly-bags, etc.)",
    "Details of the applicant's bank account"
  ],
  "state": "Karnataka",
  "mode": true,
  "sourceLink": "https://www.myscheme.gov.in/schemes/kapy"
}