{
  "schemeName": "Nekar Samman Yojana",
  "eligibility": {
    "residence": "urban and rural",
    "minAge": 0,
    "maxAge": 0,
    "gender": null,
    "casteCategory": "Any",
    "minIncome": 0,
    "maxIncome": 0,
    "disability": false,
    "minority": false,
    "maritalStatus": "Any"
  },
  "category": "textile industry",
  "applicationProcedure": [
    "First Applicant needs to go to the official website of the Government of Karnataka.",
    "Then choose Covid-related services and signup.",
    "Fill out the Nekar Samman Yojane online registration form and submit it to get the plan benefits."
  ],
  "documentsRequired": [
    "Aadhaar Card",
    "Ration Card",
    "Proof of Resident",
    "Bank Account details",
    "Income Details",
    "Photograph",
    "Mobile Number"
  ],
  "state": "Karnataka",
  "mode": false,
  "sourceLink": "https://www.myscheme.gov.in/schemes/nsy"
}