{
  "schemeName": "Padhuke Kuteera Scheme Karnataka",
  "eligibility": {
    "residence": "rural",
    "minAge": 18,
    "maxAge": 0,
    "gender": null,
    "casteCategory": "SC",
    "minIncome": 0,
    "maxIncome": 30000,
    "disability": false,
    "minority": false,
    "maritalStatus": "Any"
  },
  "category": "self-employment",
  "applicationProcedure": [
    "Visit the official Seva Sindhu Portal",
    "Choose New Users Register Here and fill in your Aadhaar Number and the Captcha code",
    "Enter the OTP sent to your Aadhaar-linked mobile number",
    "Fill out your email ID, mobile number, create a password, and enter the captcha, then click Submit",
    "Enter OTPs on both your email and mobile number and select Validate",
    "Apply for the scheme by selecting Department & Services, Social Welfare Department, and the scheme Padhuke Kuteera Scheme"
  ],
  "documentsRequired": [
    "Aadhaar Card",
    "Caste Certificate with RD number",
    "Annual Income Certificate",
    "Ration Card",
    "Passport-size Photograph of the applicant and his/her spouse",
    "E-Shram Card",
    "Bank Passbook",
    "Detailed Project Report",
    "Profession Certificate/Skill Test Certificate"
  ],
  "state": "Karnataka",
  "mode": false,
  "sourceLink": "https://www.myscheme.gov.in/schemes/pksk"
}