{
  "schemeName": "Pension Scheme (K.B.O.C.W.W.B)",
  "eligibility": {
    "residence": "rural",
    "minAge": 18,
    "maxAge": 60,
    "gender": null,
    "casteCategory": "Any",
    "minIncome": 0,
    "maxIncome": 0,
    "disability": false,
    "minority": false,
    "maritalStatus": "Any"
  },
  "category": "labour welfare",
  "applicationProcedure": [
    "Visit the official Website of Karnataka Building & Other Construction Workers Welfare Board (KBOCWWB) and click on “Register”.",
    "Select “Register as New Construction Worker” then enter your mobile number as per the Aadhaar Registered and verify with the received OTP.",
    "From the dashboard, click on “Registration”.",
    "Fill in all the mandatory details and upload the required documents. Click on “Final Submit” to complete the registration process.",
    "Visit the official Website of Karnataka Building & Other Construction Workers Welfare Board (KBOCWWB) and click on “Login”.",
    "Enter your registered mobile number and the received OTP.",
    "From the dashboard, click on “Schemes” (After the user Registration is approved, the user can access the schemes page).",
    "Select the concerned scheme. Fill in all the mandatory details and upload the required documents.",
    "Review the details and check the declaration box. Now click on “Submit” to complete the application process."
  ],
  "documentsRequired": [
    "Employment Certificate/90 Days Work Certificate (Form V(A)/V(B)/V(C)/V(D))",
    "Aadhar Card (Self-Attested)",
    "Ration Card(non-mandatory)",
    "Age Proof (Voter ID Card/Aadhar Card)",
    "Original Identity Card issued by the Board",
    "Employer Certificate",
    "Living Certificate (need to submit every year to the sanctioning authority)"
  ],
  "state": "Karnataka",
  "mode": false,
  "sourceLink": "https://www.myscheme.gov.in/schemes/kbocwwb"
}