{
  "schemeName": "Prabhuddha Overseas Scholarship",
  "eligibility": {
    "residence": "rural",
    "minAge": 21,
    "maxAge": 35,
    "gender": null,
    "casteCategory": "SC/ST",
    "minIncome": 0,
    "maxIncome": 1500000,
    "disability": true,
    "minority": false,
    "maritalStatus": "Any"
  },
  "category": "education",
  "applicationProcedure": [
    "Check eligibility",
    "Select universities/colleges abroad",
    "Prepare necessary documents",
    "Take standardized tests",
    "Apply for the scholarship",
    "Wait for selection results"
  ],
  "documentsRequired": [
    "Aadhaar card",
    "Caste certificate",
    "Latest income certificate",
    "Last 2 years IT returns",
    "Degree/master degree convocation certificate",
    "Degree/master degree all semester marks card",
    "Offer letter from the university obtained",
    "Copy of the passport",
    "Tuition fee and maintenance fee details as sent by the university"
  ],
  "state": "Karnataka",
  "mode": false,
  "sourceLink": "https://www.myscheme.gov.in/schemes/pdos"
}