{
  "schemeName": "Prerana (micro Credit Finance) Scheme",
  "eligibility": {
    "residence": "Any",
    "minAge": 21,
    "maxAge": 0,
    "gender": false,
    "casteCategory": "SC/ST",
    "minIncome": 0,
    "maxIncome": 0,
    "disability": false,
    "minority": false,
    "maritalStatus": "Any"
  },
  "category": "Women and Child",
  "applicationProcedure": [
    "Offline"
  ],
  "documentsRequired": [
    "Passport size photo with application",
    "Certificate belonging to Scheduled Caste/Scheduled Tribe",
    "Annual family income Certificate",
    "Family ration card",
    "Voter ID card",
    "Aadhar card",
    "Family Tree",
    "Landless Land Workers Certificate (Land Ownership Plan)"
  ],
  "state": "Karnataka",
  "mode": true,
  "sourceLink": "https://www.myscheme.gov.in/schemes/prerana"
}