{
  "schemeName": "Samruddhi Scheme",
  "eligibility": {
    "residence": "urban and rural",
    "minAge": 21,
    "maxAge": 0,
    "gender": null,
    "casteCategory": "SC",
    "minIncome": 0,
    "maxIncome": 0,
    "disability": false,
    "minority": false,
    "maritalStatus": "Any"
  },
  "category": "Entrepreneurship",
  "applicationProcedure": [
    "Access the home page of the Social Welfare Department, Government of Karnataka",
    "Select the New Samruddhi option",
    "Register as a beneficiary or corporate",
    "Fill the application form",
    "Attach required documents",
    "Submit the application"
  ],
  "documentsRequired": [
    "Applicant’s Photo",
    "Proof of Residence",
    "Caste Certificate",
    "Ration Card Number / UID Number / PAN Card",
    "Copy of property document or rental agreement",
    "Registered documents of the organization",
    "Permanent Account number of Organization / TIN / GST",
    "Chartered Accountant certified documents",
    "Self-certification that any Government Organization has never blacklisted entity",
    "Number of Franchisee/ Dealership proposed in Karnataka"
  ],
  "state": "Karnataka",
  "mode": false,
  "sourceLink": "https://www.myscheme.gov.in/schemes/samruddhischeme"
}