{
  "schemeName": "Santwana Scheme - Karnataka",
  "eligibility": {
    "residence": "urban",
    "minAge": 18,
    "maxAge": 55,
    "gender": null,
    "casteCategory": "minority",
    "minIncome": 0,
    "maxIncome": 800000,
    "disability": false,
    "minority": true,
    "maritalStatus": "Any"
  },
  "category": "women and child",
  "applicationProcedure": [
    "Visit the Karnataka Minorities Development Corporation official website",
    "Click 'Apply Online' and Enter 'Mobile Number' and 'Submit'",
    "Enter 'Aadhaar Number' Fill in the 'Captcha' and Select 'Next'",
    "Enter 'OTP' and select 'Continue', After that Allow the official notice",
    "After verifying the Aadhaar again fill in the 'OTP' and Submit",
    "Select the scheme and fill in the basic details father's name, gender, qualification detail",
    "Select 'Next' Fill in the address detail and again select 'Next'",
    "Upload the required document passport-size photo, educational document, income certificate, etc",
    "Click 'Proceed' and Select 'Submit Application' and get an Application ID"
  ],
  "documentsRequired": [
    "Photo of the Applicant",
    "Caste/Minority Certificate (issued by the competent authority)",
    "Income Certificate (issued by the competent authority)",
    "Copy of Aadhaar as Residential Proof",
    "Copy of Bank Passbook",
    "Self-declaration form from Surety",
    "Applicant's Self-Declaration",
    "Aggrieved beneficiaries should obtain a report from the relevant competent authority"
  ],
  "state": "Karnataka",
  "mode": false,
  "sourceLink": "https://www.myscheme.gov.in/schemes/ss-k"
}