{
  "schemeName": "Shramashakthi Special Women's Scheme",
  "eligibility": {
    "residence": "urban and rural",
    "minAge": 18,
    "maxAge": 55,
    "gender": false,
    "casteCategory": "Minority",
    "minIncome": 0,
    "maxIncome": 350000,
    "disability": false,
    "minority": true,
    "maritalStatus": "Widowed, Divorced, Unmarried"
  },
  "category": "Women and Child",
  "applicationProcedure": [
    "Visit the Karnataka Minorities Development Corporation official website",
    "Click 'Apply Online' and Enter 'Mobile Number' and 'Submit'",
    "Enter 'Aadhaar Number' Fill in the 'Captcha' and Select 'Next'",
    "Enter 'OTP' and select 'Continue', After that Allow the official notice",
    "After verifying the Aadhaar again fill in the 'OTP' and Submit",
    "Select the scheme and fill in the basic details",
    "Upload the required documents and Click 'Proceed' and Select 'Submit Application'"
  ],
  "documentsRequired": [
    "Project Report",
    "Caste/Minority Certificate",
    "Income Certificate",
    "Copy of Aadhaar as Residential Proof",
    "Copy of Bank Passbook",
    "Self-Declaration Form from Surety",
    "Self-Declaration Form"
  ],
  "state": "Karnataka",
  "mode": false,
  "sourceLink": "https://www.myscheme.gov.in/schemes/ssws"
}