{
  "schemeName": "Shrama Shakthi Scheme",
  "eligibility": {
    "residence": "rural",
    "minAge": 18,
    "maxAge": 55,
    "gender": null,
    "casteCategory": "Minority",
    "minIncome": 0,
    "maxIncome": 350000,
    "disability": false,
    "minority": true,
    "maritalStatus": "Any"
  },
  "category": "Women and Child",
  "applicationProcedure": [
    "First go to the official website, and fill out the application form.",
    "Print the application form.",
    "Submit this application form along with other relevant documents to the Selection Panel of your concerned district.",
    "After the approval of the Selection Panel, Subsidy will be transferred to your bank account."
  ],
  "documentsRequired": [
    "Print out of the completely filled online application form",
    "Beneficiary's latest 2 passport size photos",
    "Caste and income certificate",
    "Copy of the Aadhaar card",
    "Project report of the business",
    "Copy of the Bank Passbook",
    "Self-Declaration Form",
    "Self-Declaration Form from Surety"
  ],
  "state": "Karnataka",
  "mode": true,
  "sourceLink": "https://www.myscheme.gov.in/schemes/sss"
}