{
  "schemeName": "Sikhligar’s Community Development Scheme",
  "eligibility": {
    "residence": "urban",
    "minAge": 18,
    "maxAge": 55,
    "gender": null,
    "casteCategory": "Minority",
    "minIncome": 0,
    "maxIncome": 600000,
    "disability": false,
    "minority": true,
    "maritalStatus": "Any"
  },
  "category": "Women and Child",
  "applicationProcedure": [
    "Visit the Karnataka Minorities Development Corporation official website",
    "Click 'Apply Online' and enter mobile number",
    "Enter Aadhaar number and fill in captcha",
    "Enter OTP and select 'Continue'",
    "Allow official notice",
    "Verify Aadhaar and fill in OTP",
    "Select scheme and fill in basic details",
    "Fill in address details",
    "Upload required documents",
    "Click 'Proceed' and select 'Submit Application'"
  ],
  "documentsRequired": [
    "Photo of the Applicant",
    "Minority Certificate",
    "Income Certificate",
    "Copy of Aadhaar as Residential Proof",
    "Copy of Bank Passbook",
    "Project Report",
    "Vehicle Quotation",
    "Applicant's Self-Declaration"
  ],
  "state": "Karnataka",
  "mode": false,
  "sourceLink": "https://www.myscheme.gov.in/schemes/scds"
}