{
  "schemeName": "Skill Upgradation Program Karnataka",
  "eligibility": {
    "residence": "rural",
    "minAge": 18,
    "maxAge": 0,
    "gender": null,
    "casteCategory": "SC",
    "minIncome": 0,
    "maxIncome": 25000,
    "disability": false,
    "minority": false,
    "maritalStatus": "Any"
  },
  "category": "education",
  "applicationProcedure": [
    "Visit the official Seva Sindhu Portal",
    "Register with Aadhaar Number and Captcha code",
    "Fill out email ID, mobile number, create a password, and enter the captcha",
    "Select scheme and provide personal, address, and banking details"
  ],
  "documentsRequired": [
    "Aadhar Card",
    "Caste Certificate (with RD number)",
    "Valid Income Certificate",
    "Ration Card",
    "Passport-size photographs (of applicant and spouse)",
    "E-Shram Card (for Profession-cobbler/shoemaker)",
    "Bank Passbook",
    "Profession Certificate/Skill Test Certificate"
  ],
  "state": "Karnataka",
  "mode": false,
  "sourceLink": "https://www.myscheme.gov.in/schemes/supk"
}