{
  "schemeName": "Subsidy Scheme For Purchase Of Taxi / Goods Vehicle / Passenger Autorickshaw",
  "eligibility": {
    "residence": "urban",
    "minAge": 18,
    "maxAge": 55,
    "gender": null,
    "casteCategory": "Minority",
    "minIncome": 0,
    "maxIncome": 450000,
    "disability": false,
    "minority": true,
    "maritalStatus": "Any"
  },
  "category": "travel tourism",
  "applicationProcedure": [
    "First go to the official website, and fill out the application form.",
    "Print the application form.",
    "Submit this application form along with other relevant documents to the Selection Panel of your concerned district.",
    "After the approval of the Selection Panel, Subsidy will be transferred to your bank account."
  ],
  "documentsRequired": [
    "Online application",
    "Beneficiary's latest 2 passport photographs",
    "Caste and Income certificate",
    "Aadhaar card copy",
    "Driving License copy",
    "An Affidavit from the beneficiary towards non-availment of loan facility under any scheme of the State Government for the purchase of the vehicle by the beneficiary and his/her family members",
    "An affidavit towards non-transfer (alienation) of the vehicle obtained under this scheme during the loan period",
    "Copy of Bank Passbook",
    "Copy of Vehicle Quotation",
    "Self-Declaration Form"
  ],
  "state": "Karnataka",
  "mode": false,
  "sourceLink": "https://www.myscheme.gov.in/schemes/subsidy-scheme-for-taxi"
}