{
  "schemeName": "Subsidy Scheme for Self-help Groups of Minorities",
  "eligibility": {
    "residence": "rural",
    "minAge": 18,
    "maxAge": 55,
    "gender": false,
    "casteCategory": "Minority",
    "minIncome": 0,
    "maxIncome": 600000,
    "disability": false,
    "minority": true,
    "maritalStatus": "Any"
  },
  "category": "Women and Child",
  "applicationProcedure": [
    "Visit the Karnataka Minorities Development Corporation official website",
    "Click 'Apply Online' and Enter 'Mobile Number' and 'Submit'",
    "Enter 'Aadhaar Number' Fill in the 'Captcha' and Select 'Next'",
    "Enter 'OTP' and select 'Continue', After that Allow the official notice",
    "After verifying the Aadhaar again fill in the 'OTP' and Submit",
    "Select the scheme and fill in the basic details",
    "Fill in the address detail and again select 'Next'",
    "Upload the required document",
    "Click 'Proceed' and Select 'Submit Application' and get an Application ID"
  ],
  "documentsRequired": [
    "Two Passport-size Photographs of each member of the SHG",
    "Minority Certificate of SHG members",
    "Income Certificate of SHG members",
    "Aadhaar Card copy of each member",
    "Project Report on self-employment activity of self-help group",
    "Copy of Bank Pass Book of Self-Help Group",
    "Group Photo of self-help society members",
    "Copy of Minutes of meeting of the Self-Help group",
    "Applicant Self-Declaration"
  ],
  "state": "Karnataka",
  "mode": false,
  "sourceLink": "https://www.myscheme.gov.in/schemes/ssshgm"
}