{
  "schemeName": "Supply of Tool Kits to their Trained Workers",
  "eligibility": {
    "residence": "rural",
    "minAge": 0,
    "maxAge": 0,
    "gender": null,
    "casteCategory": "Any",
    "minIncome": 0,
    "maxIncome": 0,
    "disability": false,
    "minority": false,
    "maritalStatus": "Any"
  },
  "category": "employment",
  "applicationProcedure": [
    "Visit the A.P. Building & Other Construction Workers Welfare Board and request a hard copy of the prescribed format of the application form",
    "Fill in all the mandatory fields in the application form and attach copies of all the mandatory documents",
    "Submit the duly filled and signed application form along with the documents to the Assistant Labour Officer/Assistant Commissioner of Labour",
    "Request a receipt or acknowledgement from the Assistant Labour Officer/Assistant Commissioner of Labour"
  ],
  "documentsRequired": [
    "Aadhaar Card of the Worker",
    "Registration Certificate with the Welfare Board",
    "Bank Account Details",
    "Any Other Documents if required"
  ],
  "state": "Andhra Pradesh",
  "mode": true,
  "sourceLink": "https://www.myscheme.gov.in/schemes/stkk"
}