{
  "schemeName": "Thayi Bhagya Scheme",
  "eligibility": {
    "residence": "rural",
    "minAge": 0,
    "maxAge": 0,
    "gender": false,
    "casteCategory": "Any",
    "minIncome": 0,
    "maxIncome": 0,
    "disability": false,
    "minority": false,
    "maritalStatus": "Any"
  },
  "category": "health and wellness",
  "applicationProcedure": [
    "The pregnant women have to register their names with the Junior Female Health Assistant of the area.",
    "The women will issue ANC card.",
    "Then candidates can avail benefits from nearer registered hospitals."
  ],
  "documentsRequired": [
    "Domicile certificate",
    "BPL card or Ration card",
    "Caste certificate",
    "Aadhar Card",
    "ANC registration number along with noting whether it is first or second delivery"
  ],
  "state": "Karnataka",
  "mode": true,
  "sourceLink": "https://www.myscheme.gov.in/schemes/thayi-bhagya"
}