{
  "schemeName": "Thayi Magu Sahaya Hastha (K.B.O.C.W.W.B)",
  "eligibility": {
    "residence": "rural",
    "minAge": 18,
    "maxAge": 0,
    "gender": false,
    "casteCategory": "Any",
    "minIncome": 0,
    "maxIncome": 0,
    "disability": false,
    "minority": false,
    "maritalStatus": "Any"
  },
  "category": "women and child",
  "applicationProcedure": [
    "Visit the official Website of Karnataka Building & Other Construction Workers Welfare Board (KBOCWWB) and click on “Login”.",
    "Enter your registered mobile number and the received OTP.",
    "From the dashboard, click on “Schemes”.",
    "Select the concerned scheme. Fill in all the mandatory details and upload the required documents.",
    "Review the details and check the declaration box. Now click on “Submit” to complete the application process."
  ],
  "documentsRequired": [
    "Proof of Identity/Smart card issued by the Board (Attested).",
    "An Affidavit stating that the claim for second Delivery.",
    "Proof of Bank Account.",
    "Photo of Child.",
    "Employment Certificate.",
    "Discharge Summary.",
    "Birth Certificate of Child."
  ],
  "state": "Karnataka",
  "mode": false,
  "sourceLink": "https://www.myscheme.gov.in/schemes/tmshkbocwwb"
}