{
  "schemeName": "Udyogini Scheme",
  "eligibility": {
    "residence": "urban and rural",
    "minAge": 18,
    "maxAge": 55,
    "gender": false,
    "casteCategory": "Any",
    "minIncome": 0,
    "maxIncome": 150000,
    "disability": true,
    "minority": false,
    "maritalStatus": "Any"
  },
  "category": "women and child",
  "applicationProcedure": [
    "Visit the nearest bank with all the required documents and fill out an application form",
    "Submit the completed application form along with the required documents to the nearest bank / KSFC branch",
    "The bank / KSFC officials will verify the documents and the project proposal and then process the loan application"
  ],
  "documentsRequired": [
    "Three passport-size photographs of the applicant",
    "Certificate regarding training/experience of the activity under which the loan is sought",
    "Detailed Project Report (DPR) of the activity for which financial assistance is sought",
    "Ration Card / Voter ID Card",
    "Annual Income Certificate of the Family",
    "Caste Certificate (in case of SC/ST applicants)",
    "Quotations for Machinery, Equipment, and other Capital Expenses"
  ],
  "state": "Karnataka",
  "mode": true,
  "sourceLink": "https://www.myscheme.gov.in/schemes/us"
}