{
  "schemeName": "Unnati Scheme",
  "eligibility": {
    "residence": "rural",
    "minAge": 0,
    "maxAge": 0,
    "gender": null,
    "casteCategory": "SC/ST",
    "minIncome": 0,
    "maxIncome": 0,
    "disability": false,
    "minority": false,
    "maritalStatus": "Any"
  },
  "category": "entrepreneurship",
  "applicationProcedure": [
    "Visit official website karnataka.gov.in",
    "Click at Login option",
    "Enter your valid email id, mobile no. and click at “send OTP” button",
    "Enter OTP receive at register mobile no. to login",
    "Follow the instructions and fill your personal details",
    "Choose startup funding for SC/ST application forms",
    "Fill all the details in application form and upload all required documents and click a submit option"
  ],
  "documentsRequired": [
    "SC/ST Certificate of the candidate Entrepreneurs",
    "At least 50% of the qualified workforce",
    "Start-up registration documents",
    "Aadhar Card Number",
    "PAN Number of Founders",
    "Startup presentation deck",
    "Incorporation or Registration certificate"
  ],
  "state": "Karnataka",
  "mode": false,
  "sourceLink": "https://www.myscheme.gov.in/schemes/unnati"
}