{
  "schemeName": "Vidyasiri food And Accommodation Scholarship Scheme",
  "eligibility": {
    "residence": "rural",
    "minAge": 0,
    "maxAge": 0,
    "gender": null,
    "casteCategory": "OBC",
    "minIncome": 0,
    "maxIncome": 0,
    "disability": false,
    "minority": false,
    "maritalStatus": "Any"
  },
  "category": "education",
  "applicationProcedure": [
    "Visit the official portal designated for the scholarship scheme.",
    "Fill out the application form online through the SSP (Student Scholarship Portal) software.",
    "Provide accurate personal and academic details as required in the application form.",
    "Upload the necessary documents.",
    "Submit the hard copies of the application form and supporting documents to your respective college."
  ],
  "documentsRequired": [
    "Aadhaar card",
    "Bank account details (account number and IFSC code)",
    "Caste certificate",
    "Income certificate",
    "Previous year's marks card",
    "Medical certificate (if applicable)"
  ],
  "state": "Karnataka",
  "mode": false,
  "sourceLink": "https://www.myscheme.gov.in/schemes/vfas"
}