{
  "schemeName": "Aamar Dukan On Wheels",
  "eligibility": {
    "residence": "rural",
    "minAge": 18,
    "maxAge": 0,
    "gender": null,
    "casteCategory": "Any",
    "minIncome": 0,
    "maxIncome": 0,
    "disability": false,
    "minority": false,
    "maritalStatus": "Any"
  },
  "category": "employment",
  "applicationProcedure": [
    "Offline"
  ],
  "documentsRequired": [
    "Age proof",
    "Address proof",
    "Personal Identification: Aadhaar Card, Voter ID & Driving License",
    "Educational Qualification",
    "Experience certificate, if any",
    "Photographs"
  ],
  "state": "Assam",
  "mode": true,
  "sourceLink": "https://www.myscheme.gov.in/schemes/adow"
}