{
  "schemeName": "Aapki Beti Yojana",
  "eligibility": {
    "residence": "rural",
    "minAge": 0,
    "maxAge": 0,
    "gender": false,
    "casteCategory": "Any",
    "minIncome": 0,
    "maxIncome": 0,
    "disability": false,
    "minority": false,
    "maritalStatus": "Any"
  },
  "category": "education",
  "applicationProcedure": [
    "Online",
    "Contact respective government school",
    "Data Entry on Shala Darpan Portal",
    "Category Selection for Eligible Girls",
    "Beneficiary Approval",
    "Verification by District Education Officer (DEO)",
    "Jan Aadhaar Verification"
  ],
  "documentsRequired": [
    "Passport size photo of the applicant",
    "Identity proof of applicant",
    "Educational Certificates",
    "BPL Certificate",
    "Death Certificate of Parent(s)",
    "Jan Aadhaar Card of Family Head or the Girl",
    "Bank Account Passbook linked with Jan Aadhaar",
    "Any Other Document if Required"
  ],
  "state": "Rajasthan",
  "mode": false,
  "sourceLink": "https://www.myscheme.gov.in/schemes/aby"
}