{
  "schemeName": "Aastha Yojana",
  "eligibility": {
    "residence": "rural",
    "minAge": 0,
    "maxAge": 0,
    "gender": null,
    "casteCategory": "Any",
    "minIncome": 0,
    "maxIncome": 120000,
    "disability": true,
    "minority": false,
    "maritalStatus": "Any"
  },
  "category": "health and wellness",
  "applicationProcedure": [
    "Visit office of the District Social Justice & Empowerment Office",
    "Fill in the application form and attach mandatory documents",
    "Submit the application form to the District Social Justice & Empowerment Office",
    "Request a receipt or acknowledgment"
  ],
  "documentsRequired": [
    "Identity proof",
    "Domicile Certificate",
    "Disability Certificate",
    "Aadhaar Card",
    "Any Other Document if Required"
  ],
  "state": "Rajasthan",
  "mode": true,
  "sourceLink": "https://www.myscheme.gov.in/schemes/asr"
}