{
  "schemeName": "Abhinandan Education Loan Subsidy Scheme",
  "eligibility": {
    "residence": "urban and rural",
    "minAge": 0,
    "maxAge": 0,
    "gender": null,
    "casteCategory": "Any",
    "minIncome": 0,
    "maxIncome": 0,
    "disability": false,
    "minority": false,
    "maritalStatus": "Any"
  },
  "category": "education",
  "applicationProcedure": [
    "Visit the official website",
    "Click on apply option for Abhinandhan Education Loan Subsidy",
    "Fill the online application form",
    "Upload required documents",
    "Submit the application"
  ],
  "documentsRequired": [
    "Student’s Aadhaar Card",
    "Parent Identification Documents",
    "Bank loan documents",
    "Residence certificate"
  ],
  "state": "Assam",
  "mode": false,
  "sourceLink": "https://www.myscheme.gov.in/schemes/aelss"
}