{
  "schemeName": "Agriculture Infrastructure Fund",
  "eligibility": {
    "residence": "rural",
    "minAge": 0,
    "maxAge": 0,
    "gender": null,
    "casteCategory": "Any",
    "minIncome": 0,
    "maxIncome": 0,
    "disability": false,
    "minority": false,
    "maritalStatus": "Any"
  },
  "category": "agriculture",
  "applicationProcedure": [
    "Apply as a beneficiary on https://agriinfra.dac.gov.in/Home/BeneficiaryRegistration",
    "Download DPR template from the website",
    "Fill project details on the portal and submit DPR",
    "Application will be reviewed by Ministry of Agriculture & Farmers Welfare",
    "Eligible applications will be transferred digitally to the selected bank for credit appraisal",
    "Bank will review the project for viability and sanction the project"
  ],
  "documentsRequired": [
    "Bank’s loan application form / Customer Request Letter for AIF Loan",
    "Passport size photographs of the promoter/partners/director",
    "Identity proof – Voter ID card/PAN card/Aadhaar card/Driving license",
    "Address Proof",
    "Proof of Registration",
    "Income Tax Return for last three years",
    "Audited Balance Sheet of last 3 Years",
    "GST Certificate",
    "Land ownership records – title deed/lease deed",
    "ROC Search Report of the Company",
    "KYC documents of the promoter/firm/company",
    "Copy of Bank Statement for last one year",
    "Repayment track record of existing loans",
    "Net Worth Statements of promoter",
    "Detailed Project Report",
    "Local authority permissions, Layout plans/estimates, Building sanction"
  ],
  "state": "Any",
  "mode": false,
  "sourceLink": "https://www.myscheme.gov.in/schemes/aif"
}