{
  "schemeName": "Agri-Clinics And Agri-Business Centres Scheme",
  "eligibility": {
    "residence": "rural",
    "minAge": 18,
    "maxAge": 60,
    "gender": null,
    "casteCategory": "Any",
    "minIncome": 0,
    "maxIncome": 0,
    "disability": false,
    "minority": false,
    "maritalStatus": "Any"
  },
  "category": "agriculture",
  "applicationProcedure": [
    "Visit on the Official Website",
    "Fill in the mandatory fields correctly. Upload the required documents in the said format and size.",
    "Click \"Submit\" to complete the application process."
  ],
  "documentsRequired": [
    "Applicant Aadhaar Number.",
    "Email ID.",
    "Latest Educational Qualification.",
    "Applicant's Bank Account Details.",
    "Applicant photo"
  ],
  "state": "Any",
  "mode": false,
  "sourceLink": "https://www.myscheme.gov.in/schemes/acandabc"
}