{
  "schemeName": "Agricultural Marketing Infrastructure",
  "eligibility": {
    "residence": "rural",
    "minAge": 0,
    "maxAge": 0,
    "gender": null,
    "casteCategory": "Any",
    "minIncome": 0,
    "maxIncome": 0,
    "disability": false,
    "minority": false,
    "maritalStatus": "Any"
  },
  "category": "agriculture",
  "applicationProcedure": [
    "Promoter applies for Term Loan (TL) to Financial Institution (FI)",
    "Term loan sanctioned by FIs",
    "FI applies for Advance Subsidy within 90 days of disbursal of First instalment of TL through ENSURE portal of NABARD",
    "NABARD sanctions and releases the Advance Subsidy to the FI",
    "After completion of the project, FI will submit final subsidy claim to NABARD and requests for Joint Monitoring Inspection (JMI)",
    "NABARD will initiate action for conduct of JMI and Geo-tagged photograph taken during JMI is uploaded to the Ensure Portal",
    "NABARD sanctions and releases final subsidy to the FI"
  ],
  "documentsRequired": [
    "Forwarding letter of Controlling / nodal Office of the financing branch",
    "Advance subsidy claim application as per format in Annexure-V",
    "Copy of project report with item-wise details of costs, total outlay, loan and margin submitted by the promoter with a copy of the technical and financial appraisal report from the FI",
    "Copy of the approved plan/ map and civil drawings clearly indicating the dimensions and capacity",
    "Copy of the loan sanction letter of the FI along with copies of invoices for purchase of machinery/equipment of infrastructure project if any",
    "Copy of land documents where the project is going to be established",
    "FI’s certificate on category of the Promoter",
    "Notarized Affidavit in Original executed by the promoter on a non-judicial stamp paper as per Annexure XV",
    "Copy of duly registered partnership deed, if it is a partnership firm, Memorandum& Articles of Association and certificate of incorporation, in case of Private Limited Company etc"
  ],
  "state": "Any",
  "mode": true,
  "sourceLink": "https://www.myscheme.gov.in/schemes/ami"
}