{
  "schemeName": "Agriculture And Processed Foods Export Promotion Scheme Of APEDA For The 15th Finance Commission Cycle (2021-22 To 2025-26)",
  "eligibility": {
    "residence": "rural",
    "minAge": 0,
    "maxAge": 0,
    "gender": null,
    "casteCategory": "Any",
    "minIncome": 0,
    "maxIncome": 0,
    "disability": false,
    "minority": false,
    "maritalStatus": "Any"
  },
  "category": "agriculture",
  "applicationProcedure": [
    "Online application for Govt., PSU, and Others: https://itrack.apeda.gov.in/onlineregistration/fasonlinereg.aspx",
    "Online application for Exporters: https://itrack.apeda.gov.in/default.aspx?UType=E"
  ],
  "documentsRequired": [
    "Detailed Project Report (DPR)",
    "Chartered Engineer Certificate",
    "Certificate of incorporation/ registration of the applicant",
    "Annual reports and Audited Financial Statement of Accounts of the applicant for the last two years",
    "Self-attested English/ Hindi version of main facility land documents",
    "Change in Land Use (CLU) permission",
    "Three quotations from the suppliers of Plant and machinery and equipment",
    "Copies of necessary permissions from Central, State, and other statuary bodies",
    "Drawing/layout diagram of the project duly approved by the Chartered Engineer"
  ],
  "state": "Any",
  "mode": false,
  "sourceLink": "https://www.myscheme.gov.in/schemes/financial-assistance-scheme"
}