{
  "schemeName": "Agricultural Extension",
  "eligibility": {
    "residence": "rural",
    "minAge": 18,
    "maxAge": 60,
    "gender": null,
    "casteCategory": "Any",
    "minIncome": 0,
    "maxIncome": 0,
    "disability": false,
    "minority": false,
    "maritalStatus": "Any"
  },
  "category": "agriculture",
  "applicationProcedure": [
    "Call for applications from eligible candidates",
    "Applications for training will be accepted only through the online portal https://acabcmis.gov.in/ApplicantReg.aspx"
  ],
  "documentsRequired": [
    "Aadhar enrollment ID slip/ Copy of request for Aadhaar enrolment",
    "Voter Identity Card",
    "PAN",
    "Passport",
    "Ration Card",
    "Employee Government ID",
    "Passbook of Bank or Post Office",
    "Driving Licences",
    "Any other document as specified by State/ UT"
  ],
  "state": "Any",
  "mode": false,
  "sourceLink": "https://www.myscheme.gov.in/schemes/ae"
}