{
  "schemeName": "Agroforestry component under RKVY",
  "eligibility": {
    "residence": "rural",
    "minAge": 0,
    "maxAge": 0,
    "gender": null,
    "casteCategory": "Any",
    "minIncome": 0,
    "maxIncome": 0,
    "disability": false,
    "minority": false,
    "maritalStatus": "Any"
  },
  "category": "agriculture",
  "applicationProcedure": [
    "Proposals can be submitted to States",
    "The State Government will examine the project proposal",
    "The proposal will be forwarded to the State Level Sanctioning Committee (SLSC) for consideration",
    "The project will be rolled out after an agreement has been signed between the State Government and Project Promoter"
  ],
  "documentsRequired": [
    "Aadhaar number",
    "Land documents",
    "Bank details",
    "Photographs"
  ],
  "state": "Any",
  "mode": true,
  "sourceLink": "https://www.myscheme.gov.in/schemes/agroforestry"
}