{
  "schemeName": "Alpsankhyak Muslim Parityaqta/Talaqshuda Mahila Sahayata Yojana",
  "eligibility": {
    "residence": "Bihar",
    "minAge": 18,
    "maxAge": 50,
    "gender": false,
    "casteCategory": "Minority Muslim",
    "minIncome": 0,
    "maxIncome": 400000,
    "disability": false,
    "minority": true,
    "maritalStatus": "Divorced/Abandoned"
  },
  "category": "Women and Child",
  "applicationProcedure": [
    "Visit the office of the District Minority Welfare Officer to collect the application form",
    "Fill out the application form and attach all required documents",
    "Submit the completed application form to the District Minority Welfare Office"
  ],
  "documentsRequired": [
    "Aadhaar Card",
    "Passport-size photograph",
    "Proof of age",
    "Community certificate",
    "Certificate of abandonment/divorce/recommendation letter",
    "Address proof",
    "Income certificate",
    "Certificate from the District Civil Surgeon",
    "Photocopy of the bank passbook/bank account details"
  ],
  "state": "Bihar",
  "mode": true,
  "sourceLink": "https://www.myscheme.gov.in/schemes/amptmsy"
}