{
  "schemeName": "Antarjatiye Vivah Protsahan Anudan Yojana",
  "eligibility": {
    "residence": "Bihar",
    "minAge": 18,
    "maxAge": 0,
    "gender": false,
    "casteCategory": "Any",
    "minIncome": 0,
    "maxIncome": 0,
    "disability": false,
    "minority": false,
    "maritalStatus": "Married"
  },
  "category": "Women and Child",
  "applicationProcedure": [
    "Submit application in prescribed form to Assistant Director, District Social Security Office"
  ],
  "documentsRequired": [
    "Aadhaar card",
    "Latest photograph of married couple",
    "Identity proofs",
    "Proof of age",
    "Marriage certificate",
    "Disability certificate (if applicable)",
    "Income certificate",
    "Caste certificates",
    "Residence proof",
    "Bank passbook/bank account details"
  ],
  "state": "Bihar",
  "mode": true,
  "sourceLink": "https://www.myscheme.gov.in/schemes/avpay"
}