{
  "schemeName": "Antheyesthi Anudan Yojana",
  "eligibility": {
    "residence": "rural",
    "minAge": 0,
    "maxAge": 0,
    "gender": null,
    "casteCategory": "Any",
    "minIncome": 0,
    "maxIncome": 0,
    "disability": false,
    "minority": false,
    "maritalStatus": "Any"
  },
  "category": "health and wellness",
  "applicationProcedure": [
    "Download the application form from the official website",
    "Fill in all the mandatory fields and attach copies of all the mandatory documents",
    "Submit the duly filled and signed application form along with the documents to the Social Justice and Empowerment Department or the designated local office",
    "Request a receipt or acknowledgment from the concerned authority"
  ],
  "documentsRequired": [
    "Photo of the Deceased",
    "Death Certificate of the Deceased",
    "Unclaimed Body Report",
    "Destitute Certificate",
    "Organization's Registration Certificate",
    "Affidavit of the office bearer of the organization conducting the cremation and certificate of being unclaimed or destitute"
  ],
  "state": "Rajasthan",
  "mode": true,
  "sourceLink": "https://www.myscheme.gov.in/schemes/aayr"
}