{
  "schemeName": "Anya Pichhda Varg Kalyan Chhatravaas",
  "eligibility": {
    "residence": "rural",
    "minAge": 11,
    "maxAge": 40,
    "gender": null,
    "casteCategory": "OBC",
    "minIncome": 0,
    "maxIncome": 0,
    "disability": false,
    "minority": false,
    "maritalStatus": "Any"
  },
  "category": "education",
  "applicationProcedure": [
    "Visit the Principal of the college/Registrar at the university to request the application form",
    "Fill in the application form and attach required documents",
    "Submit the application form to the authority",
    "Request a receipt or acknowledgement"
  ],
  "documentsRequired": [
    "Passport-size Photograph",
    "ID Proof",
    "Caste certificate",
    "Bank account details/Bank Passbook"
  ],
  "state": "Bihar",
  "mode": true,
  "sourceLink": "https://www.myscheme.gov.in/schemes/apvkc"
}