{
  "schemeName": "Aponar Apon Ghar",
  "eligibility": {
    "residence": "rural",
    "minAge": 0,
    "maxAge": 0,
    "gender": null,
    "casteCategory": "Any",
    "minIncome": 0,
    "maxIncome": 2000000,
    "disability": false,
    "minority": false,
    "maritalStatus": "Any"
  },
  "category": "housing",
  "applicationProcedure": [
    "Visit the official website",
    "Navigate to the \"Click here for Loan Subsidy\" section",
    "Click \"Aponar Apon Ghar (Home Loan Subsidy Scheme)\"",
    "Fill in all the mandatory details",
    "Upload the Supporting Documents"
  ],
  "documentsRequired": [
    "Residence Proof of Assam State",
    "Proof of Identity",
    "Income Certificate",
    "Bank Account Details",
    "Passport Size Photograph",
    "Latest Salary Slips",
    "Statement of Salary Account for the Past Six Months",
    "No Dues Salary From the Existing Banker if the Salary is Credited in Other Than SBI Account",
    "Proof of Being in Service for a Minimum of Five Years",
    "Statement of Personal Assets and Liabilities in Bank’s Format",
    "Documents Evidencing the Ownership of Land"
  ],
  "state": "Assam",
  "mode": false,
  "sourceLink": "https://www.myscheme.gov.in/schemes/aag"
}