{
  "schemeName": "Artificial Limbs/Assistive Equipments Scheme",
  "eligibility": {
    "residence": "Any",
    "minAge": 0,
    "maxAge": 0,
    "gender": null,
    "casteCategory": "Any",
    "minIncome": 0,
    "maxIncome": 46080,
    "disability": true,
    "minority": false,
    "maritalStatus": "Any"
  },
  "category": "health and wellness",
  "applicationProcedure": [
    "Get the application form or download it from the official website",
    "Fill out the form in the prescribed manner",
    "Attach the required documents",
    "Submit the application form to the concerned officer"
  ],
  "documentsRequired": [
    "Photo",
    "Residence/domicile certificate",
    "Certificate of disability",
    "Caste Certificate (if belonging to Scheduled Castes / Backward Classes)",
    "Income certificate",
    "Medical report"
  ],
  "state": "Uttar Pradesh",
  "mode": true,
  "sourceLink": "https://www.myscheme.gov.in/schemes/alaes"
}