{
  "schemeName": "Arundhati Gold Scheme",
  "eligibility": {
    "residence": "rural",
    "minAge": 18,
    "maxAge": 0,
    "gender": false,
    "casteCategory": "Any",
    "minIncome": 0,
    "maxIncome": 500000,
    "disability": false,
    "minority": false,
    "maritalStatus": "Unmarried"
  },
  "category": "women and child",
  "applicationProcedure": [
    "Submit filled-up physical application form along with the Marriage application",
    "Submit online form for claiming the benefit",
    "Submit printout of the form with signature and required documents"
  ],
  "documentsRequired": [
    "Document for proof of age",
    "Certificate of Marriage",
    "Income certificate of the parents",
    "Bank Account details of the beneficiary",
    "Certificate from Gaonburah/Mouzadar"
  ],
  "state": "Assam",
  "mode": false,
  "sourceLink": "https://arundhati.nic.in/index.php"
}