{
  "schemeName": "Assam Arogya Nidhi Scheme",
  "eligibility": {
    "residence": "rural",
    "minAge": 0,
    "maxAge": 0,
    "gender": null,
    "casteCategory": "Any",
    "minIncome": 0,
    "maxIncome": 500000,
    "disability": false,
    "minority": false,
    "maritalStatus": "Any"
  },
  "category": "health and wellness",
  "applicationProcedure": [
    "The applicant should visit the official website and download the application form",
    "Application in the prescribed format, complete in all respects will be submitted to NHM, Assam, or to the Joint Director of Health Services of the District",
    "An Expert Committee comprising specialist doctors of Guwahati Medical College verifies the applications and recommends the eligible cases",
    "As per the committee’s recommendations financial assistance is provided to eligible beneficiaries preferably through Direct Bank Transfer"
  ],
  "documentsRequired": [
    "Photograph of the patient (Attested by Doctor)",
    "Attested photocopy of Income Certificate by Revenue Circle Officer",
    "Attested photocopy of Identify & Address Proof (Voter ID, ADHAAR CARD, Driving license)",
    "Original bills, vouchers, receipts, etc",
    "Copy of the medical documents of treatment to be certified by treating Doctor/Hospital",
    "Discharge Summary/Prescription (Attested)",
    "Attested Photocopy copy of the first page of the Bank Pass Book",
    "Attested Photocopy of Pradhan Mantri Jana Arogyua Yojana (PMJAY)/Atal Amrit Abhiyan (AAA) Card"
  ],
  "state": "Assam",
  "mode": true,
  "sourceLink": "https://www.myscheme.gov.in/schemes/aan"
}