{
  "schemeName": "Assam Abhinandan Education Loan Subsidy Scheme",
  "eligibility": {
    "residence": "rural",
    "minAge": 0,
    "maxAge": 0,
    "gender": null,
    "casteCategory": "Any",
    "minIncome": 0,
    "maxIncome": 0,
    "disability": false,
    "minority": false,
    "maritalStatus": "Any"
  },
  "category": "education",
  "applicationProcedure": [
    "Visit the official website",
    "Fill in all the mandatory details",
    "Upload the Supporting Documents",
    "Check the Declaration, and click 'Save'"
  ],
  "documentsRequired": [
    "Passport Sized Photograph of the Student",
    "Student’s Aadhaar Card",
    "Proof of Identity of the Parents",
    "Bank Loan Documents",
    "Proof of Address",
    "Residential/Domicile Certificate",
    "Marksheets / Passing Certificate of the Previous Educational Qualification",
    "PAN Card",
    "Bank Details"
  ],
  "state": "Assam",
  "mode": false,
  "sourceLink": "https://www.myscheme.gov.in/schemes/aaelss"
}