{
  "schemeName": "Assam Orunodoi Scheme",
  "eligibility": {
    "residence": "rural",
    "minAge": 0,
    "maxAge": 0,
    "gender": false,
    "casteCategory": "Any",
    "minIncome": 0,
    "maxIncome": 200000,
    "disability": false,
    "minority": false,
    "maritalStatus": "Any"
  },
  "category": "women and child",
  "applicationProcedure": [
    "Offline",
    "Step 01: The only way to apply for this scheme is through Application Form.",
    "Step 02: To take benefit of the scheme, the family has to nominate a woman from their home.",
    "Step 03: Then all the information of the nominated woman will have to be filled in the Application Form",
    "Step 04: The duly filled Application Form by the applicant shall be submitted to his/her nearest Urban Local Body Office or in a Gram Panchayat Office.",
    "Step 05:  After submission of the Application Form, an acknowledgement slip will be given to the applicant by the Urban Local Body or Gram Panchayat Office.",
    "Step 06:  This acknowledgement slip will be the proof that the Applicant's Application Form has been submitted.",
    "Step 07:  Then then various level committees will scrutinize the applications received and verify them thoroughly.",
    "Step 08:  After thorough verification, the list of selected and eligible beneficiaries will be uploaded on the portal and they will get the amount transferred to their bank accounts on the first day of every month."
  ],
  "documentsRequired": [
    "Aadhaar Card",
    "PAN card",
    "Domicile of Assam",
    "Bank Account",
    "Bank Passbook",
    "2 Photos",
    "Mobile number",
    "Ration card",
    "Income certificate",
    "Self-declaration form",
    "Identity Card",
    "Voter id card",
    "Age Proof"
  ],
  "state": "Assam",
  "mode": true,
  "sourceLink": "https://www.myscheme.gov.in/schemes/aos"
}