{
  "schemeName": "Assistance for Digitization of Business Processes and Adoption of eCommerce",
  "eligibility": {
    "residence": "rural",
    "minAge": 0,
    "maxAge": 0,
    "gender": null,
    "casteCategory": "Any",
    "minIncome": 0,
    "maxIncome": 0,
    "disability": false,
    "minority": false,
    "maritalStatus": "Any"
  },
  "category": "industry",
  "applicationProcedure": [
    "Download the application form from the official website",
    "Fill in all the mandatory fields and attach copies of all the mandatory documents",
    "Submit the duly filled and signed application form along with the documents to the respective General Manager, District Industries & Commerce Centre (DICC)"
  ],
  "documentsRequired": [
    "Copy of Udyam Registration (UR) Certificate",
    "Invoices for purchased software/Equipment for digitization along with payment proofs",
    "Documentary proof for registration on eCommerce Platform for reimbursement of eCommerce fee",
    "Certificate of Incorporation/Partnership Deed/Firm Registration or equivalent document related to incorporation of the enterprise",
    "Board Resolution/Power of attorney in the name of Authorized Signatory",
    "Proof of regular Commercial Production (Recent Sale Bill)",
    "Bank account details/Copy of cancelled cheque and PAN Card",
    "CA certificate of details of Expenditure incurred (in original) Annexure 6.2",
    "Undertaking/Declaration on non-judicial stamp paper as per Annexure 6.3"
  ],
  "state": "Rajasthan",
  "mode": true,
  "sourceLink": "https://www.myscheme.gov.in/schemes/adbpae"
}