{
  "schemeName": "Assistance for Daughter's Marriage",
  "eligibility": {
    "residence": "Rajasthan",
    "minAge": 18,
    "maxAge": 0,
    "gender": false,
    "casteCategory": "Any",
    "minIncome": 0,
    "maxIncome": 0,
    "disability": false,
    "minority": false,
    "maritalStatus": "Widow"
  },
  "category": "Women and Child",
  "applicationProcedure": [
    "Visit the office of the District Sainik Welfare Officer and request a hard copy of the prescribed format of the application form",
    "Download the application form from the official website",
    "Fill in all the mandatory fields and attach copies of all the mandatory documents",
    "Submit the duly filled and signed application form along with the documents to the District Sainik Welfare Officer"
  ],
  "documentsRequired": [
    "Attested copy of the ex-serviceman's discharge book/Service Particulars",
    "Ex-Serviceman Widow Identity Card",
    "Aadhaar Card of the Widow",
    "Proof of Residence",
    "Marriage Certificate",
    "Pension Payment Order (PPO)",
    "Age Proof of Daughter",
    "Proof of Daughter's Name in Official Records",
    "Undertaking for Non-Receipt of Similar Assistance",
    "Death Certificate of the ex-serviceman",
    "Marriage Invitation Card",
    "Bank account details",
    "Recent passport-sized photographs of the applicant and the daughter"
  ],
  "state": "Rajasthan",
  "mode": true,
  "sourceLink": "https://www.myscheme.gov.in/schemes/afdm"
}