{
  "schemeName": "Atal Awasiya Vidyala Yojana",
  "eligibility": {
    "residence": "rural",
    "minAge": 6,
    "maxAge": 16,
    "gender": null,
    "casteCategory": "Any",
    "minIncome": 0,
    "maxIncome": 0,
    "disability": false,
    "minority": false,
    "maritalStatus": "Any"
  },
  "category": "education",
  "applicationProcedure": [
    "Visit the nearest labor office, Tehsildar of the concerned tehsil, or Block Development Officer of the concerned development block",
    "Get the application form and fill it out completely",
    "Attach required documents in the prescribed format",
    "Submit the application form in the same office"
  ],
  "documentsRequired": [
    "Parents' Labor Registration cards",
    "Child birth certificate",
    "Mark sheet of previous class attended",
    "Medical certificate (if required)",
    "Passport size photograph"
  ],
  "state": "Uttar Pradesh",
  "mode": true,
  "sourceLink": "https://www.myscheme.gov.in/schemes/aavy"
}