{
  "schemeName": "Award Of Stipend To VJNT And SBC Students Studying In ITI",
  "eligibility": {
    "residence": "rural",
    "minAge": 0,
    "maxAge": 0,
    "gender": null,
    "casteCategory": "VJNT And SBC",
    "minIncome": 0,
    "maxIncome": 65290,
    "disability": false,
    "minority": false,
    "maritalStatus": "Any"
  },
  "category": "education",
  "applicationProcedure": [
    "Offline",
    "The application should be submitted to the concerned I.T.I.",
    "I.T.I. should submit the same to Asstt. Commissioner, Social Welfare concerned for approval."
  ],
  "documentsRequired": [
    "Caste Certificate",
    "Domicile Certificate",
    "Residence Proof",
    "Aadhar card",
    "Bank Details",
    "School Marksheet",
    "Passport size photograph"
  ],
  "state": "Maharashtra",
  "mode": true,
  "sourceLink": "https://www.myscheme.gov.in/schemes/awvsssi"
}