{
  "schemeName": "BC & EBC Girls Residential +2 High School",
  "eligibility": {
    "residence": "Bihar",
    "minAge": 11,
    "maxAge": 16,
    "gender": false,
    "casteCategory": "BC/EBC",
    "minIncome": 0,
    "maxIncome": 300000,
    "disability": false,
    "minority": false,
    "maritalStatus": "Any"
  },
  "category": "education",
  "applicationProcedure": [
    "Online",
    "Offline"
  ],
  "documentsRequired": [
    "Identity proof",
    "Caste Certificate",
    "Income Certificate",
    "Residence Certificate",
    "Educational Qualification Certificates",
    "Age Proof (Birth Certificate/School Certificate)",
    "Recent Passport-size Photograph"
  ],
  "state": "Bihar",
  "mode": true,
  "sourceLink": "https://www.myscheme.gov.in/schemes/bcebcgrhs"
}