{
  "schemeName": "Beej Masaale Ki Yojana",
  "eligibility": {
    "residence": "Bihar",
    "minAge": 0,
    "maxAge": 0,
    "gender": null,
    "casteCategory": "Any",
    "minIncome": 0,
    "maxIncome": 0,
    "disability": false,
    "minority": false,
    "maritalStatus": "Any"
  },
  "category": "agriculture",
  "applicationProcedure": [
    "Visit the registration page of the DBT portal",
    "Select Aadhaar verification type",
    "Enter Aadhaar number and Name as per Aadhaar",
    "Enter the OTP",
    "Confirm the details about the Kisan Credit Card (KCC)",
    "Fill in all the details properly and click on Submit",
    "Validate with OTP and click on Register",
    "Apply for the scheme with the help of 13 digit registration number after 48 hours of registration"
  ],
  "documentsRequired": [
    "Aadhaar Details",
    "Passport Size Photo",
    "Farmer details",
    "Land information",
    "Bank account",
    "Contract form (for non-ryot farmers)",
    "Land-ownership/ revenue receipt (If applicable)"
  ],
  "state": "Bihar",
  "mode": false,
  "sourceLink": "https://www.myscheme.gov.in/schemes/bmky"
}