{
  "schemeName": "Berojgari Bhatta Yojna",
  "eligibility": {
    "residence": "urban and rural",
    "minAge": 21,
    "maxAge": 35,
    "gender": null,
    "casteCategory": "Any",
    "minIncome": 0,
    "maxIncome": 300000,
    "disability": false,
    "minority": false,
    "maritalStatus": "Any"
  },
  "category": "employment",
  "applicationProcedure": [
    "Firstly visit the official website.",
    "On the homepage, click the “New Account” link present in the main menu or directly click here",
    "Now fill out the registration form with the required details and submit.",
    "Now log in to fill out the UP Berojgari Bhatta Yojana Online Application Form and complete their profile.",
    "After submission of the application form and profile completion, click at the “Submit” button to forward it to the concerned authorities for approval."
  ],
  "documentsRequired": [
    "Residential proof.",
    "Aadhar card.",
    "Income certificate.",
    "Birth certificate.",
    "Caste certificate (if eligible).",
    "Notary-certified Affidavit.",
    "Registration certificate of employment exchange.",
    "Proof of educational qualification (mark sheets, certificates, etc.)."
  ],
  "state": "Uttar Pradesh",
  "mode": false,
  "sourceLink": "https://www.myscheme.gov.in/schemes/bby"
}