{
  "schemeName": "Bhausaheb Fundkar Falbag Lagvad Scheme",
  "eligibility": {
    "residence": "rural",
    "minAge": 0,
    "maxAge": 0,
    "gender": null,
    "casteCategory": "Any",
    "minIncome": 0,
    "maxIncome": 0,
    "disability": false,
    "minority": false,
    "maritalStatus": "Any"
  },
  "category": "agriculture",
  "applicationProcedure": [
    "Go to the Aaple Sarkar DBT Portal at https://mahadbt.maharashtra.gov.in/.",
    "In that go to Farmer Scheme",
    "Click on the “New Applicant Registration” button.",
    "Enter your basic personal information, including your name, Aadhaar number, mobile number, and email address.",
    "Create a username and password.",
    "After completion of registration, login to your account and complete the form by entering Personal details,Address details and Land information details to complete profile 100%.",
    "After completing profile, apply for the implements, details of implement and its specifications etc and pay the fees to complete application form."
  ],
  "documentsRequired": [
    "Aadhaar Card",
    "7/12 Certificate",
    "8-A Certificate",
    "Caste Certificate for SC,ST beneficiaries",
    "Self Declaration",
    "Pre Sanction Letter",
    "Invoice of Implement"
  ],
  "state": "Maharashtra",
  "mode": false,
  "sourceLink": "https://www.myscheme.gov.in/schemes/bhausaheb-fundkar-horticulture-plantataion-scheme"
}