{
  "schemeName": "Bhraman - Darshan Yojana",
  "eligibility": {
    "residence": "Bihar",
    "minAge": 0,
    "maxAge": 0,
    "gender": null,
    "casteCategory": "Any",
    "minIncome": 0,
    "maxIncome": 0,
    "disability": false,
    "minority": false,
    "maritalStatus": "Any"
  },
  "category": "travel tourism",
  "applicationProcedure": [
    "Visit the official website",
    "Click on \"Applications are being invited for all the schemes of the financial year (2024-25), click here to apply\"",
    "Select the \"Registration for Fisheries Schemes\"",
    "Complete all basic details of the applicant for registration",
    "Enter a valid 10-digit mobile number and click to send OTP",
    "Enter the OTP; after verification of the OTP, you will receive a Registration Number and Password",
    "Click on the \"Login\" and enter the Registration Number and Password",
    "Fill the application form",
    "Upload the required documents",
    "Click on the submit button"
  ],
  "documentsRequired": [
    "Passport-size Photo",
    "Aadhaar Card/Voter ID",
    "Educational Certificate",
    "Pre-Training Certificate"
  ],
  "state": "Bihar",
  "mode": false,
  "sourceLink": "https://www.myscheme.gov.in/schemes/bdy"
}