{
  "schemeName": "Bicycle Distribution Scheme for Girl Students of Economically Weaker Section",
  "eligibility": {
    "residence": "rural",
    "minAge": 0,
    "maxAge": 0,
    "gender": false,
    "casteCategory": "EWS",
    "minIncome": 0,
    "maxIncome": 100000,
    "disability": false,
    "minority": false,
    "maritalStatus": "Any"
  },
  "category": "education",
  "applicationProcedure": [
    "Contact the respective school",
    "Submit copies of mandatory documents to the school",
    "The school will fill out and submit the application form on the Shala Darpan, Rajasthan Portal",
    "Verification and forwarding of the application to the District Education Officer",
    "Compilation and forwarding of applications to the Directorate of Secondary Education, Rajasthan, Bikaner"
  ],
  "documentsRequired": [
    "Aadhaar Card or Jan Aadhaar Card of the Student",
    "EWS Certificate",
    "Income Certificate",
    "Marksheet",
    "Non-Judicial Affidavit"
  ],
  "state": "Rajasthan",
  "mode": false,
  "sourceLink": "https://www.myscheme.gov.in/schemes/akvkckcvy"
}