{
  "schemeName": "Bidya Lakshmi Loan",
  "eligibility": {
    "residence": "rural",
    "minAge": 0,
    "maxAge": 0,
    "gender": null,
    "casteCategory": "Any",
    "minIncome": 0,
    "maxIncome": 450000,
    "disability": false,
    "minority": false,
    "maritalStatus": "Any"
  },
  "category": "education",
  "applicationProcedure": [
    "Step 1: The eligible employee should take a print of the prescribed format of the application form.",
    "Step 2: In the application form, fill in all the mandatory fields and attach copies of all the mandatory documents (self-attest them, if required).",
    "Step 3: Submit the duly filled and signed application form along with the documents, within the prescribed period (if any), to the respective Drawing and Disbursing Officer (DDO). Furnish a written undertaking for EMI deduction from salary.",
    "Step 4: The DDO sends the application package (form, documents, and check-off letter) to the designated SBI branch in the district or civil sub-division."
  ],
  "documentsRequired": [
    "Passport Size Photograph (3 copies)",
    "Copy of PAN Card (Identity Proof)",
    "Electricity Bill/ Landline Telephone Bill Aadhar Card/ Driving License/ Passport (Address Proof)",
    "Mark sheets and Pass Certificates up to the last qualifying examinations (Matric onwards)",
    "Offer letter/Bonafide certificate from the institution",
    "Prospectus of the Course and Approval copy AICTE/UGC or Governing Body for the Course",
    "Detailed Fee Structure of the course on the letterhead of the institution",
    "Score sheet of Entrance Tests like JEE/PMT",
    "Passport",
    "Unconditional Offer Letter",
    "Copy of Bank Passbook or Bank account statement",
    "Form 16/ Income Tax Return/ Income Certificate from the appropriate authority (Income Proof)"
  ],
  "state": "Assam",
  "mode": true,
  "sourceLink": "https://www.myscheme.gov.in/schemes/bll"
}