{
  "schemeName": "Bihar State Madarsa Strengthening Scheme",
  "eligibility": {
    "residence": "rural",
    "minAge": 0,
    "maxAge": 0,
    "gender": null,
    "casteCategory": "minority",
    "minIncome": 0,
    "maxIncome": 0,
    "disability": false,
    "minority": true,
    "maritalStatus": "Any"
  },
  "category": "education",
  "applicationProcedure": [
    "Visit the District Minority Welfare Office located at the district headquarters.",
    "Collect the application form for the scheme from the District Minority Welfare Office, fill it out accurately, and attach all necessary documents.",
    "Submit the completed application form at the office and regularly follow up on the status of your application for any further requirements or updates."
  ],
  "documentsRequired": [
    "Approval letter received from Madrasa Board",
    "Original copy of L.P.C of the land belonging to the Zonal Officer",
    "A copy of the proceedings of the Madrasa Management Committee related to the approval of the proposed plan",
    "Maximum 5 photographs of the current building/structure/premises",
    "A photograph of the land designated for the proposal",
    "A visual map of the land designated for the scheme",
    "Any other documents as required by the authorities"
  ],
  "state": "Bihar",
  "mode": true,
  "sourceLink": "https://www.myscheme.gov.in/schemes/bsmssy"
}