{
  "schemeName": "Bihar Startup Policy",
  "eligibility": {
    "residence": "rural",
    "minAge": 0,
    "maxAge": 0,
    "gender": null,
    "casteCategory": "Any",
    "minIncome": 0,
    "maxIncome": 0,
    "disability": false,
    "minority": false,
    "maritalStatus": "Any"
  },
  "category": "entrepreneurship",
  "applicationProcedure": [
    "Open the official website",
    "Select the register option",
    "Read all the instructions carefully and move forward",
    "Answer the 8 questions out of 10",
    "Enter the details in the application form and click on the submit option"
  ],
  "documentsRequired": [
    "Valid Email ID",
    "Mobile no. linked with Aadhar",
    "Passport size photo",
    "Scanned Image of Aadhar card and Pan card",
    "Caste certificate (Not required for general category)",
    "Educational qualification Certificate",
    "Proof of entity (If the entity is registered)",
    "Balance Sheet",
    "Given format filled with details and signature"
  ],
  "state": "Bihar",
  "mode": false,
  "sourceLink": "https://www.myscheme.gov.in/schemes/bsp"
}