{
  "schemeName": "Bihar Rajya Fasal Sahayata Yojna",
  "eligibility": {
    "residence": "rural",
    "minAge": 0,
    "maxAge": 0,
    "gender": null,
    "casteCategory": "Any",
    "minIncome": 0,
    "maxIncome": 0,
    "disability": false,
    "minority": false,
    "maritalStatus": "Any"
  },
  "category": "agriculture",
  "applicationProcedure": [
    "Farmers need to apply on the official portal.",
    "First Farmers need to log in with their registration details.",
    "If Farmers does have a registration number then they have to complete the registration process on https://dbtagriculture.bihar.gov.in/",
    "After the registration, farmers can get/search for their Registration Number on https://pacsonline.bih.nic.in/fsy/Register.aspx",
    "After login on Official Portal,  a new form will open.",
    "Here applicants have to enter the required information.",
    "And submit the application."
  ],
  "documentsRequired": [
    "Land Possession Certificate / Revenue Receipt of land should be after 31-03-2022.",
    "Self-declaration certificate should be attested by ward member/farmer advisor.",
    "Aadhaar card.",
    "Bank passbook.",
    "Farmland papers.",
    "The applicant applying should have a mobile number.",
    "Passport-size photo."
  ],
  "state": "Bihar",
  "mode": false,
  "sourceLink": "https://www.myscheme.gov.in/schemes/brfsy"
}