{
  "schemeName": "Bihar Shatabdi Asangathit Karyakshetra Kamagaar Evan Shilpakar Samajik Suraksha Yojana: Natural Death",
  "eligibility": {
    "residence": "Bihar",
    "minAge": 18,
    "maxAge": 65,
    "gender": null,
    "casteCategory": "Any",
    "minIncome": 0,
    "maxIncome": 0,
    "disability": false,
    "minority": false,
    "maritalStatus": "Any"
  },
  "category": "Social Security",
  "applicationProcedure": [
    "Visit the concerned office of the District Officer or Committee",
    "Collect the application form; fill in and attach all the mandatory documents",
    "Submit the complete application to the concerned District Officer or Labour Welfare Committee"
  ],
  "documentsRequired": [
    "Prescribed Application Form-1",
    "Residential certificate of the deceased",
    "Certificate of dependents issued by the Zonal Officer",
    "Death certificate issued by the competent authority",
    "Proof of age of the deceased",
    "Certificate issued by the concerned Mukhiya/Ward Member of Panchayat/Member of Panchayat Committee or Ward Councillor of the concerned urban area",
    "Aadhar Card",
    "Category (Caste Certificate of the applicant)",
    "Bank Account and IFSC (Photocopy of the first page of the passbook)"
  ],
  "state": "Bihar",
  "mode": true,
  "sourceLink": "https://www.myscheme.gov.in/schemes/bsaknd"
}