{
  "schemeName": "Bihar Disability Pension Scheme",
  "eligibility": {
    "residence": "Bihar",
    "minAge": 0,
    "maxAge": 0,
    "gender": null,
    "casteCategory": "Any",
    "minIncome": 0,
    "maxIncome": 0,
    "disability": true,
    "minority": false,
    "maritalStatus": "Any"
  },
  "category": "Health and Wellness",
  "applicationProcedure": [
    "Submit duly filled and signed application in the prescribed format, along with the required attachments, at the Right to Public Service (RTPS) counter located at the block office level",
    "Receive an acknowledgment receipt from the RTPS counter",
    "Get notified of the application's approval or rejection via SMS or email",
    "Collect the Sanction Order from the same RTPS counter where the application was submitted, upon presenting the acknowledgment receipt and a valid identity card"
  ],
  "documentsRequired": [
    "Aadhaar card of the applicant",
    "Passport-size photograph",
    "Identity proof i.e. Voter ID Card, Driving License",
    "Disability certificate",
    "Caste certificate, if applicable",
    "Address proof/Residence Certificate",
    "Bank Passbook/Bank account details",
    "Any other documents as required"
  ],
  "state": "Bihar",
  "mode": true,
  "sourceLink": "https://www.myscheme.gov.in/schemes/bdps"
}