{
  "schemeName": "Bihar State Journalist Insurance Scheme",
  "eligibility": {
    "residence": "rural",
    "minAge": 21,
    "maxAge": 70,
    "gender": null,
    "casteCategory": "Any",
    "minIncome": 0,
    "maxIncome": 0,
    "disability": false,
    "minority": false,
    "maritalStatus": "Any"
  },
  "category": "health and wellness",
  "applicationProcedure": [
    "Download the application form from the official website",
    "Fill in all the mandatory fields and attach copies of all the mandatory documents",
    "Submit the duly filled and signed application form along with the documents to the District Public Relation Officer"
  ],
  "documentsRequired": [
    "Five Passport-size Photograph",
    "Appointment/Affiliation letter",
    "Birth Certificate",
    "Photocopy of Registration Number of the Institution",
    "Other Mediclaim Policy Document",
    "Proof of Media Organization Registration",
    "Work Experience Certificate",
    "Press Accreditation Card",
    "Proof of Circulation for Media Organizations",
    "Crossed/Cancelled Cheque",
    "Premium Contribution Receipt",
    "Affidavit regarding Criminal/Civil matters",
    "Declaration of Nominee"
  ],
  "state": "Bihar",
  "mode": true,
  "sourceLink": "https://www.myscheme.gov.in/schemes/bsjis"
}