{
  "schemeName": "Bihar Shatabdi Asangathit Karyakshetra Kamagaar Evan Shilpakar Samajik Suraksha Yojana: Total Permanent Disability",
  "eligibility": {
    "residence": "Bihar",
    "minAge": 18,
    "maxAge": 65,
    "gender": null,
    "casteCategory": "Any",
    "minIncome": 0,
    "maxIncome": 0,
    "disability": true,
    "minority": false,
    "maritalStatus": "Any"
  },
  "category": "Health and Wellness",
  "applicationProcedure": [
    "Visit the concerned office of the District Officer or Committee",
    "Collect the application form; fill in and attach all the mandatory documents",
    "Submit the complete application to the concerned District Officer or Labour Welfare Committee"
  ],
  "documentsRequired": [
    "Prescribed Application Form-2",
    "Residential certificate",
    "Proof of age",
    "One photograph showing the disability status of the applicant",
    "Copy of information given to the police station about the accident",
    "Disability certificate issued by competent authority",
    "Certificate issued by the Mukhiya/ Ward Member of Panchayat/ Member Panchayat Samiti/ Ward Councillor",
    "Aadhar Card",
    "Category (Caste Certificate of the applicant)",
    "Bank Account and IFSC"
  ],
  "state": "Bihar",
  "mode": true,
  "sourceLink": "https://www.myscheme.gov.in/schemes/bsaktpd"
}