{
  "schemeName": "Bihar Shatabdi AIDS Pirit Kalyan Yojana",
  "eligibility": {
    "residence": "Bihar",
    "minAge": 18,
    "maxAge": 0,
    "gender": null,
    "casteCategory": "Any",
    "minIncome": 0,
    "maxIncome": 0,
    "disability": true,
    "minority": false,
    "maritalStatus": "Any"
  },
  "category": "health and wellness",
  "applicationProcedure": [
    "Submit application in prescribed format to the office of Bihar State AIDS Control Society"
  ],
  "documentsRequired": [
    "Aadhaar card",
    "Passport-size photograph",
    "Identity proof",
    "Medical reports/documents confirming AIDS diagnosis",
    "Address proof",
    "Bank passbook/bank account details"
  ],
  "state": "Bihar",
  "mode": true,
  "sourceLink": "https://www.myscheme.gov.in/schemes/bsaidspky"
}