{
  "schemeName": "Bihar Student Credit Card Scheme",
  "eligibility": {
    "residence": "Bihar",
    "minAge": 25,
    "maxAge": 0,
    "gender": null,
    "casteCategory": "Any",
    "minIncome": 0,
    "maxIncome": 0,
    "disability": false,
    "minority": false,
    "maritalStatus": "Any"
  },
  "category": "education",
  "applicationProcedure": [
    "Visit https://www.7nishchay-yuvaupmission.bihar.gov.in/ website",
    "Click the ‘New Applicant Registration’ button",
    "Fill the details and click the ‘Submit’ button",
    "Log in using the username and password",
    "Fill the details on the ‘Personal Information Page’ and click the ‘Submit’ button",
    "Selects the ‘BSCC’ option from the drop-down list and click the ‘Apply’ button",
    "Fill in the details on the BSCC form and submit it",
    "Visit the DRCC with self-attested documents and submit them to the Multi-Purpose Assistant (MPA) for verification"
  ],
  "documentsRequired": [
    "Filled common application form",
    "Aadhar card",
    "Pan card",
    "Xth and XIIth mark sheet and certificate",
    "Copies of the letter conferring scholarship (If available)",
    "Approved course structure",
    "Proof of admission",
    "Fee schedule",
    "Photographs",
    "Previous year’s income certificate",
    "Previous two year’s income tax return",
    "Previous six months’ bank statement",
    "Proof of residence (Passport, ID, driving license, Voter ID)",
    "Tax receipt"
  ],
  "state": "Bihar",
  "mode": false,
  "sourceLink": "https://www.myscheme.gov.in/schemes/bsccs"
}