{
  "schemeName": "Biotechnology Career Advancement And Re-orientation (BioCARe) Programme For Women Scientists",
  "eligibility": {
    "residence": "rural",
    "minAge": 0,
    "maxAge": 55,
    "gender": false,
    "casteCategory": "Any",
    "minIncome": 0,
    "maxIncome": 0,
    "disability": false,
    "minority": false,
    "maritalStatus": "Any"
  },
  "category": "education",
  "applicationProcedure": [
    "Online application through the link created on the website",
    "Submission of full application with two parts: Part A (General Information) and Part B (Research Proposal, Budget, and Regulatory Details)"
  ],
  "documentsRequired": [
    "Aadhaar Number",
    "Proof of Identity (Govt. issued)",
    "Proof of Address (Govt. issued)",
    "Brief About the Proposal",
    "Brief of the Mentor",
    "Caste Certificate (If SC/ST/OBC)",
    "Disability Certificate (if applicable)",
    "DOB Certificate (Birth Certificate, etc)",
    "Proof of the All the Educational Qualification (Degree Certificate, and Marksheets)",
    "Proof of passing any National level examinations (NET-CSIR/NET-UGC/GATE/DBT-JRF/ICAR-JRF/IIT-JAM, etc.) (if applicable)",
    "Information regarding Achievements of the Applicant (e.g. publications, dissertations, patents, books, chapters, etc.)",
    "Declaration by the Candidate"
  ],
  "state": "Any",
  "mode": false,
  "sourceLink": "https://www.myscheme.gov.in/schemes/biocare"
}