{
  "schemeName": "Biponi Scheme",
  "eligibility": {
    "residence": "rural",
    "minAge": 18,
    "maxAge": 50,
    "gender": null,
    "casteCategory": "Any",
    "minIncome": 0,
    "maxIncome": 0,
    "disability": false,
    "minority": false,
    "maritalStatus": "Any"
  },
  "category": "agriculture",
  "applicationProcedure": [
    "Get the scheme application form from the respective office",
    "Fill out the scheme application form in a prescribed format",
    "Download the Biponi scheme application form from the link",
    "Fill out the form and attach the required documents",
    "The form Should be addressed to District Industries and Commerce Centre"
  ],
  "documentsRequired": [
    "One Pass Port size photograph",
    "Copy of Industry registration",
    "Caste Certificate, as applicable",
    "Training Certificate, if available",
    "Copy of cancelled cheque with the name of the proprietor printed",
    "Quotation from the fair organization regarding rent to be submitted"
  ],
  "state": "Assam",
  "mode": false,
  "sourceLink": "https://www.myscheme.gov.in/schemes/bps"
}