{
  "schemeName": "Boneej Scheme",
  "eligibility": {
    "residence": "rural",
    "minAge": 18,
    "maxAge": 50,
    "gender": null,
    "casteCategory": "Any",
    "minIncome": 0,
    "maxIncome": 0,
    "disability": false,
    "minority": false,
    "maritalStatus": "Any"
  },
  "category": "entrepreneurship",
  "applicationProcedure": [
    "Obtain the application form",
    "Fill up the application form",
    "Attach supporting documents",
    "Submit the application form"
  ],
  "documentsRequired": [
    "One Pass Port size photograph",
    "Copy of Industry registration",
    "Caste Certificate, as applicable",
    "Identity proof",
    "Address proof",
    "Training Certificate, if available",
    "Copy of the First page of the Bank Pass Book"
  ],
  "state": "Assam",
  "mode": false,
  "sourceLink": "https://www.myscheme.gov.in/schemes/bns"
}