{
  "schemeName": "Cash Award (A.B.O.C.W.W.B)",
  "eligibility": {
    "residence": "rural",
    "minAge": 0,
    "maxAge": 0,
    "gender": null,
    "casteCategory": "Any",
    "minIncome": 0,
    "maxIncome": 0,
    "disability": false,
    "minority": false,
    "maritalStatus": "Any"
  },
  "category": "education",
  "applicationProcedure": [
    "Step 01: To avail the benefits of the scheme, the eligible applicant may apply through the Official Portal.",
    "Step 02: On the home page of the portal, click on ‘Login Now’ and enter the registered Mobile Number or User ID.",
    "Step 03: The individual console of the applicant gets opened with various functions such as detail updating, Fees due, and benefits eligible.",
    "Step 04: Click on ‘Benefit’ and select the applicable scheme (Cash Award Benefit) under the benefit and the portal redirects to an online application form specific to the scheme.",
    "Step 05: The applicant may fill up the application with all mandatory fields and upload the necessary documents.",
    "Step 06: The applicant submits the application form and a tracking/reference number is generated as a future reference for the applicant."
  ],
  "documentsRequired": [
    "ABOCWWB ID Card",
    "Applicant's Photo",
    "Signature of the Parent",
    "Signature of the Applicant Student",
    "Attested Copy of the ID Card of the Father/Mother",
    "Attested Copy of the Pass Certificate from the Head of the Institution",
    "Attested Copy of the Mark sheet of the Exam",
    "Copy of Payslip of Account Paybook",
    "Caste Certificate (Other than General category)",
    "Any other relevant documents"
  ],
  "state": "Assam",
  "mode": false,
  "sourceLink": "https://abocwwb.assam.gov.in/"
}