{
  "schemeName": "CBSE Merit Scholarship Scheme For Single Girl Child",
  "eligibility": {
    "residence": "Any",
    "minAge": 0,
    "maxAge": 0,
    "gender": false,
    "casteCategory": "Any",
    "minIncome": 0,
    "maxIncome": 0,
    "disability": false,
    "minority": false,
    "maritalStatus": "Any"
  },
  "category": "education",
  "applicationProcedure": [
    "Visit the CBSE official website: https://www.cbse.gov.in/",
    "Click on ‘New user Registration’ or ‘Renewal’.",
    "Read all the instructions on the official website and then hit ‘Continue’.",
    "Fill in the roll number, and DOB (as mentioned class 10 mark sheet).",
    "Print the undertaking mentioned on the ‘Guidelines’ document.",
    "Fill it out, paste the photo, and get the same attested from school.",
    "Make an affidavit as mentioned in the ‘Guidelines’.",
    "Scan the undertaking and affidavit.",
    "Upload both of these documents.",
    "Print the confirmation page."
  ],
  "documentsRequired": [
    "Caste certificate",
    "Income certificate and admission proof",
    "Details of bank account and fees structure",
    "Passport size photos and scanned signature",
    "Student’s ID card",
    "Class 11th mark sheet for scholarship renewal",
    "Bank account linked aadhaar card, bank passbook, and canceled cheque.",
    "Affidavit on ₹50 stamp paper from the girl or her parents duly attested by the gazette officer SDM or first-class magistrate, not below the rank of tehsildar."
  ],
  "state": "Any",
  "mode": false,
  "sourceLink": "https://www.myscheme.gov.in/schemes/msssgc"
}