{
  "schemeName": "Central Assistance For One Time Settlement Of Displaced Families From PoK And Chhamb Under Prime Minister's Development Package",
  "eligibility": {
    "residence": "rural",
    "minAge": 0,
    "maxAge": 0,
    "gender": null,
    "casteCategory": "Any",
    "minIncome": 0,
    "maxIncome": 0,
    "disability": false,
    "minority": false,
    "maritalStatus": "Any"
  },
  "category": "relief and rehabilitation",
  "applicationProcedure": [
    "Offline",
    "Government of J&K may stipulate credible and verifiable documents",
    "State government will verify the documents and recommend the name of the beneficiaries"
  ],
  "documentsRequired": [
    "Aadhaar",
    "Proof of having resided either in PoK or in Chhamb",
    "Details of Aadhaar Seeded Bank Account"
  ],
  "state": "Jammu & Kashmir",
  "mode": true,
  "sourceLink": "https://www.myscheme.gov.in/schemes/otsdfpc"
}