{
  "schemeName": "Chhatraon Ke Liye Protsahan Rashi",
  "eligibility": {
    "residence": "Rajasthan",
    "minAge": 0,
    "maxAge": 0,
    "gender": false,
    "casteCategory": "Any",
    "minIncome": 0,
    "maxIncome": 0,
    "disability": false,
    "minority": false,
    "maritalStatus": "Any"
  },
  "category": "education",
  "applicationProcedure": [
    "Visit the official portal",
    "Click on the option 'Register'",
    "Choose the either one option from the Jan Aadhaar Or Google to process further",
    "Complete the registration process",
    "Login to the dashboard",
    "Click on 'RAJ-KISAN' option",
    "Click on 'Application Entry Request'",
    "Enter the 'Bhamashah Family ID' and search",
    "Select the person name and scheme name",
    "Complete the Aadhaar Authentication and click on get details",
    "Provide the required details",
    "Submit"
  ],
  "documentsRequired": [
    "Address proof",
    "Last year's mark sheet",
    "Bank account",
    "Passport size photo",
    "Mobile number"
  ],
  "state": "Rajasthan",
  "mode": false,
  "sourceLink": "https://www.myscheme.gov.in/schemes/cklpr"
}