{
  "schemeName": "Chief Minister Ekal Nari Samman Pension Yojana",
  "eligibility": {
    "residence": "rural",
    "minAge": 18,
    "maxAge": 0,
    "gender": false,
    "casteCategory": "Any",
    "minIncome": 0,
    "maxIncome": 48000,
    "disability": false,
    "minority": false,
    "maritalStatus": "Widowed/Divorced/Abandoned"
  },
  "category": "women and child",
  "applicationProcedure": [
    "Visit the official portal",
    "Click on apply",
    "Fill the application form",
    "Upload required documents",
    "Submit the application"
  ],
  "documentsRequired": [
    "Aadhaar Card",
    "Birth certificate",
    "Ration Card",
    "Original residence certificate",
    "Bank Account Details",
    "Applicant - Passport-size photo",
    "Income Declaration Form",
    "Death certificate of husband for widow pension",
    "Certificate issued by the court for divorcee woman pension",
    "Certificate issued by the Sub-Divisional Officer / Development Officer for abandoned women pension"
  ],
  "state": "Rajasthan",
  "mode": false,
  "sourceLink": "https://www.myscheme.gov.in/schemes/cmenspy"
}