{
  "schemeName": "Chief Minister Agriculture and Food Processing Scheme",
  "eligibility": {
    "residence": "rural",
    "minAge": 18,
    "maxAge": 0,
    "gender": null,
    "casteCategory": "Any",
    "minIncome": 0,
    "maxIncome": 0,
    "disability": false,
    "minority": false,
    "maritalStatus": "Any"
  },
  "category": "agriculture",
  "applicationProcedure": [
    "Applicant (Entrepreneur)",
    "Proposal submitted with bank loan approval to District Superintendent Agriculture Officer",
    "Pre-project feasibility study through the Deputy Director of Agriculture, District Superintendent Agriculture Office/Sub-divisional agricultural Officer and with the recommendation of the District Project Implementation Committee",
    "Major Document Verification for Grant Payment",
    "In-principle approval of eligible projects in Commissionerate level Project Approval Committee meeting",
    "As per the recommendation of the District level Project Implementation Committee, after the completion of the project construction, the first phase and the second phase, when the project is in full production capacity, the subsidy will be deposited in the reserve fund account of the bank."
  ],
  "documentsRequired": [
    "Beneficiary Application (Annexure II)",
    "Bank Loan Sanction Letter (Original)",
    "Bank Appraisal (Original)",
    "7/12, 8A (Original) or Agreement",
    "PAN card of individual/business, Aadhaar card",
    "Enterprise Registration Certificate (Udyam Registration)",
    "Detailed Project Report (DPR) of the project (Original)",
    "A flow chart of the project's process output",
    "Notarized Agreement to be submitted for Project Construction (Annexure-III)",
    "Construction Blue Print (Bank Attested)",
    "Construction Budget (Bank Attested)",
    "Machinery Quotation (Bank Attested)",
    "Pre-project feasibility study report (Annexure-V)",
    "Recommendation Letter of District Level Project Implementation Committee (Annexure- VI)",
    "Audit reports for last three years (Only for Upgradation, Expansion and Modernization Projects)"
  ],
  "state": "Any",
  "mode": true,
  "sourceLink": "https://www.myscheme.gov.in/schemes/chief-minister-agriculture-and-food-processing-scheme"
}