{
  "schemeName": "Chief Minister Sustainable Agriculture Irrigation Scheme - Magel Tyala Shettale (Individual Farm Pond)",
  "eligibility": {
    "residence": "rural",
    "minAge": 0,
    "maxAge": 0,
    "gender": null,
    "casteCategory": "Any",
    "minIncome": 0,
    "maxIncome": 0,
    "disability": false,
    "minority": false,
    "maritalStatus": "Any"
  },
  "category": "agriculture",
  "applicationProcedure": [
    "Farmer Registration",
    "Select user type and complete Aadhar authentication",
    "Profile completion (Mobile number, Address details, Land & land holding information)",
    "Apply for Individual Farm Pond"
  ],
  "documentsRequired": [
    "No Documents required for this Scheme"
  ],
  "state": "Maharashtra",
  "mode": false,
  "sourceLink": "https://www.myscheme.gov.in/schemes/chief-minister-sustainable-agriculture-irrigation-scheme"
}