{
  "schemeName": "Chief Minister's Jeevan Jyoti Swaniyojan Yojana",
  "eligibility": {
    "residence": "rural",
    "minAge": 18,
    "maxAge": 37,
    "gender": null,
    "casteCategory": "Any",
    "minIncome": 0,
    "maxIncome": 25000,
    "disability": false,
    "minority": false,
    "maritalStatus": "Any"
  },
  "category": "employment",
  "applicationProcedure": [
    "Applicants can submit their applications to the implementing agency, the State Institute of Panchayat Development (SIPRD) Assam.",
    "The selection of eligible youth will be done through a block-level selection committee comprising the Block Development Officer, President of Gaon Panchayat/VCDC, Bank branch manager, and representative of SIRD, Assam.",
    "In semi-urban/urban areas, the selection will be finalized by the bank, field office of SIRD, and Jt. Director of SIRD after field verification."
  ],
  "documentsRequired": [
    "Age proof (School Certificate/ HSLC Admit card)",
    "Education qualification certificate",
    "PRC from Gaon Burah (For Village Area)",
    "Bank account photocopy",
    "Annual income certificate from Mouzadar or Circle Officer (Not exceeding Rs. 25,000 per annum)",
    "Passport size photographs (2 copies each)",
    "GMC Householding certificate (for Kamrup Metro Area)"
  ],
  "state": "Assam",
  "mode": true,
  "sourceLink": "https://www.myscheme.gov.in/schemes/cm-swaniyojan-yojana"
}