{
  "schemeName": "Chief Minister Floriculture Mission",
  "eligibility": {
    "residence": "rural and urban",
    "minAge": 0,
    "maxAge": 0,
    "gender": null,
    "casteCategory": "SC and ST",
    "minIncome": 0,
    "maxIncome": 0,
    "disability": false,
    "minority": false,
    "maritalStatus": "Any"
  },
  "category": "agriculture",
  "applicationProcedure": [
    "Offline",
    "Contact the office of The Secretary to the Govt. of Assam Agriculture Department, Dispur, Guwahati-6 or Director of Horticulture and FP Assam, Khanapara, Guwahati-22"
  ],
  "documentsRequired": [
    "Aadhaar Card",
    "Voter card",
    "A Valid Bank Account"
  ],
  "state": "Assam",
  "mode": true,
  "sourceLink": "https://www.myscheme.gov.in/schemes/cmfm"
}