{
  "schemeName": "Chief Minister Family Benefit Scheme",
  "eligibility": {
    "residence": "rural",
    "minAge": 0,
    "maxAge": 0,
    "gender": null,
    "casteCategory": "Any",
    "minIncome": 0,
    "maxIncome": 0,
    "disability": false,
    "minority": false,
    "maritalStatus": "Any"
  },
  "category": "social welfare",
  "applicationProcedure": [
    "Submit an application on plain paper to the office of the Sub-Divisional Officer"
  ],
  "documentsRequired": [
    "Identity proof of the applicant",
    "Identity proof of the deceased person",
    "Death certificate of the deceased person",
    "Proof of age of the deceased person",
    "Below Poverty Line (BPL) Card/ Ration Card",
    "Address proof",
    "Bank Passbook/Bank account details"
  ],
  "state": "Bihar",
  "mode": true,
  "sourceLink": "https://www.myscheme.gov.in/schemes/cmfbs"
}