{
  "schemeName": "Chief Minister Samagra Gramya Unnayan Yojana",
  "eligibility": {
    "residence": "rural",
    "minAge": 0,
    "maxAge": 0,
    "gender": null,
    "casteCategory": "Any",
    "minIncome": 0,
    "maxIncome": 0,
    "disability": false,
    "minority": false,
    "maritalStatus": "Any"
  },
  "category": "agriculture",
  "applicationProcedure": [
    "Go to the nearest office of the Agriculture Department",
    "Ask for the application form for Samagra Gramya Unnayan Yojana",
    "Fill out the application form",
    "Attach all the required documents",
    "Submit the form to the agriculture Department"
  ],
  "documentsRequired": [
    "Aadhaar Card",
    "Residence certificate",
    "Passport size photograph",
    "Mobile number",
    "Email id",
    "Income certificate",
    "Age Proof",
    "Bank account details"
  ],
  "state": "Assam",
  "mode": true,
  "sourceLink": "https://www.myscheme.gov.in/schemes/cmsguy"
}