{
  "schemeName": "Chief Minister Divyangjan Empowerment Scheme (Sambal)",
  "eligibility": {
    "residence": "rural",
    "minAge": 6,
    "maxAge": 60,
    "gender": null,
    "casteCategory": "Any",
    "minIncome": 0,
    "maxIncome": 0,
    "disability": true,
    "minority": false,
    "maritalStatus": "Any"
  },
  "category": "health and wellness",
  "applicationProcedure": [
    "Visit the official website",
    "Registration is mandatory for e-filling up the form",
    "Use login credentials to log in",
    "Only eligible candidates as per guidelines/advertisement should fill up the form with Personal Details",
    "Upload Photo & Signature",
    "Upload Documents",
    "Finalise and submit application"
  ],
  "documentsRequired": [
    "Aadhar card",
    "Pan Card",
    "Permanent address proof",
    "Two passport-size photos",
    "Bank account proof",
    "Mobile registered with Aadhar card",
    "Caste Certificate if applicable",
    "Below poverty line certificate"
  ],
  "state": "Bihar",
  "mode": false,
  "sourceLink": "https://www.myscheme.gov.in/schemes/cmdes"
}