{
  "schemeName": "Chief Minister’s Free Diagnostic Services",
  "eligibility": {
    "residence": "urban and rural",
    "minAge": 0,
    "maxAge": 0,
    "gender": null,
    "casteCategory": "Any",
    "minIncome": 0,
    "maxIncome": 0,
    "disability": false,
    "minority": false,
    "maritalStatus": "Any"
  },
  "category": "health and wellness",
  "applicationProcedure": [
    "Visit the nearest government-authorized diagnostic center or hospital.",
    "Fill out the application form for the scheme.",
    "Submit the necessary documents along with the application form.",
    "Upon verification, the diagnostic tests will be conducted free of cost."
  ],
  "documentsRequired": [
    "Proof of residence in Assam (e.g., Aadhaar card, voter ID, or residence certificate).",
    "Medical prescription or recommendation from a registered medical practitioner."
  ],
  "state": "Assam",
  "mode": true,
  "sourceLink": "https://www.myscheme.gov.in/schemes/cmfds"
}