{
  "schemeName": "Chief Minister BC & EBC Chhatravas Anudan Yojana",
  "eligibility": {
    "residence": "rural",
    "minAge": 0,
    "maxAge": 0,
    "gender": null,
    "casteCategory": "BC/EBC",
    "minIncome": 0,
    "maxIncome": 300000,
    "disability": false,
    "minority": false,
    "maritalStatus": "Any"
  },
  "category": "education",
  "applicationProcedure": [
    "Register on the e-Kalyan portal",
    "Fill in personal and contact details",
    "Log in using User ID and Password",
    "Fill out the application form",
    "Upload required documents"
  ],
  "documentsRequired": [
    "Caste Certificate",
    "Income Certificate",
    "Residence Certificate"
  ],
  "state": "Bihar",
  "mode": false,
  "sourceLink": "https://www.myscheme.gov.in/schemes/cmbccay"
}