{
  "schemeName": "Chief Minister Kanya Utthan Yojana",
  "eligibility": {
    "residence": "Bihar",
    "minAge": 0,
    "maxAge": 0,
    "gender": false,
    "casteCategory": "Any",
    "minIncome": 0,
    "maxIncome": 0,
    "disability": false,
    "minority": false,
    "maritalStatus": "Any"
  },
  "category": "women and child",
  "applicationProcedure": [
    "Get the application form from Anganwadi centers",
    "Fill the application form and submit it at the concerned Anganwadi centers along with necessary documents"
  ],
  "documentsRequired": [
    "Photocopy of the Residential Certificate",
    "Photocopy of Birth Registration Certificate",
    "Photocopy of Identity Card"
  ],
  "state": "Bihar",
  "mode": true,
  "sourceLink": "https://www.myscheme.gov.in/schemes/cmkuy"
}