{
  "schemeName": "Chief Minister EBC Civil Seva Protsahan Yojana",
  "eligibility": {
    "residence": "rural",
    "minAge": 0,
    "maxAge": 0,
    "gender": null,
    "casteCategory": "EBC",
    "minIncome": 0,
    "maxIncome": 0,
    "disability": false,
    "minority": false,
    "maritalStatus": "Any"
  },
  "category": "education",
  "applicationProcedure": [
    "Visit the official website",
    "Click on New Registration option",
    "Enter personal details, educational qualifications, and other required information",
    "Upload photograph, signature, and necessary documents",
    "Submit the application form"
  ],
  "documentsRequired": [
    "Photo",
    "Signature",
    "Aadhaar card",
    "Admit Card",
    "Proof of passing examination",
    "Domicile Certificate",
    "Address proof",
    "Caste/Community certificate",
    "Bank Account Details"
  ],
  "state": "Bihar",
  "mode": false,
  "sourceLink": "https://bcebconline.bihar.gov.in/cspy/EBCscholarship/Index.aspx"
}