{
  "schemeName": "Cluster Mei Bagwani Ki Yojana",
  "eligibility": {
    "residence": "rural",
    "minAge": 0,
    "maxAge": 0,
    "gender": null,
    "casteCategory": "Any",
    "minIncome": 0,
    "maxIncome": 0,
    "disability": false,
    "minority": false,
    "maritalStatus": "Any"
  },
  "category": "agriculture",
  "applicationProcedure": [
    "Visit the registration page of the DBT portal",
    "Select Aadhaar verification type: OTP/ BIO-AUTH/ IRIS",
    "Enter your Aadhaar number and Name as per Aadhaar",
    "Enter the OTP",
    "Confirm the details about the Kisan Credit Card (KCC)",
    "Fill in all the details properly i.e. Farmer details, Land information, Bank account details",
    "Validate with OTP",
    "Visit the official website",
    "Scroll to bottom and confirm the checkbox",
    "Select the Type of Applicant and enter the DBT Registration Number of Kisan",
    "Fill in the required details i.e. Address, Land Details, etc, and upload documents",
    "Confirm the checkbox and then click on Submit"
  ],
  "documentsRequired": [
    "Aadhaar Details",
    "Passport Size Photo",
    "Farmer details",
    "Land information",
    "Bank account",
    "Contract form (for non-ryot farmers)",
    "Land-ownership/ revenue receipt (If applicable)",
    "Genealogy (if applicant's name is not clear in the land-ownership/ revenue receipt)"
  ],
  "state": "Bihar",
  "mode": false,
  "sourceLink": "https://www.myscheme.gov.in/schemes/cmbky"
}