{
  "schemeName": "CM Anuprati Coaching Scheme",
  "eligibility": {
    "residence": "rural",
    "minAge": 0,
    "maxAge": 0,
    "gender": null,
    "casteCategory": "SC, ST, OBC, EBC, EWS, Minority",
    "minIncome": 0,
    "maxIncome": 800000,
    "disability": false,
    "minority": true,
    "maritalStatus": "Any"
  },
  "category": "education",
  "applicationProcedure": [
    "Visit the official portal of Rajasthan Single Sign On: https://sso.rajasthan.gov.in/",
    "Register using Jan Aadhaar Number",
    "Login and update profile",
    "Fill in the required information and upload necessary documents",
    "Submit the application form"
  ],
  "documentsRequired": [
    "Aadhaar Card",
    "Passport-size photograph",
    "Janadhaar Number",
    "SSO ID",
    "Caste/Community certificate",
    "Domicile certificate",
    "10th and 12th class marksheets",
    "Graduation degree certificate",
    "RSCIT Certification Computer Certificate, Diploma Certificate",
    "Income certificate"
  ],
  "state": "Rajasthan",
  "mode": false,
  "sourceLink": "https://www.myscheme.gov.in/schemes/cmacs"
}