{
  "schemeName": "Coconut Palm Insurance Scheme",
  "eligibility": {
    "residence": "rural",
    "minAge": 0,
    "maxAge": 0,
    "gender": null,
    "casteCategory": "Any",
    "minIncome": 0,
    "maxIncome": 0,
    "disability": false,
    "minority": false,
    "maritalStatus": "Any"
  },
  "category": "agriculture",
  "applicationProcedure": [
    "Farmers/growers desiring insurance may directly contact representatives/authorized agents of the Insurance Company",
    "May contact the nearest office of the Agriculture/Horticulture Department"
  ],
  "documentsRequired": [
    "Identity proof of farmer",
    "Proposal forms along with premium amount",
    "Proof of land record / Plantation or a certificate issued by revenue authorities",
    "Declaration by a farmer that only healthy palms are insured",
    "A rough sketch of the plantation with the land identification number of each plot and the number of palms therein",
    "Bank account details"
  ],
  "state": "Any",
  "mode": true,
  "sourceLink": "https://www.myscheme.gov.in/schemes/cpis"
}