{
  "schemeName": "Coffee Development Programme in North Eastern Region: Expansion of Coffee",
  "eligibility": {
    "residence": "rural",
    "minAge": 0,
    "maxAge": 0,
    "gender": false,
    "casteCategory": "ST",
    "minIncome": 0,
    "maxIncome": 0,
    "disability": false,
    "minority": false,
    "maritalStatus": "Any"
  },
  "category": "agriculture",
  "applicationProcedure": [
    "Step 1: The interested grower should take print of the prescribed format of the application form.",
    "Step 2: In the application form, fill in all the mandatory fields, paste the passport-sized photograph (signed across, if required), and attach copies of all the mandatory documents (self-attest, if required).",
    "Step 3: Submit the duly filled and signed application form along with the documents to the concerned Extension Office of the Coffee Board after completion of planting.",
    "Step 4: The concerned SLO/JLO Office shall scrutinize the documents, carry out field inspection, furnish the inspection report, and forward the claim along with enclosures with recommendations either for sanction/rejection of the claim or justification for releasing the 1st installment."
  ],
  "documentsRequired": [
    "Application and Self-Declaration duly filled in and signed by the Applicant/s (in duplicate) in the prescribed format.",
    "Proof of photo identity of the applicant/s such as a copy of Driving License, Ration Card, Election Photo Identity Card (EPIC) issued by the Election Commission, Aadhaar Card, Passport, or PAN Card, etc.",
    "Proof of Land Ownership.",
    "Bank Account details, including account number, bank name, and branch, and IFSC code.",
    "Land records/possession certificate duly certified by the Village Authority/ State Government Authority/ Competent Authority."
  ],
  "state": "Any",
  "mode": true,
  "sourceLink": "https://www.myscheme.gov.in/schemes/cdpnerec"
}