{
  "schemeName": "Coffee Development Programme in North Eastern Region: Quality Upgradation / Certification: Drying Yards",
  "eligibility": {
    "residence": "rural",
    "minAge": 0,
    "maxAge": 0,
    "gender": null,
    "casteCategory": "ST",
    "minIncome": 0,
    "maxIncome": 0,
    "disability": false,
    "minority": false,
    "maritalStatus": "Any"
  },
  "category": "agriculture",
  "applicationProcedure": [
    "Submission of Required Documents",
    "Document Scrutiny and Field Inspection",
    "Application Forwarding",
    "Scrutiny by Joint Director/Deputy Director",
    "Subsidy Release"
  ],
  "documentsRequired": [
    "Application in the prescribed format (in duplicate)",
    "Copy of photo identity cards like Aadhaar (Unique Identification), Ration card, Passport, Election Photo Identity Card (EPIC), or Driving license, etc.",
    "Work completion report and expenditure statement by the applicant",
    "Copy of the Bank Pass Book with account details"
  ],
  "state": "Any",
  "mode": true,
  "sourceLink": "https://www.myscheme.gov.in/schemes/cdpnerqucdy"
}