{
  "schemeName": "Coffee Development Programme in North Eastern Region: Quality Upgradation / Certification: Supply of Baby Pulpers",
  "eligibility": {
    "residence": "rural",
    "minAge": 0,
    "maxAge": 0,
    "gender": null,
    "casteCategory": "ST",
    "minIncome": 0,
    "maxIncome": 0,
    "disability": false,
    "minority": false,
    "maritalStatus": "Any"
  },
  "category": "agriculture",
  "applicationProcedure": [
    "Beneficiary Identification and Application",
    "Procurement Details",
    "Beneficiary List Compilation",
    "Tendering Process",
    "Financial Sanction and Order Placement",
    "Machinery Inspection and Payment"
  ],
  "documentsRequired": [
    "Proof of Grower's Registration",
    "Land records/possession certificate duly certified by the Village Authority/State Government Authority/Competent Authority"
  ],
  "state": "Any",
  "mode": true,
  "sourceLink": "https://www.myscheme.gov.in/schemes/cdpnerqucsbp"
}