{
  "schemeName": "Coffee Development Programme in North Eastern Region: Support for Group Nurseries",
  "eligibility": {
    "residence": "rural",
    "minAge": 0,
    "maxAge": 0,
    "gender": null,
    "casteCategory": "ST",
    "minIncome": 0,
    "maxIncome": 0,
    "disability": false,
    "minority": false,
    "maritalStatus": "Any"
  },
  "category": "agriculture",
  "applicationProcedure": [
    "Initiation by the Extension Officer",
    "Location and Seedling Selection",
    "Group Responsibilities",
    "Cost Estimation and Control",
    "Proposal Submission and Consolidation",
    "Regional Consolidation and Recommendations",
    "Scrutiny and Sanction",
    "Phased Funding Release"
  ],
  "documentsRequired": [
    "The proposal containing details of the number of seedlings",
    "The associated expenditure"
  ],
  "state": "Any",
  "mode": true,
  "sourceLink": "https://www.myscheme.gov.in/schemes/cdpnersgn"
}