{
  "schemeName": "Coffee Development Programme in North Eastern Region: Quality Upgradation / Certification: Support for Eco-Certification / Organic Certification",
  "eligibility": {
    "residence": "rural",
    "minAge": 0,
    "maxAge": 0,
    "gender": null,
    "casteCategory": "ST",
    "minIncome": 0,
    "maxIncome": 0,
    "disability": false,
    "minority": false,
    "maritalStatus": "Any"
  },
  "category": "agriculture",
  "applicationProcedure": [
    "Certification Completion and Documentation",
    "Submission to Coffee Board Office",
    "Review and Verification",
    "Approval and Subsidy Disbursement"
  ],
  "documentsRequired": [
    "Application in the prescribed format (in duplicate)",
    "Certificate of incorporation/registration, memorandum of article of association/society as Grower Collective/SHG/ Cooperative issued by the authority concerned and Complete list/details of members of the organization",
    "Copy of the certificate issued by the Accredited Certification Agency",
    "Original invoice towards the cost of certification",
    "Copy of the Bank Pass Book containing the details of account number, name of the Bank, branch, IFSC code, etc"
  ],
  "state": "Any",
  "mode": true,
  "sourceLink": "https://www.myscheme.gov.in/schemes/cdpnerqucsecoc"
}