{
  "schemeName": "Community Canning & Training On Fruit Preservation",
  "eligibility": {
    "residence": "rural",
    "minAge": 0,
    "maxAge": 0,
    "gender": false,
    "casteCategory": "Any",
    "minIncome": 0,
    "maxIncome": 0,
    "disability": false,
    "minority": false,
    "maritalStatus": "Any"
  },
  "category": "women and child",
  "applicationProcedure": [
    "Offline",
    "Contact district Community Canning and Training Centers",
    "Contact Director of Agriculture (F.P) Assam, Ulubari, Guwahati-07"
  ],
  "documentsRequired": [
    "Aadhaar Card",
    "Voter Card",
    "Pan Card",
    "Valid Bank Account"
  ],
  "state": "Assam",
  "mode": true,
  "sourceLink": "https://www.myscheme.gov.in/schemes/cctofp"
}