{
  "schemeName": "Computer Training Scheme",
  "eligibility": {
    "residence": "rural",
    "minAge": 0,
    "maxAge": 0,
    "gender": null,
    "casteCategory": "Any",
    "minIncome": 0,
    "maxIncome": 100000,
    "disability": false,
    "minority": false,
    "maritalStatus": "Any"
  },
  "category": "education",
  "applicationProcedure": [
    "Log in on the official website",
    "Enter name and mobile number for registration",
    "Enter OTP for verification",
    "Log in with username and password",
    "Enter information and upload documents",
    "Lock the application after save",
    "Take printout of the application form and submit to the office of the District Backward Classes Welfare Officer"
  ],
  "documentsRequired": [
    "Income Certificate",
    "Caste Certificate",
    "Intermediate Marks Sheet",
    "Applicant photograph"
  ],
  "state": "Uttar Pradesh",
  "mode": false,
  "sourceLink": "https://www.myscheme.gov.in/schemes/cts"
}