{
  "schemeName": "Dattopant Thengadi Mratak Shramik Aarthik Sahayata Yojana",
  "eligibility": {
    "residence": "rural",
    "minAge": 0,
    "maxAge": 0,
    "gender": null,
    "casteCategory": "Any",
    "minIncome": 0,
    "maxIncome": 15000,
    "disability": false,
    "minority": false,
    "maritalStatus": "Any"
  },
  "category": "health and wellness",
  "applicationProcedure": [
    "Access the official website of the Uttar Pradesh Labour Welfare Board",
    "Select the \"Shramik Application\" option from the homepage",
    "Register New User and fill out the registration form",
    "Log in to the portal and choose the relevant scheme",
    "Complete the application form and upload a recent photograph",
    "Submit the application form and obtain a printed copy",
    "Present the application form at the concerned institution for verification and endorsement",
    "Upload a scanned copy of the verified application form along with supporting documents"
  ],
  "documentsRequired": [
    "Attested photocopy of the online filled application form",
    "Read photocopy of the beneficiary's bank passbook",
    "Read photocopy of ration card/family register or other government record",
    "Death certificate issued by the Registrar (Birth/Death)"
  ],
  "state": "Uttar Pradesh",
  "mode": false,
  "sourceLink": "https://www.myscheme.gov.in/schemes/dtlfas"
}