{
  "schemeName": "Deen Dayal Divyangjan Pension Scheme - Assam",
  "eligibility": {
    "residence": "Assam",
    "minAge": 0,
    "maxAge": 0,
    "gender": null,
    "casteCategory": "Any",
    "minIncome": 0,
    "maxIncome": 0,
    "disability": true,
    "minority": false,
    "maritalStatus": "Any"
  },
  "category": "health and wellness",
  "applicationProcedure": [
    "The person intending to apply for the pension is to furnish the required particulars in the prescribed format only.",
    "The application form shall be obtainable free of cost from the local offices of the District Social Welfare Officer or the Child Development Project Officers.",
    "The applicant has to fill the application form completely and attach all the relevant documents with the application form.",
    "The application form shall be submitted in the prescribed format to the concerned District Social Welfare Office.",
    "The District Social Welfare Officer of the concerned district shall be the competent authority for verification of the contents of the applications."
  ],
  "documentsRequired": [
    "Identity proof i.e. Aadhaar card, Voter ID Card etc.",
    "Domicile certificate of Assam",
    "Disability Certificate issued by the competent Govt. Authority of Health Services of the district.",
    "The applicant’s bank details i.e. IFSC Code of the Bank etc.",
    "One passport-size photo",
    "Address proof"
  ],
  "state": "Assam",
  "mode": true,
  "sourceLink": "https://www.myscheme.gov.in/schemes/dddps-assam"
}