{
  "schemeName": "Development Of Playfield Under CMSGUY",
  "eligibility": {
    "residence": "rural",
    "minAge": 0,
    "maxAge": 0,
    "gender": null,
    "casteCategory": "Any",
    "minIncome": 0,
    "maxIncome": 0,
    "disability": false,
    "minority": false,
    "maritalStatus": "Any"
  },
  "category": "sports",
  "applicationProcedure": [
    "Offline",
    "Interested Schools, Colleges, Clubs, and other Sports Organizations can apply to the District Sports Officers (DSOs) in the format prescribed in Annexure-I of the scheme guidelines."
  ],
  "documentsRequired": [
    "Self-Attested documents in support of the mandatory fields of the Application Form.",
    "Proof of Address of the School/College/Club/SportsAssociation/Panchayat/Institution",
    "Bank Details of the School/College/Club/SportsAssociation/Panchayat/Institution",
    "Land Holding Certificate Playfield issued by the Competent Authority",
    "In case of Club/Sports Associations, the Registration Certificate under the Societies Act, 1860",
    "Photograph of the Playground with Counter Signature of District Sports Officer",
    "Estimated Cost / Fund Required"
  ],
  "state": "Assam",
  "mode": true,
  "sourceLink": "https://www.myscheme.gov.in/schemes/dp-cmsguy"
}