{
  "schemeName": "Development Support for Coffee in Traditional Areas: Eco-certification of Coffee",
  "eligibility": {
    "residence": "rural",
    "minAge": 0,
    "maxAge": 0,
    "gender": null,
    "casteCategory": "SC/ST",
    "minIncome": 0,
    "maxIncome": 0,
    "disability": false,
    "minority": false,
    "maritalStatus": "Any"
  },
  "category": "agriculture",
  "applicationProcedure": [
    "Application Submission",
    "Document Scrutiny",
    "Forwarding the Claim",
    "Subsidy Release"
  ],
  "documentsRequired": [
    "Application",
    "Proof of Identity and Registration",
    "Certification Documents",
    "Land Ownership Documents",
    "Attested Documents"
  ],
  "state": "Any",
  "mode": true,
  "sourceLink": "https://www.myscheme.gov.in/schemes/dsctaecc"
}