{
  "schemeName": "Development Support for Coffee in Traditional Areas: Support to Small Growers' Collectives/ SHGs/ Cooperatives for Coffee Marketing",
  "eligibility": {
    "residence": "rural",
    "minAge": 0,
    "maxAge": 0,
    "gender": null,
    "casteCategory": "Any",
    "minIncome": 0,
    "maxIncome": 0,
    "disability": false,
    "minority": false,
    "maritalStatus": "Any"
  },
  "category": "agriculture",
  "applicationProcedure": [
    "Furnishing the Claim",
    "Submission of Application",
    "Scrutiny and Forwarding"
  ],
  "documentsRequired": [
    "Application in the prescribed format",
    "Certificate of incorporation/registration",
    "Complete list/details of members of the organization",
    "Certificate from the Growers' Collective/ SHG/ Cooperative",
    "Certificate from the concerned state Government commercial tax department",
    "Registration certificate as a member of ICTA/other recognized marketing auction platform",
    "Proof of coffee sold",
    "Export permit having Customs endorsement",
    "ICO certificate of origin having customs endorsement",
    "Bill of Lading (BL)"
  ],
  "state": "Any",
  "mode": true,
  "sourceLink": "https://www.myscheme.gov.in/schemes/dsctassgcsccm"
}