{
  "schemeName": "Development Support for Coffee in Traditional Areas: Water Augmentation",
  "eligibility": {
    "residence": "rural",
    "minAge": 0,
    "maxAge": 0,
    "gender": null,
    "casteCategory": "Any",
    "minIncome": 0,
    "maxIncome": 0,
    "disability": false,
    "minority": false,
    "maritalStatus": "Any"
  },
  "category": "agriculture",
  "applicationProcedure": [
    "Visit the Official Website/Portal of Coffee Board",
    "Fill in all the mandatory fields of the Application Form and upload all the mandatory documents",
    "Review and Inspection",
    "Technical Feasibility Report (TFR)",
    "Claim Submission",
    "Document Scrutiny",
    "Field Inspection",
    "Physical Verification Report",
    "Forwarding to Deputy Director (Extn)",
    "Claim Scrutiny by Deputy Director (Extn)",
    "Subsidy Release"
  ],
  "documentsRequired": [
    "Application and Self Declaration",
    "Aadhaar Card (UIDAI)",
    "Proof of Land Ownership",
    "Self-prepared rough Sketch of the Estate",
    "Quotation in Respect of Purchase of Machinery/Equipment",
    "Self-Prepared Plan and Estimation for Water Storage Tank / Open Well / Ring Well",
    "Attested Copy of the Registered GPA",
    "Caste Certificate",
    "Copy of the Bank Pass Book",
    "Claim Statements",
    "Invoice / Bill",
    "Self-prepared work completion report and fund utilization certificate"
  ],
  "state": "Any",
  "mode": false,
  "sourceLink": "https://www.myscheme.gov.in/schemes/dsctawa"
}