{
  "schemeName": "Disability Pension (A.B.O.C.W.W.B)",
  "eligibility": {
    "residence": "urban and rural",
    "minAge": 0,
    "maxAge": 0,
    "gender": null,
    "casteCategory": "Any",
    "minIncome": 0,
    "maxIncome": 0,
    "disability": true,
    "minority": false,
    "maritalStatus": "Any"
  },
  "category": "health and wellness",
  "applicationProcedure": [
    "Online application through official website",
    "Login using ID No./registered phone number",
    "Fill and submit online application form",
    "Upload necessary documents"
  ],
  "documentsRequired": [
    "Passport size photograph",
    "Proof of Age/DOB",
    "Copy of Aadhaar Card",
    "Copy of Voter ID Card",
    "Bank passbook first page",
    "Experience Certificate/Employers Certificate",
    "Completely filled Nomination Form",
    "Completely filled Registration Form",
    "ABOCWWB ID Card",
    "Attested Copy of ID Card",
    "Applicant's Photo",
    "Upload Medical Bills Countersigned By Government Doctor",
    "Employer's Certificate on Accident",
    "Document of Admission and Discharge from the Hospital",
    "Permanent Disability Certificate from the Appropriate Authority",
    "Copy of Payslip of Account Paybook",
    "Caste Certificate (Other than General category)",
    "Photograph of the part of the Person affected due to the Accident",
    "Original Application Form of Registration",
    "Loan Recovery Documents"
  ],
  "state": "Assam",
  "mode": false,
  "sourceLink": "https://www.myscheme.gov.in/schemes/dpabocwwb"
}