{
  "schemeName": "Disability Pension (BBOCWWB)",
  "eligibility": {
    "residence": "Any",
    "minAge": 0,
    "maxAge": 0,
    "gender": null,
    "casteCategory": "Any",
    "minIncome": 0,
    "maxIncome": 0,
    "disability": true,
    "minority": false,
    "maritalStatus": "Any"
  },
  "category": "health and wellness",
  "applicationProcedure": [
    "Visit the Official Website of the Bihar Building and Other Construction Workers Welfare Board",
    "Click on 'Labour Registration' and apply for new registration",
    "Enter required details and pay application fee online",
    "Visit the Official Website and click on 'Scheme Application' to apply for scheme benefits",
    "Enter registration number, select scheme, and upload necessary documents"
  ],
  "documentsRequired": [
    "Aadhaar Card",
    "Registration Number of worker",
    "Passport-size photograph",
    "Proof of residence",
    "Ration card",
    "Bank account details/copy of bank passbook",
    "Disability Certificate issued by the Civil Surgeon-cum- Chief Medical Officer",
    "Life certificate",
    "Medical details from government hospital",
    "Medical bill countersigned by the doctor",
    "Undertaking/declaration"
  ],
  "state": "Bihar",
  "mode": false,
  "sourceLink": "https://www.myscheme.gov.in/schemes/dpbbocwwb"
}