{
  "schemeName": "Distribution Of Tractor Unit Under CMSGUY",
  "eligibility": {
    "residence": "rural",
    "minAge": 0,
    "maxAge": 0,
    "gender": null,
    "casteCategory": "Any",
    "minIncome": 0,
    "maxIncome": 0,
    "disability": false,
    "minority": false,
    "maritalStatus": "Any"
  },
  "category": "agriculture",
  "applicationProcedure": [
    "The applicant needs to get the application form from the District Agriculture Officer and fill in all the mandatory fields of the scheme application form in a prescribed format.",
    "The DAO will present applications received from the farmer's groups before the DLC.",
    "The DLC will select one eligible group in each village having a deposit of at least 10% of the total price of the tractor unit in the bank account of the group in the branch concerned if bank finance is opted for.",
    "The Member Secretary will notify the names of the selected groups.",
    "The Bank branch will directly transfer the amount of subsidy to the group of beneficiary farmers' accounts on completion of the period of hypothecation."
  ],
  "documentsRequired": [
    "Aadhar Card of all members of the Group",
    "Residential Certificate of all members of the Group",
    "Identity Card of all members of the Group",
    "PAN Card of all members of the Group",
    "Voter ID Cards of all members of the Group",
    "Group’s Bank Account Passbook and Bank Statement",
    "KCC of Members (if any)",
    "Power of Attorney for Authorized Signatory in the form of an Affidavit",
    "Proof of Land Holding of all members of the Group",
    "Caste Certificate (if applicable) of all members of the Group"
  ],
  "state": "Assam",
  "mode": true,
  "sourceLink": "https://www.myscheme.gov.in/schemes/dtu-cmsguy"
}