{
  "schemeName": "Distance Education Scheme for Girls",
  "eligibility": {
    "residence": "rural",
    "minAge": 0,
    "maxAge": 0,
    "gender": false,
    "casteCategory": "Any",
    "minIncome": 0,
    "maxIncome": 0,
    "disability": false,
    "minority": false,
    "maritalStatus": "Any"
  },
  "category": "education",
  "applicationProcedure": [
    "Visit the official portal",
    "Click on the option 'Register'",
    "Choose either Jan Aadhaar or Google to process further",
    "Fill out all relevant details",
    "Submit"
  ],
  "documentsRequired": [
    "Identity proof",
    "Educational Qualification Certificate",
    "Jan Aadhaar Card",
    "Proof of Admission",
    "Fee Receipt",
    "Bank Account Details",
    "Passport-sized Photograph",
    "Income Certificate",
    "Caste Certificate, If applicable",
    "Domicile Certificate/Proof of residence in Rajasthan",
    "Non-judicial stamp of 100 Rupees"
  ],
  "state": "Rajasthan",
  "mode": false,
  "sourceLink": "https://www.myscheme.gov.in/schemes/desfg"
}