{
  "schemeName": "Dr. APJ Abdul Kalam Shramik Pravidhik Shiksha Sahaayata Yojana",
  "eligibility": {
    "residence": "rural",
    "minAge": 0,
    "maxAge": 0,
    "gender": null,
    "casteCategory": "Any",
    "minIncome": 0,
    "maxIncome": 15000,
    "disability": false,
    "minority": false,
    "maritalStatus": "Any"
  },
  "category": "education",
  "applicationProcedure": [
    "Access the official website of the Uttar Pradesh Labour Welfare Board",
    "Select the \"Shramik Application\" option from the homepage",
    "Register New User and fill out the registration form",
    "Log in to the portal and choose the relevant scholarship scheme",
    "Complete the application form, upload a recent photograph, and submit the application form",
    "Present the application form at the concerned educational institution and the factory/establishment for verification and endorsement",
    "Upload a scanned copy of the verified application form along with the required supporting documents"
  ],
  "documentsRequired": [
    "Verified copy of the online filled application form",
    "Photocopy of the passbook of the son/daughter or the worker",
    "Photocopy of the certificate of admission or studying in technical education"
  ],
  "state": "Uttar Pradesh",
  "mode": false,
  "sourceLink": "https://www.myscheme.gov.in/schemes/dapjsss"
}