{
  "schemeName": "Dr. Panjabrao Deshmukh Hostel Maintenance Allowance",
  "eligibility": {
    "residence": "rural",
    "minAge": 0,
    "maxAge": 0,
    "gender": null,
    "casteCategory": "Any",
    "minIncome": 0,
    "maxIncome": 800000,
    "disability": false,
    "minority": false,
    "maritalStatus": "Any"
  },
  "category": "education",
  "applicationProcedure": [
    "Go to https://mahadbt.maharashtra.gov.in/SchemeData/SchemeData?str=E9DDFA703C38E51AA5337B52CE309785",
    "Click on New Applicant Registration: Create account if you are a new candidate by entering name, mobile number and password",
    "Click on Applicant Login: Fill the details username and password",
    "Click on Find eligible scheme by entering details like religion, caste, annual income, department as Directorate of Medical Education Research and disability type and apply for Dr. Panjabrao Deshmukh Hostel Maintenance Allowance"
  ],
  "documentsRequired": [
    "Domicile Certificate",
    "HSC and SSC mark sheet",
    "Income certificate of Parents",
    "Previous year's mark sheet",
    "Affidavit",
    "Registered Labourers/aplabhudarak shetkari need to submit a proof letter approved from the tahsildar/Income certificate of Parents",
    "Aadhaar card",
    "Student's PAN card (optional)",
    "Father's PAN card",
    "Mother's PAN card (optional)"
  ],
  "state": "Maharashtra",
  "mode": false,
  "sourceLink": "https://www.myscheme.gov.in/schemes/drpdhma"
}