{
  "schemeName": "Economic Help To Sahariya Tribal Girl Students (Class 11 And 12)",
  "eligibility": {
    "residence": "rural",
    "minAge": 0,
    "maxAge": 0,
    "gender": false,
    "casteCategory": "ST",
    "minIncome": 0,
    "maxIncome": 0,
    "disability": false,
    "minority": false,
    "maritalStatus": "Any"
  },
  "category": "education",
  "applicationProcedure": [
    "Visit the official web portal",
    "Click on 'Online Portal For Tad Educational Incentive Schemes'",
    "Click on 'click here to apply online'",
    "Log in with SSO user and password or create one",
    "Click on the 'SCHOLARSHIP (CE, TAD, MINORITY)' App",
    "Select the 'STUDENT' button",
    "Select the appropriate scheme and click on 'Next'",
    "Fill out all required academic information and click on 'Submit'"
  ],
  "documentsRequired": [
    "Caste Certificate Copy",
    "Education Qualification Marksheet / Certificate Copy",
    "Aadhar Card Copy",
    "Jan Aadhar/Bhamashah Card Copy",
    "Income Certificate Copy"
  ],
  "state": "Rajasthan",
  "mode": false,
  "sourceLink": "https://www.myscheme.gov.in/schemes/ehstgs"
}