{
  "schemeName": "Educational Assistance (A.B.O.C.W.W.B)",
  "eligibility": {
    "residence": "urban and rural",
    "minAge": 0,
    "maxAge": 0,
    "gender": null,
    "casteCategory": "Any",
    "minIncome": 0,
    "maxIncome": 0,
    "disability": false,
    "minority": false,
    "maritalStatus": "Any"
  },
  "category": "education",
  "applicationProcedure": [
    "Step 01: To avail the benefits of the scheme, the eligible applicant may apply through the Official Portal.",
    "Step 02: On the home page of the portal, click on ‘Login Now’ and enter the Mobile Number or User ID.",
    "Step 03: The individual console of the applicant gets opened with various functions such as detail updating, Fees due, and benefits eligible.",
    "Step 04: Click on ‘Benefit’ and select the applicable scheme (Education Benefit) under the benefit and the portal redirects to an online application form specific to the scheme.",
    "Step 05: The applicant may fill up the application with all mandatory fields and upload the necessary documents.",
    "Step 06: The applicant submits the application form and a tracking/reference number is generated as a future reference for the applicant."
  ],
  "documentsRequired": [
    "ABOCWWB ID Card",
    "Applicant's Passport size Photograph",
    "Affidavit by the Parent",
    "Letter from the institute signed by the head of the Institute",
    "Attested copy of the pass certificate from the head of the Institution",
    "Attested copy of the marksheet of the exam",
    "Copy of Payslip of Account Paybook",
    "Caste Certificate (Other than General category)",
    "Attested Copy of Admission Slip",
    "Attested Copy of Certificate from the institute signed by the head of the Institute",
    "Any other relevant documents"
  ],
  "state": "Assam",
  "mode": false,
  "sourceLink": "https://abocwwb.assam.gov.in/"
}