{
  "schemeName": "Establishment of Regional Semen Production Laboratory and Semen Bank for sheep and goat",
  "eligibility": {
    "residence": "rural",
    "minAge": 0,
    "maxAge": 0,
    "gender": null,
    "casteCategory": "Any",
    "minIncome": 0,
    "maxIncome": 0,
    "disability": false,
    "minority": false,
    "maritalStatus": "Any"
  },
  "category": "agriculture",
  "applicationProcedure": [
    "Visit the Official Website of \"National Livestock Mission\" and click \"Apply Here\".",
    "Login to the website using your preferred method.",
    "Verify your Mobile Number via OTP.",
    "Fill in all the mandatory fields and upload all the mandatory documents in the specified format and size.",
    "Agree to the \"Declaration & Authorization\" by ticking the checkbox. Provide the Date & Place, and finally click \"Submit\"."
  ],
  "documentsRequired": [
    "Detailed project report (DPR)",
    "Land document (Ownership / Lease deed/ Rent Agreement etc.)",
    "Photographs of project site",
    "Documentary proof of applicant’s share in the project",
    "List of farmers linked/attached with applicant comprising Name, Aadhar Number, Mobile No. and Address",
    "PAN card",
    "GST registration certificate",
    "Certificate of Incorporation (In case of company)",
    "Partnership Deed (In case of partnership firm)",
    "Address Proof",
    "Last three years audited Annual financial statements, if applicable",
    "Last three years income tax returns, if applicable",
    "Bank statement for last six months",
    "Canceled cheque along with bank mandate form",
    "PAN Card",
    "Aadhar Card",
    "Address Proof",
    "Photograph",
    "Caste certificate, if applicable",
    "Education certificates",
    "Training certificates",
    "Experience letter/ certificate about any livestock farming activities done earlier"
  ],
  "state": "Any",
  "mode": true,
  "sourceLink": "https://www.myscheme.gov.in/schemes/ersplsbsg"
}