{
  "schemeName": "Exposure Visits To The Assam Legislative Assembly",
  "eligibility": {
    "residence": "rural",
    "minAge": 0,
    "maxAge": 0,
    "gender": null,
    "casteCategory": "Any",
    "minIncome": 0,
    "maxIncome": 0,
    "disability": false,
    "minority": false,
    "maritalStatus": "Any"
  },
  "category": "education",
  "applicationProcedure": [
    "The selection of educational institutions and students is done in consultation with the respective District Collectors (DCs)/Inspectors of Schools.",
    "Invitations are issued to the Heads of educational institutions with due approval from the Hon'ble Minister, Parliamentary Affairs.",
    "Recommendations from dignitaries like the Hon'ble CM, Ministers, Speaker, Dy. Speaker, MLAs, MPs, etc., are considered for extending invitations.",
    "The participating institutions inform the students about the visit and the code of conduct to be followed."
  ],
  "documentsRequired": [
    "Identity cards of participating students.",
    "List of participating students provided to the Assembly Secretariat for the issuance of passes.",
    "Brief write-up (not exceeding one page per student) summarizing their experience and feedback within a week."
  ],
  "state": "Assam",
  "mode": true,
  "sourceLink": "https://www.myscheme.gov.in/schemes/evtala"
}