{
  "schemeName": "Family Pension (BBOCWWB)",
  "eligibility": {
    "residence": "rural",
    "minAge": 0,
    "maxAge": 0,
    "gender": null,
    "casteCategory": "Any",
    "minIncome": 0,
    "maxIncome": 0,
    "disability": false,
    "minority": false,
    "maritalStatus": "Any"
  },
  "category": "health and wellness",
  "applicationProcedure": [
    "Visit the Official Website of the Bihar Building and Other Construction Workers Welfare Board",
    "Click on Scheme Application and select Apply for Scheme",
    "Enter your registration number and click Show to view your details",
    "Select the scheme you intend to apply for, enter all mandatory information and upload the necessary documents in the specified format and size",
    "Click on Submit Application to complete the process"
  ],
  "documentsRequired": [
    "Identity Proof i.e. Aadhaar Card, Voter Card",
    "Bank Account Details",
    "Proof of age at the time of Registration",
    "Death certificate of worker",
    "Nominee/legal Heir Certificate",
    "Identity Card of the Registered Worker",
    "Proof of Membership",
    "Any Other Documents as Required"
  ],
  "state": "Bihar",
  "mode": false,
  "sourceLink": "https://www.myscheme.gov.in/schemes/fpbbocwwb"
}