{
  "schemeName": "Farm Pond (Khet Talai) Nirman Karyakram",
  "eligibility": {
    "residence": "rural",
    "minAge": 0,
    "maxAge": 0,
    "gender": null,
    "casteCategory": "Any",
    "minIncome": 0,
    "maxIncome": 0,
    "disability": false,
    "minority": false,
    "maritalStatus": "Any"
  },
  "category": "agriculture",
  "applicationProcedure": [
    "Visit the official portal",
    "Register using Jan Aadhaar or Google",
    "Login to the dashboard",
    "Click on RAJ-KISAN option",
    "Enter Bhamashah Family ID and search",
    "Select person name and scheme name",
    "Complete Aadhaar Authentication",
    "Provide required details",
    "Upload documents",
    "Submit"
  ],
  "documentsRequired": [
    "Aadhar Card",
    "Bank Passbook",
    "Land Proof"
  ],
  "state": "Rajasthan",
  "mode": false,
  "sourceLink": "https://www.myscheme.gov.in/schemes/fpktnk"
}