{
  "schemeName": "Fasal Pradarshan",
  "eligibility": {
    "residence": "rural",
    "minAge": 0,
    "maxAge": 0,
    "gender": null,
    "casteCategory": "Any",
    "minIncome": 0,
    "maxIncome": 0,
    "disability": false,
    "minority": false,
    "maritalStatus": "Any"
  },
  "category": "agriculture",
  "applicationProcedure": [
    "Visit the Sarpanch of Gram Panchayat and other elected public representatives to collect the application forms",
    "Complete the application forms with accurate details",
    "Submit the filled-out application forms to the Agriculture Supervisor",
    "Await the selection process",
    "Participate in a lottery selection process"
  ],
  "documentsRequired": [
    "Identity proof (Aadhaar Card, Voter ID Card)",
    "Passport Size Photograph",
    "Residence proof",
    "Mobile number",
    "Land Document"
  ],
  "state": "Rajasthan",
  "mode": true,
  "sourceLink": "https://www.myscheme.gov.in/schemes/fp"
}