{
  "schemeName": "Fee Reimbursement Scheme",
  "eligibility": {
    "residence": "rural",
    "minAge": 0,
    "maxAge": 0,
    "gender": null,
    "casteCategory": "OBC",
    "minIncome": 0,
    "maxIncome": 200000,
    "disability": false,
    "minority": false,
    "maritalStatus": "Any"
  },
  "category": "education",
  "applicationProcedure": [
    "Visit the official website https://scholarship.up.gov.in",
    "Click on the Option available in Student Section (by OBC students).",
    "Start the registration by providing the Aadhaar number.",
    "Then, fill out the application form.",
    "Take the printout of the filled application form.",
    "Deposit prints out along with all enclosures in the educational institute."
  ],
  "documentsRequired": [
    "Aadhaar",
    "Caste Certificate.",
    "Previous course certificate",
    "Applicant photograph.",
    "Annual Income certificate."
  ],
  "state": "Uttar Pradesh",
  "mode": false,
  "sourceLink": "https://www.myscheme.gov.in/schemes/frs"
}