{
  "schemeName": "Film Finance Scheme",
  "eligibility": {
    "residence": "rural",
    "minAge": 0,
    "maxAge": 0,
    "gender": null,
    "casteCategory": "Any",
    "minIncome": 0,
    "maxIncome": 0,
    "disability": false,
    "minority": false,
    "maritalStatus": "Any"
  },
  "category": "travel tourism",
  "applicationProcedure": [
    "Download the application form from the official website",
    "Fill in the required details accurately and completely",
    "Attach supporting documents",
    "Submit the application by visiting the designated government office"
  ],
  "documentsRequired": [
    "Application form",
    "Project proposal",
    "Script",
    "Budget plan",
    "Financial statements",
    "Production schedule",
    "Director/Producer's profile",
    "Legal agreements",
    "Bank account details"
  ],
  "state": "Assam",
  "mode": true,
  "sourceLink": "https://www.myscheme.gov.in/schemes/fss"
}