{
  "schemeName": "Financial Assistance For Aids And Appliances For Disabled Persons",
  "eligibility": {
    "residence": "rural",
    "minAge": 0,
    "maxAge": 0,
    "gender": null,
    "casteCategory": "Any",
    "minIncome": 0,
    "maxIncome": 2000,
    "disability": true,
    "minority": false,
    "maritalStatus": "Any"
  },
  "category": "health and wellness",
  "applicationProcedure": [
    "Visit the District Social Welfare Office and request a hard copy of the format of the application form",
    "Fill in all the mandatory fields, paste the passport-sized photograph, and attach all the mandatory documents",
    "Submit the duly filled and signed application form along with the documents to the Assistant Commissioner, District Social Welfare Office",
    "Acquire the receipt/acknowledgment of the successful submission of the application form"
  ],
  "documentsRequired": [
    "Aadhaar Card",
    "Proof of Age",
    "2-Passport Sized Photograph",
    "Residential Certificate / Domicile Certificate of the State of Maharashtra",
    "Disability Certificate",
    "Details of the Bank Account"
  ],
  "state": "Maharashtra",
  "mode": true,
  "sourceLink": "https://www.myscheme.gov.in/schemes/faaadp"
}