{
  "schemeName": "Financial assistance to Meritorious Scheduled Tribe Students who have Passed First Division from Board and University",
  "eligibility": {
    "residence": "rural",
    "minAge": 0,
    "maxAge": 0,
    "gender": null,
    "casteCategory": "ST",
    "minIncome": 0,
    "maxIncome": 0,
    "disability": false,
    "minority": false,
    "maritalStatus": "Any"
  },
  "category": "education",
  "applicationProcedure": [
    "The applicant should gather copies of the necessary documents needed to apply for the concerned scheme.",
    "The applicant should visit the nearest E-Mitra Center and complete the Biometric Verification Process.",
    "The applicant should ensure that the E-Mitra Center agent completes all mandatory fields in the application form and uploads copies of all required documents.",
    "Request a receipt or acknowledgment from the concerned authority to whom the application has been submitted. Ensure that the receipt contains essential details such as the date and time of submission, and a unique identification number (if applicable)."
  ],
  "documentsRequired": [
    "Income Self-Declaration Form (certified by a competent authority, stating that the parents/guardians/caretakers of the students above the poverty line are not income tax payers)",
    "Marksheet Copy (previous class)",
    "Fee Receipt (from the educational institution)",
    "Jan Aadhaar Card",
    "Aadhaar Card",
    "Caste Certificate",
    "Bank Details",
    "Academic Records",
    "Domicile Certificate/Residence proof",
    "Any other documents if required"
  ],
  "state": "Rajasthan",
  "mode": false,
  "sourceLink": "https://www.myscheme.gov.in/schemes/bufdstmsfa"
}