{
  "schemeName": "Financial Assistance To Disabled For Self Employment",
  "eligibility": {
    "residence": "rural",
    "minAge": 18,
    "maxAge": 50,
    "gender": null,
    "casteCategory": "Any",
    "minIncome": 0,
    "maxIncome": 100000,
    "disability": true,
    "minority": false,
    "maritalStatus": "Any"
  },
  "category": "health and wellness",
  "applicationProcedure": [
    "Visit the District Social Welfare Office and request a hard copy of the format of the application form for the scheme",
    "Fill in all the mandatory fields, paste the passport-sized photograph (signed across), and attach all the (self-attested) mandatory documents",
    "Submit the duly filled and signed application form along with the documents to the Assistant Commissioner, District Social Welfare Office",
    "Acquire the receipt/acknowledgment of the successful submission of the application form from the District Social Welfare Office"
  ],
  "documentsRequired": [
    "Aadhaar Card",
    "Proof of Age (Birth Certificate, Marksheet of Class 10th/12th, etc)",
    "2-Passport Sized Photograph (Signed Across)",
    "Residential Certificate / Domicile Certificate of the State of Maharashtra",
    "Disability Certificate",
    "Income Certificate",
    "Details of the Bank Account (Bank Name, Branch Name, Address, IFSC, etc)"
  ],
  "state": "Maharashtra",
  "mode": true,
  "sourceLink": "https://www.myscheme.gov.in/schemes/fadse"
}