{
  "schemeName": "Financial Assistance to Former Sports Person of UP",
  "eligibility": {
    "residence": "rural",
    "minAge": 0,
    "maxAge": 0,
    "gender": null,
    "casteCategory": "Any",
    "minIncome": 0,
    "maxIncome": 10000,
    "disability": false,
    "minority": false,
    "maritalStatus": "Any"
  },
  "category": "sports",
  "applicationProcedure": [
    "Download the application form from the official website",
    "Fill out the application form completely",
    "Submit the duly filled application form along with necessary supporting documents to the respective sports officer of the concerned district"
  ],
  "documentsRequired": [
    "Identity proof",
    "Proof of age (Birth certificate)",
    "Income certificate",
    "Domicile certificate",
    "Disability Certificate (if applicable)",
    "Details of Sports competition/Championships of State, National & International importance covered by the applicant",
    "Any other relevant documents"
  ],
  "state": "Uttar Pradesh",
  "mode": true,
  "sourceLink": "https://www.myscheme.gov.in/schemes/fafspup"
}