{
  "schemeName": "Financial Assistance to Newlyweds under Kanyadan Yojana (Vijabhaj)",
  "eligibility": {
    "residence": "Maharashtra",
    "minAge": 18,
    "maxAge": 0,
    "gender": null,
    "casteCategory": "SC",
    "minIncome": 0,
    "maxIncome": 0,
    "disability": false,
    "minority": false,
    "maritalStatus": "Unmarried or Widow"
  },
  "category": "Women and Child",
  "applicationProcedure": [
    "Visit the District Social Welfare Office",
    "Fill the application form",
    "Attach mandatory documents",
    "Submit the application form"
  ],
  "documentsRequired": [
    "Identity Proof",
    "Passport-size Photograph",
    "Proof of Residence",
    "Ration Card",
    "Bank Account Details",
    "Proof of Age",
    "Marriage Certificate",
    "Caste certificate",
    "Affidavit"
  ],
  "state": "Maharashtra",
  "mode": true,
  "sourceLink": "https://www.myscheme.gov.in/schemes/fatnukyv"
}