{
  "schemeName": "Financial Grants In Aid To SC/ST Patients Suffering From Cancer And Other Malignant Diseases",
  "eligibility": {
    "residence": "rural",
    "minAge": 0,
    "maxAge": 0,
    "gender": null,
    "casteCategory": "SC/ST",
    "minIncome": 0,
    "maxIncome": 0,
    "disability": false,
    "minority": false,
    "maritalStatus": "Any"
  },
  "category": "health and wellness",
  "applicationProcedure": [
    "Advertisement shall be made in leading widely circulated newspapers inviting applications from SC/ST Persons Suffering from Cancer or other malignant diseases seeking lump-sum financial assistance in the form of grants in Aid, through Sub-divisional Welfare Offices / ITDPs or directly to the Directorate of Welfare of Scheduled Castes, Assam/Directorate of Welfare of Plain Tribe and Backward Classes, Assam.",
    "Applicants should apply as per the criteria sought in advertisements circulated in Newspapers.",
    "A Scrutiny Committee shall be constituted by the Director of Welfare of SC, Assam /Director of Welfare of Plain Tribe and Backward Classes, Assam which will scrutinize the documents submitted by the applicants and submits its findings in a report to the Selection Committee within a week.",
    "The Selection Committee will look into the report submitted by the Scrutiny Committee."
  ],
  "documentsRequired": [
    "Caste Certificate in prescribed Performa of applicant suffering from Cancer or other malignant diseases issued by the concerned authority.",
    "Medical certificate of the applicant and relevant documents.",
    "Passport size Photograph of the applicant.",
    "Bank Account No. along with IFSC of the applicant.(copy of Front Page of Bank Pass Book )",
    "Caste Certificate",
    "Bills of medical expenses.",
    "Income certificate"
  ],
  "state": "Assam",
  "mode": true,
  "sourceLink": "https://www.myscheme.gov.in/schemes/grants-in-aid-to-scst-patients"
}