{
  "schemeName": "Financial Assistance for Girl Child Attend Her Age of 18",
  "eligibility": {
    "residence": "rural",
    "minAge": 0,
    "maxAge": 0,
    "gender": false,
    "casteCategory": "Any",
    "minIncome": 0,
    "maxIncome": 0,
    "disability": false,
    "minority": false,
    "maritalStatus": "Any"
  },
  "category": "women and child",
  "applicationProcedure": [
    "Download the application form from the MBOCWW official website",
    "Fill in all the mandatory fields and attach copies of all the mandatory documents",
    "Submit the duly filled and signed application form along with the documents to the Labor Commissioner/Government Labor Officer",
    "Request a receipt or acknowledgment from the concerned authority"
  ],
  "documentsRequired": [
    "Passport-size Photo",
    "Aadhaar Card",
    "Identity Card of Maharashtra Building and Other Construction Workers Welfare Board",
    "Bank Passbook",
    "Certificate of Family Planning Strategy",
    "Affidavit Proof of applicant not having more than one daughter",
    "Proof of Residence"
  ],
  "state": "Maharashtra",
  "mode": true,
  "sourceLink": "https://www.myscheme.gov.in/schemes/fagcaha18"
}