{
  "schemeName": "Free Scooty Distribution for Girls (GEN-CATEGAORY-EWS)",
  "eligibility": {
    "residence": "rural",
    "minAge": 0,
    "maxAge": 0,
    "gender": false,
    "casteCategory": "General",
    "minIncome": 0,
    "maxIncome": 250000,
    "disability": false,
    "minority": false,
    "maritalStatus": "Any"
  },
  "category": "education",
  "applicationProcedure": [
    "The interested applicant visits the official website and clicks on the application form to download it.",
    "In the application form, fill in all the mandatory fields and attach copies of all the mandatory documents (self-attested, if required).",
    "Submit the duly filled and signed application form along with the documents to the respective school where the education is completed."
  ],
  "documentsRequired": [
    "Passport-size Photo",
    "Birth Certificate",
    "Domicile Certificate",
    "10th Marksheet",
    "12th Marksheet",
    "Caste Certificate/EWS Certificate",
    "Income Certificate Copy",
    "Jan Aadhar/Bhamashah Card Copy"
  ],
  "state": "Rajasthan",
  "mode": true,
  "sourceLink": "https://www.myscheme.gov.in/schemes/fsdfg"
}