{
  "schemeName": "Free Motorized Tricycle Scheme for Persons with Disabilities",
  "eligibility": {
    "residence": "rural",
    "minAge": 16,
    "maxAge": 0,
    "gender": null,
    "casteCategory": "Any",
    "minIncome": 0,
    "maxIncome": 150000,
    "disability": true,
    "minority": false,
    "maritalStatus": "Any"
  },
  "category": "health and wellness",
  "applicationProcedure": [
    "Visit the official portal",
    "Click to 'Apply online' option and give the consent after reading the instruction",
    "Provide basic details, address, caste, occupation, and other required information",
    "Upload required documents",
    "Submit the application"
  ],
  "documentsRequired": [
    "Passport-size photograph",
    "Disability Certificate",
    "Domicile Certificate",
    "Income Certificate",
    "Aadhaar Card",
    "Caste Certificate",
    "Educational certificate (for students)"
  ],
  "state": "Uttar Pradesh",
  "mode": false,
  "sourceLink": "https://www.myscheme.gov.in/schemes/fmtsfpwd"
}