{
  "schemeName": "Funeral Assistance (A.B.O.C.W.W.B)",
  "eligibility": {
    "residence": "urban and rural",
    "minAge": 0,
    "maxAge": 0,
    "gender": null,
    "casteCategory": "Any",
    "minIncome": 0,
    "maxIncome": 0,
    "disability": false,
    "minority": false,
    "maritalStatus": "Any"
  },
  "category": "health and wellness",
  "applicationProcedure": [
    "Step 01: The eligible applicants may apply through the portal.",
    "Step 02: The eligible applicants may login in through ID No./registered phone number.",
    "Step 03: The individual console of the applicant gets opened with various functions such as detail updating, Fees due, and benefits eligible.",
    "Step 04: Click on ‘Benefit’ and select the applicable scheme (Death Benefit) under the benefit and the portal redirects to an online application form specific to the scheme.",
    "Step 05: The applicant may fill up the application with all mandatory fields and upload the necessary documents.",
    "Step 06: The applicant submits the application form and a tracking/reference number is generated as a future reference for the applicant."
  ],
  "documentsRequired": [
    "ABOCWWB ID Card of the deceased worker",
    "Applicant's Photo",
    "Signature of the Applicant",
    "Attested Copy of ID Card of the Deceased Worker",
    "Death Certificate Issued by Government Doctor/Appropriate Authority",
    "Succession Certificate",
    "Certificate of Guardianship with consent from the other family members and minor nominee",
    "Copy of Payslip of Account Paybook",
    "Caste Certificate (Other than General category)",
    "Applicant's Identification Certificate from the Government Gaonburah and Village Panchayat Officer",
    "Loan Recovery Documents, if any",
    "Age Proof Certificate for minor",
    "Bank account details",
    "Any other related documents"
  ],
  "state": "Assam",
  "mode": false,
  "sourceLink": "https://abocwwb.assam.gov.in/"
}