{
  "schemeName": "Gadiya Lohar Maharana Pratap Bhawan Nirman Yojana",
  "eligibility": {
    "residence": "rural",
    "minAge": 0,
    "maxAge": 0,
    "gender": null,
    "casteCategory": "Gadiya Lohar",
    "minIncome": 0,
    "maxIncome": 0,
    "disability": false,
    "minority": false,
    "maritalStatus": "Any"
  },
  "category": "Housing",
  "applicationProcedure": [
    "Visit the District Social Welfare Office and request a hard copy of the prescribed format of the application form",
    "Fill in all the mandatory fields and attach copies of all the mandatory documents",
    "Submit the duly filled and signed application form along with the documents to the District Social Welfare Office",
    "Request a receipt or acknowledgment from the District Social Welfare Office"
  ],
  "documentsRequired": [
    "Identity proof",
    "Caste Certificate",
    "Proof of Land Ownership",
    "Domicile Certificate",
    "Bank account details",
    "Declaration on a ₹10 non-judicial stamp paper",
    "Construction Progress Report",
    "Utilization Certificate"
  ],
  "state": "Rajasthan",
  "mode": true,
  "sourceLink": "https://www.myscheme.gov.in/schemes/glbngs"
}