{
  "schemeName": "Galvanizing Organic Bio-Agro Resources Dhan (GOBARdhan)",
  "eligibility": {
    "residence": "rural",
    "minAge": 0,
    "maxAge": 0,
    "gender": null,
    "casteCategory": "Any",
    "minIncome": 0,
    "maxIncome": 0,
    "disability": false,
    "minority": false,
    "maritalStatus": "Any"
  },
  "category": "agriculture",
  "applicationProcedure": [
    "The Gram Panchayat will identify the beneficiaries with the support of SHGs/FPOs/milk cooperatives/milk unions/ private entrepreneurs/CBOs developed under DAY-NRLM/agencies selected or empanelled by States/Districts/BDTCs etc.",
    "The project plan document will be prepared with the support of identified/empanelled agencies/ BDTCs etc.",
    "Approval for administrative and technical proposals will be sought from competent authorities. O&M plan should also be part of the project proposal."
  ],
  "documentsRequired": [
    "Aadhaar Card",
    "Corporate Identification Number (CIN)/ Registration Number",
    "Permanent Account Number (PAN)",
    "Goods and Services Tax Identification Number (GSTN)",
    "Plant/Project Details",
    "Financial Statement"
  ],
  "state": "Any",
  "mode": true,
  "sourceLink": "https://www.myscheme.gov.in/schemes/gobardhan"
}