{
  "schemeName": "Gambhir Bimari Sahayata Yojana",
  "eligibility": {
    "residence": "rural",
    "minAge": 0,
    "maxAge": 0,
    "gender": null,
    "casteCategory": "Any",
    "minIncome": 0,
    "maxIncome": 0,
    "disability": false,
    "minority": false,
    "maritalStatus": "Any"
  },
  "category": "health and wellness",
  "applicationProcedure": [
    "Offline",
    "Online"
  ],
  "documentsRequired": [
    "Copy of construction worker registration card",
    "Copy of Aadhar Card",
    "Copy of bank passbook for account number, branch name and IFSC code",
    "Disease related Details",
    "Doctor's certificate on format",
    "Medicines original bill",
    "Certificate of being an unmarried daughter or a daughter below 21 years of age"
  ],
  "state": "Uttar Pradesh",
  "mode": true,
  "sourceLink": "https://www.myscheme.gov.in/schemes/gbsy"
}