{
  "schemeName": "Ganesh Shankar Vidyaarthi Shramik Puraskar Rashi Yojana",
  "eligibility": {
    "residence": "rural",
    "minAge": 0,
    "maxAge": 0,
    "gender": null,
    "casteCategory": "Any",
    "minIncome": 0,
    "maxIncome": 15000,
    "disability": false,
    "minority": false,
    "maritalStatus": "Any"
  },
  "category": "education",
  "applicationProcedure": [
    "Access the official website of the Uttar Pradesh Labour Welfare Board",
    "Select the \"Shramik Application\" option from the homepage",
    "Register New User and fill out the registration form",
    "Log in to the portal and choose the relevant scholarship scheme",
    "Complete the application form, upload a recent photograph, and submit the application",
    "Obtain a printed copy of the duly submitted application form",
    "Present the application form at the concerned educational institution and the factory/establishment for verification and endorsement",
    "Upload a scanned copy of the verified application form along with the required supporting documents"
  ],
  "documentsRequired": [
    "Attested photocopy of the online filled application form",
    "Read photocopy of bank passbook of son/daughter or worker",
    "Marksheet of High School / Intermediate / Graduation / Masters"
  ],
  "state": "Uttar Pradesh",
  "mode": false,
  "sourceLink": "https://www.myscheme.gov.in/schemes/gsvsps"
}