{
  "schemeName": "Gargi Puruskar Yojana",
  "eligibility": {
    "residence": "rural",
    "minAge": 0,
    "maxAge": 0,
    "gender": false,
    "casteCategory": "Any",
    "minIncome": 0,
    "maxIncome": 0,
    "disability": false,
    "minority": false,
    "maritalStatus": "Any"
  },
  "category": "education",
  "applicationProcedure": [
    "Online",
    "Scholarship Application online through School Principal on Shaladarpan Portal.",
    "Click on \"Balika Shiksha Protsahan\" or click here.",
    "Select the scheme and click on apply button.",
    "Now select the scheme name.",
    "Fill out the required details and process further."
  ],
  "documentsRequired": [
    "Education Qualification Marksheet / Certificate Copy.",
    "Aadhar Card Copy.",
    "Bank Passbook Copy.",
    "Jan Aadhar/Bhamashah Card Copy."
  ],
  "state": "Any",
  "mode": false,
  "sourceLink": "https://www.myscheme.gov.in/schemes/gpy"
}