{
  "schemeName": "Gaushala Vikas Yojana",
  "eligibility": {
    "residence": "rural",
    "minAge": 0,
    "maxAge": 0,
    "gender": null,
    "casteCategory": "Any",
    "minIncome": 0,
    "maxIncome": 0,
    "disability": false,
    "minority": false,
    "maritalStatus": "Any"
  },
  "category": "Animal Husbandry",
  "applicationProcedure": [
    "Visit the official website",
    "Download the application form",
    "Fill in all the details",
    "Submit the application form along with the required documents to the Directorate of Gopalan",
    "Await verification and approval from the concerned authority"
  ],
  "documentsRequired": [
    "Estimate approved by competent level for getting the construction work done",
    "Copy of Registration number and date under the Rajasthan Societies Registration Act, 1958, or Rajasthan Gaushala Act, 1960",
    "Name, branch, address, account number, and IFSC code number of the Gaushala (verified by the bank)"
  ],
  "state": "Rajasthan",
  "mode": true,
  "sourceLink": "https://www.myscheme.gov.in/schemes/gvyr"
}