{
  "schemeName": "General Pre Matric Scholarship-Uttar Pradesh",
  "eligibility": {
    "residence": "Uttar Pradesh",
    "minAge": 12,
    "maxAge": 20,
    "gender": null,
    "casteCategory": "General",
    "minIncome": 0,
    "maxIncome": 250000,
    "disability": false,
    "minority": false,
    "maritalStatus": "Any"
  },
  "category": "education",
  "applicationProcedure": [
    "Visit the official website",
    "Click Registration under Student option",
    "Select the option among the following",
    "Provide the required information for registration and click on submit",
    "Note down the registration number from the screen",
    "Login with registration number, mobile number and password",
    "Complete the DigiLocker verification",
    "Fill out the application form",
    "Upload required documents",
    "Complete NPCI verification",
    "Download the application form",
    "Submit the application form to the institute with all required documents"
  ],
  "documentsRequired": [
    "Mark sheet of your last qualifying examination",
    "Income certificate of your family",
    "Bank passbook photocopy",
    "Fee receipt number (if applicable)",
    "Enrollment number",
    "Aadhar card number",
    "Latest passport-sized photograph"
  ],
  "state": "Uttar Pradesh",
  "mode": false,
  "sourceLink": "https://www.myscheme.gov.in/schemes/gpmsup"
}