{
  "schemeName": "Gopinath Munde Shetkari Apghat Suraksha Sanugrah Audhan Yojana",
  "eligibility": {
    "residence": "rural",
    "minAge": 10,
    "maxAge": 75,
    "gender": null,
    "casteCategory": "Any",
    "minIncome": 0,
    "maxIncome": 0,
    "disability": false,
    "minority": false,
    "maritalStatus": "Any"
  },
  "category": "agriculture",
  "applicationProcedure": [
    "Concern accident farmer / heir of the farmer should submit complete claim proposal with all the prescribed documents to the concerned Taluka Agriculture Officer within 30 days.",
    "After receiving preliminary information about the accident victim, a team of concerned revenue officer, police officer, taluka agriculture officer should visit and submit the report to Tehsildar within 8 days from the occurrence of the incident.",
    "The Taluka Agriculture Officer should scrutinize the claim proposals received and submit the eligible claim proposals to the concerned Tehsildar.",
    "In the committee meeting under the chairmanship of Tehsildar, a decision will be taken within 30 days to provide assistance to the farmers / heirs of the farmer family and after that the funds will be paid through ECS to the bank account of the accident affected farmers / heirs through the concerned Taluka Agriculture Officer."
  ],
  "documentsRequired": [
    "Person registered as farmer in Maharashtra as evidenced by 7/12 extract.",
    "Village form No. 6 – D (Fer-far).",
    "Village form No. 6 – C.",
    "Age proof evidence by birth certificate or School leaving certificate, etc",
    "Death certificate",
    "First Investigation Report (FIR)",
    "Inquest Report / Panchnama",
    "Post-Mortem Report / Panchnama",
    "Viscera Report",
    "Dis-ability Certificate"
  ],
  "state": "Maharashtra",
  "mode": true,
  "sourceLink": "https://www.myscheme.gov.in/schemes/gopinath-munde-shetkari-apghat-suraksha-sanugrah-audhan-yojana"
}