{
  "schemeName": "Grant for Purchase of Tools (BBOCWWB)",
  "eligibility": {
    "residence": "rural",
    "minAge": 0,
    "maxAge": 0,
    "gender": null,
    "casteCategory": "Any",
    "minIncome": 0,
    "maxIncome": 0,
    "disability": false,
    "minority": false,
    "maritalStatus": "Any"
  },
  "category": "Other",
  "applicationProcedure": [
    "Visit the Official Website of the Bihar Building and Other Construction Workers Welfare Board",
    "Click on \"Labour Registration\"",
    "Apply for New Registration",
    "Enter Aadhar card number and name, then click \"Authenticate\"",
    "Enter all required details and pay the application fee online",
    "Visit the Official Website and click on \"Scheme Application\"",
    "Select \"Apply for Scheme\" and enter registration number",
    "Select the scheme, enter required information and upload necessary documents",
    "Click on \"Submit Application\""
  ],
  "documentsRequired": [
    "Aadhaar Card",
    "Passport-size photograph",
    "Skill-upgradation training certificate",
    "Proof of residence",
    "Ration card",
    "Bank account details/copy of bank passbook",
    "Caste Certificate (If applicable)",
    "Undertaking/declaration"
  ],
  "state": "Bihar",
  "mode": false,
  "sourceLink": "https://www.myscheme.gov.in/schemes/gptbbocwwb"
}