{
  "schemeName": "Grant for the Repair of House (BBOCWWB)",
  "eligibility": {
    "residence": "Any",
    "minAge": 0,
    "maxAge": 0,
    "gender": null,
    "casteCategory": "Any",
    "minIncome": 0,
    "maxIncome": 0,
    "disability": false,
    "minority": false,
    "maritalStatus": "Any"
  },
  "category": "Housing",
  "applicationProcedure": [
    "Visit the Official Website of the Bihar Building and Other Construction Workers Welfare Board",
    "Click on 'Labour Registration' and apply for new registration if not already registered",
    "Enter required details and pay application fee online",
    "Visit the Official Website and click on 'Scheme Application' to apply for scheme benefits",
    "Enter registration number, select scheme, enter required information, and upload necessary documents"
  ],
  "documentsRequired": [
    "Aadhaar Card",
    "Photo of the house being repaired with registered construction worker",
    "LPC issued by the Circle Officer as ownership certificate of the land",
    "Current receipt of the land",
    "Proof of residence",
    "Ration card",
    "Bank account details/copy of bank passbook",
    "Caste Certificate (If applicable)",
    "Undertaking/declaration"
  ],
  "state": "Bihar",
  "mode": false,
  "sourceLink": "https://www.myscheme.gov.in/schemes/grhbbocwwb"
}