{
  "schemeName": "Grant for Purchase of Bicycle (BBOCWWB)",
  "eligibility": {
    "residence": "Any",
    "minAge": 0,
    "maxAge": 0,
    "gender": null,
    "casteCategory": "Any",
    "minIncome": 0,
    "maxIncome": 0,
    "disability": false,
    "minority": false,
    "maritalStatus": "Any"
  },
  "category": "Other",
  "applicationProcedure": [
    "Visit the Official Website of the Bihar Building and Other Construction Workers Welfare Board",
    "Click on \"Labour Registration\"",
    "Apply for New Registration",
    "Enter Aadhar card number and name, then click \"Authenticate\"",
    "Enter all required details and pay the application fee online",
    "Apply for Scheme Benefits",
    "Select the scheme and enter required information and upload necessary documents"
  ],
  "documentsRequired": [
    "Aadhaar Card",
    "Photo of construction worker's bicycle with BOCW Board Name Plate",
    "Receipt of bicycle purchased (GST Voucher)",
    "Proof of residence",
    "Ration card",
    "Bank account details/copy of bank passbook",
    "Caste Certificate (If applicable)",
    "Undertaking/declaration"
  ],
  "state": "Bihar",
  "mode": false,
  "sourceLink": "https://www.myscheme.gov.in/schemes/gpbbbocwwb"
}