{
  "schemeName": "Grants In Aid To SC/ST Patients Suffering From Cancer And Other Malignant Diseases",
  "eligibility": {
    "residence": "rural",
    "minAge": 0,
    "maxAge": 0,
    "gender": null,
    "casteCategory": "SC/ST",
    "minIncome": 0,
    "maxIncome": 0,
    "disability": false,
    "minority": false,
    "maritalStatus": "Any"
  },
  "category": "health and wellness",
  "applicationProcedure": [
    "Collect your application form from the concerned department.",
    "Attach all the required documents and submit the form."
  ],
  "documentsRequired": [
    "Caste Certificate in prescribed Performa of applicant suffering from Cancer or other malignant diseases issued by the concerned authority.",
    "Medical certificate of the applicant and relevant documents.",
    "Passport size Photograph of the applicant",
    "Bank Account No. along with IFSC of the applicant.(copy of Front Page of Bank Pass Book )"
  ],
  "state": "Assam",
  "mode": true,
  "sourceLink": "https://www.myscheme.gov.in/schemes/gascstpsfcad"
}