{
  "schemeName": "Grant In Aid To Old Age Home",
  "eligibility": {
    "residence": "rural",
    "minAge": 55,
    "maxAge": 0,
    "gender": null,
    "casteCategory": "Any",
    "minIncome": 0,
    "maxIncome": 0,
    "disability": true,
    "minority": false,
    "maritalStatus": "Any"
  },
  "category": "health and wellness",
  "applicationProcedure": [
    "Visit the District Social Welfare Office, and request a hard copy of the format of the application form for the scheme from the concerned authority.",
    "Fill in all the mandatory fields, paste the passport-sized photograph (signed across), and attach all the (self-attested) mandatory documents.",
    "Submit the duly filled and signed application form along with the documents to the Assistant Commissioner, District Social Welfare Office.",
    "Acquire the receipt/acknowledgment of the successful submission of the application form from the District Social Welfare Office."
  ],
  "documentsRequired": [
    "Aadhaar Card",
    "2-Passport Sized Photograph (Signed Across)",
    "Residential Certificate / Domicile Certificate of the State of Maharashtra",
    "Details of the Bank Account (Bank Name, Branch Name, Address, IFSC, etc)",
    "Proof of Age (Birth Certificate, etc)"
  ],
  "state": "Maharashtra",
  "mode": true,
  "sourceLink": "https://www.myscheme.gov.in/schemes/gaoah"
}