{
  "schemeName": "Green House",
  "eligibility": {
    "residence": "rural",
    "minAge": 0,
    "maxAge": 0,
    "gender": null,
    "casteCategory": "Any",
    "minIncome": 0,
    "maxIncome": 0,
    "disability": false,
    "minority": false,
    "maritalStatus": "Any"
  },
  "category": "agriculture",
  "applicationProcedure": [
    "Online Registration",
    "Login to the portal",
    "Click on RAJ-KISAN option",
    "Enter Bhamashah ID or Janaadhaar ID and search",
    "Select person name and scheme name",
    "Complete Aadhaar Authentication",
    "Provide required details",
    "Upload documents",
    "Submit"
  ],
  "documentsRequired": [
    "Jamabandi copy",
    "Aadhaar card / Janadhar card",
    "Soil and water test report",
    "Quotation from the approved firm",
    "Proof of irrigation source grants to small, marginal",
    "Scheduled caste and scheduled tribe farmers' certificates"
  ],
  "state": "Rajasthan",
  "mode": false,
  "sourceLink": "https://www.myscheme.gov.in/schemes/gh"
}