{
  "schemeName": "Group Supply Of Goats And Sheep",
  "eligibility": {
    "residence": "rural",
    "minAge": 0,
    "maxAge": 0,
    "gender": null,
    "casteCategory": "ST",
    "minIncome": 0,
    "maxIncome": 0,
    "disability": false,
    "minority": false,
    "maritalStatus": "Any"
  },
  "category": "agriculture",
  "applicationProcedure": [
    "Connect with Group Development Officer, Group Development Officer under Panchayat Samiti / and Zilla Parishad"
  ],
  "documentsRequired": [
    "Aadhaar Card",
    "Caste Certificate",
    "Income Certificate"
  ],
  "state": "Maharashtra",
  "mode": true,
  "sourceLink": "https://www.myscheme.gov.in/schemes/gsgos"
}