{
  "schemeName": "Health Check-up (A.B.O.C.W.W.B)",
  "eligibility": {
    "residence": "urban and rural",
    "minAge": 0,
    "maxAge": 0,
    "gender": null,
    "casteCategory": "Any",
    "minIncome": 0,
    "maxIncome": 0,
    "disability": false,
    "minority": false,
    "maritalStatus": "Any"
  },
  "category": "health and wellness",
  "applicationProcedure": [
    "Submit online application through official website",
    "Fill in mandatory details and upload required documents",
    "Make payment using UPI-based modes/Cards/net banking or Challan",
    "Login to portal and apply under the scheme",
    "Fill up application form and upload necessary documents"
  ],
  "documentsRequired": [
    "Passport size photograph",
    "Proof of Age/DOB",
    "Copy of Aadhaar Card",
    "Copy of Voter ID Card",
    "Bank passbook first page",
    "Experience Certificate/Employers Certificate",
    "Completely filled Nomination Form",
    "Completely filled Registration Form",
    "ABOCWWB ID Card",
    "Self-Attested Copy of ID Card",
    "Copy of Payslip of Account Pay book",
    "Copy of Bank Account Passbook"
  ],
  "state": "Assam",
  "mode": false,
  "sourceLink": "https://abocwwb.assam.gov.in/"
}