{
  "schemeName": "Homes For Intellectually Impaired Persons",
  "eligibility": {
    "residence": "rural",
    "minAge": 0,
    "maxAge": 0,
    "gender": null,
    "casteCategory": "Any",
    "minIncome": 0,
    "maxIncome": 0,
    "disability": true,
    "minority": false,
    "maritalStatus": "Any"
  },
  "category": "health and wellness",
  "applicationProcedure": [
    "Visit the Child Welfare Committee and request a hard copy of the application form",
    "Fill in all the mandatory fields, paste the passport-sized photograph, and attach all the mandatory documents",
    "Submit the duly filled and signed application form along with the documents at the office of the concerned Child Welfare Committee",
    "Acquire the receipt/acknowledgment of the successful submission of the application form"
  ],
  "documentsRequired": [
    "Aadhaar Card",
    "2-Passport Sized Photograph (Signed Across)",
    "Proof of Age (Birth Certificate, etc)",
    "Residential Certificate / Domicile Certificate of the State of Maharashtra",
    "Disability Certificate",
    "Details of the Bank Account (Bank Name, Branch Name, Address, IFSC, etc)"
  ],
  "state": "Maharashtra",
  "mode": true,
  "sourceLink": "https://www.myscheme.gov.in/schemes/hiip"
}