{
  "schemeName": "ICRO Amrit Internship Programme",
  "eligibility": {
    "residence": "rural",
    "minAge": 18,
    "maxAge": 45,
    "gender": null,
    "casteCategory": "Any",
    "minIncome": 0,
    "maxIncome": 0,
    "disability": false,
    "minority": false,
    "maritalStatus": "Any"
  },
  "category": "agriculture",
  "applicationProcedure": [
    "Register on the official website",
    "Fill the application form",
    "Upload required documents"
  ],
  "documentsRequired": [
    "Aadhaar Card",
    "Passport size photo",
    "Letter of recommendation",
    "Mark sheet or Certificate of Qualification"
  ],
  "state": "Any",
  "mode": false,
  "sourceLink": "https://www.myscheme.gov.in/schemes/icroaip"
}