{
  "schemeName": "Incentive given to Encourage Inter caste Marriages",
  "eligibility": {
    "residence": "rural",
    "minAge": 18,
    "maxAge": 0,
    "gender": null,
    "casteCategory": "SC/ST/OBC",
    "minIncome": 0,
    "maxIncome": 0,
    "disability": false,
    "minority": false,
    "maritalStatus": "Any"
  },
  "category": "Social Integration",
  "applicationProcedure": [
    "Visit the concerned District Social Welfare Office",
    "Fill the application form",
    "Attach required documents",
    "Submit the application form"
  ],
  "documentsRequired": [
    "Application Form",
    "Caste Certificates",
    "Permanent Resident Proof",
    "Age Proof",
    "Joint Photograph",
    "Recommendation Letters",
    "Bank Details",
    "ID Proofs",
    "Income Certificate",
    "Acknowledgment Receipt"
  ],
  "state": "Maharashtra",
  "mode": true,
  "sourceLink": "https://www.myscheme.gov.in/schemes/igteicm"
}