{
  "schemeName": "Incentive To Saharia Students For B.Ed",
  "eligibility": {
    "residence": "rural",
    "minAge": 0,
    "maxAge": 0,
    "gender": null,
    "casteCategory": "ST",
    "minIncome": 0,
    "maxIncome": 0,
    "disability": false,
    "minority": false,
    "maritalStatus": "Any"
  },
  "category": "education",
  "applicationProcedure": [
    "Visit the official website",
    "Select the Login option or Register Option",
    "Log in with Jan-Aadhaar ID",
    "Fill out the application form",
    "Attach the required documents",
    "Submit"
  ],
  "documentsRequired": [
    "Caste Certificate Copy",
    "Aadhar Card Copy",
    "Education Qualification Marksheet / Certificate Copy",
    "Income Certificate Copy",
    "Jan Aadhar/Bhamashah Card Copy"
  ],
  "state": "Rajasthan",
  "mode": false,
  "sourceLink": "https://www.myscheme.gov.in/schemes/issfb"
}