{
  "schemeName": "Indira Mahila Shakti Prashikshan Evam Kaushal Sanvardhan Yojna -RS-CIT",
  "eligibility": {
    "residence": "rural",
    "minAge": 16,
    "maxAge": 40,
    "gender": false,
    "casteCategory": "Any",
    "minIncome": 0,
    "maxIncome": 0,
    "disability": false,
    "minority": false,
    "maritalStatus": "Any"
  },
  "category": "women and child",
  "applicationProcedure": [
    "Applicants have to visit the official portal.",
    "Enter Mobile number and enter the Code.",
    "Click send OTP, and Enter OTP to confirm.",
    "Read all the instructions before processing.",
    "Click here to apply online for RS-CIT Course",
    "Enter details like District, Tehsil, Preference 1 or 2, Name, Father Name, Upload required documents etc.",
    "Click on submit",
    "After applying, an application ID will be received on mobile or email."
  ],
  "documentsRequired": [
    "Aadhar card",
    "Identity card",
    "Income certificate",
    "Age certificate",
    "Address proof",
    "Class 10th mark sheet",
    "Copy of the FIR in case of a woman victim of violence",
    "Caste certificate in case of Scheduled Castes and Tribes.",
    "Death certificate of husband in case of widow/talaq deed in case of divorcee/affidavit of desertion in case of deserter."
  ],
  "state": "Rajasthan",
  "mode": false,
  "sourceLink": "https://www.myscheme.gov.in/schemes/imspeksyrc"
}