{
  "schemeName": "Indira Gandhi National Disability Pension Scheme (Maharashtra)",
  "eligibility": {
    "residence": "rural",
    "minAge": 18,
    "maxAge": 65,
    "gender": null,
    "casteCategory": "Any",
    "minIncome": 0,
    "maxIncome": 0,
    "disability": true,
    "minority": false,
    "maritalStatus": "Any"
  },
  "category": "health and wellness",
  "applicationProcedure": [
    "Step 1: The interested applicant should visit (during office hours) the Collector Office/Tahsildar/Talathi of your district, and request the hard copy of the prescribed format of the application form from the concerned authority.",
    "Step 2: In the application form, fill in all the mandatory fields, paste the passport-sized photograph (signed across, if required), and attach copies of all the mandatory documents (self-attest, if required).",
    "Step 3: Submit the duly filled and signed application form along with the documents, within the prescribed period (if any), to the concerned authority.",
    "Step 4: Request a receipt or acknowledgement from the concerned authority to whom the application has been submitted. Ensure that the receipt contains essential details such as the date and time of submission, and a unique identification number (if applicable)."
  ],
  "documentsRequired": [
    "Aadhaar Card",
    "Passport-size Photograph",
    "Identity Proof i.e. Voter ID Card, Driving License",
    "Disability Certificate",
    "Proof of Age",
    "Caste Certificate, if Applicable",
    "Address Proof",
    "Bank Passbook/Bank Account Details",
    "Any Other Documents as Required"
  ],
  "state": "Maharashtra",
  "mode": true,
  "sourceLink": "https://www.myscheme.gov.in/schemes/igndpsm"
}