{
  "schemeName": "Indira Gandhi National Vidhva Pension yojana",
  "eligibility": {
    "residence": "Rajasthan",
    "minAge": 40,
    "maxAge": 75,
    "gender": false,
    "casteCategory": "Any",
    "minIncome": 0,
    "maxIncome": 0,
    "disability": false,
    "minority": false,
    "maritalStatus": "Widow"
  },
  "category": "Women and Child",
  "applicationProcedure": [
    "Visit the official portal",
    "Click on the option 'Register'",
    "Choose either Jan Aadhaar or Google to process further",
    "Apply for the scheme after login"
  ],
  "documentsRequired": [
    "Photos of applicant",
    "Husband's death certificate",
    "B.P.L. card",
    "Certificate to confirm age"
  ],
  "state": "Rajasthan",
  "mode": false,
  "sourceLink": "https://www.myscheme.gov.in/schemes/ignvpyrr"
}