{
  "schemeName": "Indira Gandhi National Disability Pension Scheme- Bihar",
  "eligibility": {
    "residence": "Bihar",
    "minAge": 18,
    "maxAge": 79,
    "gender": null,
    "casteCategory": "Any",
    "minIncome": 0,
    "maxIncome": 0,
    "disability": true,
    "minority": false,
    "maritalStatus": "Any"
  },
  "category": "Health and Wellness",
  "applicationProcedure": [
    "Submit duly filled and signed application in the prescribed format at the Right to Public Service (RTPS) counter",
    "Receive acknowledgment receipt from the RTPS counter",
    "Wait for application approval or rejection via SMS or email",
    "Collect Sanction Order from the RTPS counter upon approval"
  ],
  "documentsRequired": [
    "Aadhaar card",
    "Passport-size photograph",
    "Identity proof",
    "Disability certificate",
    "Proof of age",
    "Below Poverty Line (BPL) Card/ Ration Card",
    "Caste certificate",
    "Address proof",
    "Bank Passbook/Bank account details"
  ],
  "state": "Bihar",
  "mode": true,
  "sourceLink": "https://www.myscheme.gov.in/schemes/igndpsb"
}