{
  "schemeName": "Indira Mahila Shakti Prashikshan Evam Koshal Sanvardhan Yojana (RS-CSEP)",
  "eligibility": {
    "residence": "Rajasthan",
    "minAge": 16,
    "maxAge": 45,
    "gender": false,
    "casteCategory": "Any",
    "minIncome": 0,
    "maxIncome": 0,
    "disability": false,
    "minority": false,
    "maritalStatus": "Any"
  },
  "category": "Women and Child",
  "applicationProcedure": [
    "Visit the official portal",
    "Enter Mobile number and Code",
    "Click send OTP, and Enter OTP to confirm",
    "Read all the instructions before processing",
    "Click here to apply online for RS-CSEP Course",
    "Enter your details like District, Tehsil, Preference 1 or 2, Your Name, Father Name, Upload required documents etc.",
    "Click on submit"
  ],
  "documentsRequired": [
    "Aadhar card",
    "Identity card",
    "Income certificate",
    "Age certificate",
    "Address proof",
    "Class 10th mark sheet",
    "Class 12th mark sheet",
    "Copy of the FIR in the case of a woman victim of violence / Domestic Incident Report under the Protection / Copy of the document for registering the case at Women's Safety and Advice Center / Aparajita",
    "Caste certificate in case of Scheduled Castes and Tribes",
    "Death certificate of husband in case of widow/talaq deed in case of divorcee/affidavit of desertion in case of deserter"
  ],
  "state": "Rajasthan",
  "mode": false,
  "sourceLink": "https://www.myscheme.gov.in/schemes/imspeksyrcr"
}