{
  "schemeName": "Indira Gandhi National Old Age Pension Scheme- Bihar",
  "eligibility": {
    "residence": "Bihar",
    "minAge": 60,
    "maxAge": 0,
    "gender": null,
    "casteCategory": "Any",
    "minIncome": 0,
    "maxIncome": 0,
    "disability": false,
    "minority": false,
    "maritalStatus": "Any"
  },
  "category": "Social Security",
  "applicationProcedure": [
    "Submit duly filled and signed application in the prescribed format at the Right to Public Service (RTPS) counter",
    "Receive acknowledgment receipt from the RTPS counter",
    "Get notified of application's approval or rejection via SMS or email",
    "Collect Sanction Order from the RTPS counter upon presenting acknowledgment receipt and valid identity card"
  ],
  "documentsRequired": [
    "Aadhaar card",
    "Passport-size photograph",
    "Identity proof",
    "Residence Proof",
    "Proof of age",
    "Below Poverty Line (BPL) Card/related documents",
    "Caste certificate",
    "Address proof",
    "Bank Passbook/Bank account details"
  ],
  "state": "Bihar",
  "mode": true,
  "sourceLink": "https://www.myscheme.gov.in/schemes/ignoapsb"
}