{
  "schemeName": "Indira Gandhi National Widow Pension Scheme",
  "eligibility": {
    "residence": "rural",
    "minAge": 40,
    "maxAge": 79,
    "gender": false,
    "casteCategory": "Any",
    "minIncome": 0,
    "maxIncome": 0,
    "disability": false,
    "minority": false,
    "maritalStatus": "Widow"
  },
  "category": "women and child",
  "applicationProcedure": [
    "Online",
    "Offline"
  ],
  "documentsRequired": [
    "Death Certificate of husband",
    "BPL Card",
    "Age Proof"
  ],
  "state": "Any",
  "mode": true,
  "sourceLink": "https://www.myscheme.gov.in/schemes/ignwps"
}