{
  "schemeName": "Indira Mahila Shakti Udyam Protsahan Yojana",
  "eligibility": {
    "residence": "urban and rural",
    "minAge": 18,
    "maxAge": 0,
    "gender": false,
    "casteCategory": "Any",
    "minIncome": 0,
    "maxIncome": 0,
    "disability": false,
    "minority": false,
    "maritalStatus": "Any"
  },
  "category": "women and child",
  "applicationProcedure": [
    "Visit the official portal",
    "Click on the option 'Register'",
    "Choose either Jan Aadhaar or Google to process further",
    "Complete the registration process",
    "Login with credentials",
    "Click on 'Apply for Scheme'",
    "Fill out the application form in 7 steps",
    "Submit the application form"
  ],
  "documentsRequired": [
    "Aadhar card",
    "Address proof",
    "Bank account statement",
    "Passport size photo",
    "Mobile number"
  ],
  "state": "Rajasthan",
  "mode": false,
  "sourceLink": "https://www.myscheme.gov.in/schemes/imspesy"
}