{
  "schemeName": "Indian Agricultural Research Institute - Scholarship",
  "eligibility": {
    "residence": "rural",
    "minAge": 21,
    "maxAge": 0,
    "gender": null,
    "casteCategory": "Any",
    "minIncome": 0,
    "maxIncome": 0,
    "disability": false,
    "minority": false,
    "maritalStatus": "Any"
  },
  "category": "education",
  "applicationProcedure": [
    "Online",
    "Download application form from Institute website",
    "Purchase application form in person at Syndicate Bank, Pusa Campus"
  ],
  "documentsRequired": [
    "Proof of date of birth",
    "Matriculation (10th) or equivalent certificate and mark sheet",
    "Higher Secondary examination certificate mark sheet",
    "Intermediate (12th) examination certificate and mark sheet",
    "Bachelor’s degree certificate and mark sheet",
    "Master’s degree certificate and mark sheet",
    "Course Completion Certificate",
    "Caste Certificate",
    "Two passport-size photograph"
  ],
  "state": "Any",
  "mode": false,
  "sourceLink": "https://www.myscheme.gov.in/schemes/iaris"
}