{
  "schemeName": "Indira Gandhi Shehri Credit Card Yojana",
  "eligibility": {
    "residence": "urban",
    "minAge": 18,
    "maxAge": 40,
    "gender": null,
    "casteCategory": "Any",
    "minIncome": 0,
    "maxIncome": 15000,
    "disability": false,
    "minority": false,
    "maritalStatus": "Any"
  },
  "category": "employment",
  "applicationProcedure": [
    "Online through e-Mitra centre",
    "Through own S.S.O. Application",
    "Through concerned urban body office"
  ],
  "documentsRequired": [
    "Passport size photo",
    "Janadhar Card",
    "Aadhar card",
    "Documents related to current residence in Rajasthan",
    "Documents related to permanent residence in Rajasthan",
    "Bank account passbook",
    "Certificate for vendor, Wedding ID card, Recommendation letter issued by Municipal body",
    "Registration number registered at the District Employment Center",
    "Self-attested affidavit"
  ],
  "state": "Rajasthan",
  "mode": false,
  "sourceLink": "https://www.myscheme.gov.in/schemes/igsccy"
}