{
  "schemeName": "Indira Gandhi National Widow Pension Scheme- Bihar",
  "eligibility": {
    "residence": "Bihar",
    "minAge": 40,
    "maxAge": 79,
    "gender": false,
    "casteCategory": "Any",
    "minIncome": 0,
    "maxIncome": 0,
    "disability": false,
    "minority": false,
    "maritalStatus": "Widow"
  },
  "category": "Women and Child",
  "applicationProcedure": [
    "Submit duly filled and signed application in the prescribed format, along with the required attachments, at the Right to Public Service (RTPS) counter located at the block office level",
    "Receive an acknowledgment receipt from the RTPS counter",
    "Be notified of the application's approval or rejection via SMS or email",
    "Collect the Sanction Order from the same RTPS counter where the application was submitted, upon presenting the acknowledgment receipt and a valid identity card"
  ],
  "documentsRequired": [
    "Aadhaar card of the applicant",
    "Passport-size photograph",
    "Identity proof i.e. Voter ID Card, Driving License",
    "Death certificate of husband",
    "Residence Proof",
    "Proof of age",
    "Below Poverty Line (BPL) Card/related documents",
    "Caste certificate, if applicable",
    "Address proof",
    "Bank Passbook/Bank account details"
  ],
  "state": "Bihar",
  "mode": true,
  "sourceLink": "https://www.myscheme.gov.in/schemes/ignwpsb"
}