{
  "schemeName": "Indira Gandhi National Widow Pension Scheme (Maharashtra)",
  "eligibility": {
    "residence": "Maharashtra",
    "minAge": 40,
    "maxAge": 65,
    "gender": false,
    "casteCategory": "Any",
    "minIncome": 0,
    "maxIncome": 0,
    "disability": false,
    "minority": false,
    "maritalStatus": "Widow"
  },
  "category": "Women and Child",
  "applicationProcedure": [
    "Visit the Collector Office/Tahsildar/Talathi of your district",
    "Fill in the application form and attach required documents",
    "Submit the application form to the concerned authority",
    "Request a receipt or acknowledgement"
  ],
  "documentsRequired": [
    "Aadhaar Card",
    "Passport-size Photograph",
    "Identity Proof",
    "Death Certificate of Husband",
    "Residence Proof",
    "Proof of Age",
    "Below Poverty Line (BPL) Card",
    "Caste Certificate",
    "Address Proof",
    "Bank Passbook/ Bank Account Details"
  ],
  "state": "Maharashtra",
  "mode": true,
  "sourceLink": "https://www.myscheme.gov.in/schemes/ignwpsm"
}