{
  "schemeName": "Indira Gandhi National Vrdhavastha Pension Yojana",
  "eligibility": {
    "residence": "Rajasthan",
    "minAge": 60,
    "maxAge": 0,
    "gender": null,
    "casteCategory": "Any",
    "minIncome": 0,
    "maxIncome": 0,
    "disability": false,
    "minority": false,
    "maritalStatus": "Any"
  },
  "category": "Health and Wellness",
  "applicationProcedure": [
    "Visit the official portal",
    "Click on the option 'Register'",
    "Choose either Jan Aadhaar or Google to process further",
    "Apply for the scheme after login"
  ],
  "documentsRequired": [
    "Aadhar Card Copy",
    "Jan Aadhar/Bhamashah Card Copy",
    "Passport size photo",
    "Bank passbook front page copy"
  ],
  "state": "Rajasthan",
  "mode": false,
  "sourceLink": "https://www.myscheme.gov.in/schemes/ignvpyr"
}