{
  "schemeName": "Indira Gandhi National Old Age Pension Scheme (Maharashtra)",
  "eligibility": {
    "residence": "Maharashtra",
    "minAge": 65,
    "maxAge": 0,
    "gender": null,
    "casteCategory": "Any",
    "minIncome": 0,
    "maxIncome": 0,
    "disability": false,
    "minority": false,
    "maritalStatus": "Any"
  },
  "category": "health and wellness",
  "applicationProcedure": [
    "Step 1: The interested applicant should visit (during office hours) the Collector Office/Tahsildar/Talathi of your district, and request the hard copy of the prescribed format of the application form from the concerned authority.",
    "Step 2: In the application form, fill in all the mandatory fields, paste the passport-sized photograph (signed across, if required), and attach copies of all the mandatory documents (self-attest, if required).",
    "Step 3: Submit the duly filled and signed application form along with the documents, within the prescribed period (if any), to the concerned authority.",
    "Step 4: Request a receipt or acknowledgement from the concerned authority to whom the application has been submitted. Ensure that the receipt contains essential details such as the date and time of submission, and a unique identification number (if applicable)."
  ],
  "documentsRequired": [
    "Aadhaar card of the applicant",
    "Passport-size photograph",
    "Identity proof i.e. Voter ID Card, Driving License",
    "Residence Proof",
    "Proof of age",
    "Below Poverty Line (BPL) Card/related documents",
    "Caste certificate, if applicable",
    "Address proof",
    "Bank Passbook/Bank account details",
    "Any other documents as required"
  ],
  "state": "Maharashtra",
  "mode": true,
  "sourceLink": "https://www.myscheme.gov.in/schemes/igoapsm"
}