{
  "schemeName": "Indo-French Postdoctoral Research Programme for Women in Science",
  "eligibility": {
    "residence": "Any",
    "minAge": 0,
    "maxAge": 0,
    "gender": false,
    "casteCategory": "Any",
    "minIncome": 0,
    "maxIncome": 0,
    "disability": false,
    "minority": false,
    "maritalStatus": "Any"
  },
  "category": "education",
  "applicationProcedure": [
    "Online"
  ],
  "documentsRequired": [
    "Invitation/hosting letter from Indian/French scientist/researcher/faculty/institution",
    "Two pages research proposal under the STEM and allied Science & Technology areas",
    "No objection certificate from the employer",
    "Recent Photograph",
    "Passport",
    "Educational Certificates"
  ],
  "state": "Any",
  "mode": false,
  "sourceLink": "https://www.myscheme.gov.in/schemes/prowis-i"
}