{
  "schemeName": "Indo-French Visiting/Mobility Programme for Women in Science",
  "eligibility": {
    "residence": "Any",
    "minAge": 0,
    "maxAge": 0,
    "gender": false,
    "casteCategory": "Any",
    "minIncome": 0,
    "maxIncome": 0,
    "disability": false,
    "minority": false,
    "maritalStatus": "Any"
  },
  "category": "Education",
  "applicationProcedure": [
    "Online application through https://www.cefipra.org/ or https://cefipra.org/prowiss/"
  ],
  "documentsRequired": [
    "Invitation/hosting letter from Indian/French scientist/researcher/faculty/institution",
    "Visiting proposal under the STEM and allied S&T areas (one page)",
    "No objection certificate from the employer",
    "Recent Photograph",
    "Passport",
    "Educational Certificates",
    "Any other document, as required"
  ],
  "state": "Any",
  "mode": false,
  "sourceLink": "https://www.myscheme.gov.in/schemes/prowis-ii"
}