{
  "schemeName": "Internship Programme Of The Wildlife Crime Control Bureau (MoEFCC)",
  "eligibility": {
    "residence": "rural",
    "minAge": 0,
    "maxAge": 30,
    "gender": null,
    "casteCategory": "Any",
    "minIncome": 0,
    "maxIncome": 0,
    "disability": false,
    "minority": false,
    "maritalStatus": "Any"
  },
  "category": "education",
  "applicationProcedure": [
    "The Application in the prescribed format complete in all respects may be sent by post to - The Additional Director, Wildlife Crime Control Bureau, 2nd Floor, Trikoot-I, Bhikaji Cama Place, New Delhi - 110 066"
  ],
  "documentsRequired": [
    "Copy of self-attested two proofs of identity one being Aadhar Card",
    "Curriculum Vitae",
    "Recommendation letter of the Head of Institution in official letterhead from the academic institution where the candidate is pursuing his/her studies",
    "Self-attested certificates of educational qualifications"
  ],
  "state": "Any",
  "mode": true,
  "sourceLink": "https://www.myscheme.gov.in/schemes/ipwccb"
}