{
  "schemeName": "Interest Subvention Scheme For Housing Loan For Regular State Government Employee Under APUN GHAR",
  "eligibility": {
    "residence": "rural",
    "minAge": 21,
    "maxAge": 70,
    "gender": null,
    "casteCategory": "Any",
    "minIncome": 0,
    "maxIncome": 0,
    "disability": false,
    "minority": false,
    "maritalStatus": "Any"
  },
  "category": "housing",
  "applicationProcedure": [
    "Employees will apply through an application form specially designed for the scheme through their respective Drawing and Disbursing Officer(DDO)",
    "Salary Certificate with Deduction, Grade, Date of Joining, Date of retirement, Nature of Service Pensionable or non-pensionable any other required information will be certified by DDO who will do preliminary scrutiny and forward the application along with check off letter to the special team at SBI",
    "The file would be processed for sanction by a special team to be formed at each regional business office and some identified SBI Branches",
    "Upon finding the case suitable for consideration under the scheme, the Special Team will accord sanction based on the criteria of the proposed scheme as prescribed by the Bank",
    "Post Sanction, the file would be sent for documentation and Disbursement to a branch nearer either to the place of property or place of posting as per the choice of the applicant",
    "A grievance redressal cell is to be created at each regional business office and some identified SBI Branch and Local head office, Guwahati particularly for the scheme to take care of grievances of the Employees of the govt. of Assam"
  ],
  "documentsRequired": [
    "Passport-size photograph (5 copies)",
    "Proof of Identification, Any one of Pan Card/Voter id/Identity Card/etc",
    "Proof of residence: Any one of Electricity Bill/Telephone (Landline) (Not more than 2 months old)/Passport/SBI AC Passbook with an updated address",
    "Form 16 for the last 2 years",
    "Latest salary certificate with all the deductions duly certified by DDO",
    "6 months salary account statement (Necessary if the salary is not drawn from SBI)",
    "No dues certificate from the existing banker if the salary is credited at other than SBI",
    "Personal Asset & Liabilities statement in Bank’s format",
    "Document evidencing ownership of Land/Building to be purchased/Constructed (such as Jamabandi Copy etc.)"
  ],
  "state": "Assam",
  "mode": true,
  "sourceLink": "https://www.myscheme.gov.in/schemes/apun-ghar"
}