{
  "schemeName": "Internship Programme for Women Students / Scholars / Social Activists / Teachers",
  "eligibility": {
    "residence": "rural",
    "minAge": 21,
    "maxAge": 40,
    "gender": false,
    "casteCategory": "Any",
    "minIncome": 0,
    "maxIncome": 0,
    "disability": false,
    "minority": false,
    "maritalStatus": "Any"
  },
  "category": "women and child",
  "applicationProcedure": [
    "Online Registration",
    "Fill Application Form"
  ],
  "documentsRequired": [
    "Candidate's Photograph",
    "ID Proof",
    "Address Proof",
    "Signature",
    "Highest Education Certificate/Degree",
    "Joining Letter of the Organization(For Teachers/Social Activist)",
    "Admission Certificate/Joining Letter of the Institution in which Currently Enrolled/Working"
  ],
  "state": "Any",
  "mode": false,
  "sourceLink": "https://www.myscheme.gov.in/schemes/ipmwcd"
}