{
  "schemeName": "Integrated Scheme on Agriculture Cooperation",
  "eligibility": {
    "residence": "rural",
    "minAge": 0,
    "maxAge": 0,
    "gender": null,
    "casteCategory": "Any",
    "minIncome": 0,
    "maxIncome": 0,
    "disability": false,
    "minority": false,
    "maritalStatus": "Any"
  },
  "category": "agriculture",
  "applicationProcedure": [
    "Cooperative societies intending to avail NCDC’s assistance may contact the Office of Registrar of Cooperative Societies(RCS)/ Commissioner in charge of the specific programme / Agriculture & Cooperation Department/ Regional Offices of NCDC."
  ],
  "documentsRequired": [
    "NCDC may prescribe the requirements of documents to be obtained form the agency as per the nature and size of the project."
  ],
  "state": "Any",
  "mode": true,
  "sourceLink": "https://www.myscheme.gov.in/schemes/isac"
}