{
  "schemeName": "Integrated Scheme for Export Promotion & Quality Improvement in Spices and Research and Development of Cardamom: Export Oriented Production: Large Cardamom Certified Nursery (Unit)",
  "eligibility": {
    "residence": "rural",
    "minAge": 0,
    "maxAge": 0,
    "gender": null,
    "casteCategory": "Any",
    "minIncome": 0,
    "maxIncome": 0,
    "disability": false,
    "minority": false,
    "maritalStatus": "Any"
  },
  "category": "agriculture",
  "applicationProcedure": [
    "Application Submission",
    "Additional Document Submission",
    "Legal Entity Requirement for Farmers Groups",
    "Inspection and Recommendation"
  ],
  "documentsRequired": [
    "Parcha copy / Possession certificate",
    "Aadhar card",
    "Copy of SC/ST certificate (if applicable)",
    "Copy of Bank Passbook",
    "No Objection Certificate from panchayats if the Land is not in the beneficiary’s name."
  ],
  "state": "Sikkim, Darjeeling & Kalimpong districts of West Bengal & other NE States",
  "mode": true,
  "sourceLink": "https://www.myscheme.gov.in/schemes/isepqisrdceoplccn"
}