{
  "schemeName": "Integrated Horticulture Development",
  "eligibility": {
    "residence": "rural",
    "minAge": 0,
    "maxAge": 0,
    "gender": null,
    "casteCategory": "Any",
    "minIncome": 0,
    "maxIncome": 0,
    "disability": false,
    "minority": false,
    "maritalStatus": "Any"
  },
  "category": "agriculture",
  "applicationProcedure": [
    "Online",
    "Offline",
    "Mission for Integrated Development of Horticulture at District Agriculture office through local Agriculture Development Officer"
  ],
  "documentsRequired": [
    "Degree/Diploma in Civil/ Mechanical/ Electrical Engineering",
    "2 years' post qualification experience preferably in irrigation sector",
    "Knowledge of computer"
  ],
  "state": "Assam",
  "mode": true,
  "sourceLink": "https://www.myscheme.gov.in/schemes/ihd"
}