{
  "schemeName": "Jan-Nayak Karpoori Thakur Kalyan Hostel Scheme",
  "eligibility": {
    "residence": "Bihar",
    "minAge": 0,
    "maxAge": 0,
    "gender": null,
    "casteCategory": "EBC",
    "minIncome": 0,
    "maxIncome": 0,
    "disability": false,
    "minority": false,
    "maritalStatus": "Any"
  },
  "category": "education",
  "applicationProcedure": [
    "Collect the prescribed application form for hostel admission",
    "Submit the completed form to the District Backward & Extremely Backward Class Welfare Office"
  ],
  "documentsRequired": [
    "Caste Certificate",
    "Marksheet of the Previous Examination",
    "Admission Certificate from the Educational Institution",
    "Copy of Bank Account Details",
    "Copy of Aadhaar Card"
  ],
  "state": "Bihar",
  "mode": true,
  "sourceLink": "https://www.myscheme.gov.in/schemes/jnktkhs"
}