{
  "schemeName": "Jan Nayak Pustakalaya evam Digital Adhyan Kendra",
  "eligibility": {
    "residence": "rural",
    "minAge": 0,
    "maxAge": 0,
    "gender": null,
    "casteCategory": "OBC/EBC",
    "minIncome": 0,
    "maxIncome": 0,
    "disability": false,
    "minority": false,
    "maritalStatus": "Any"
  },
  "category": "education",
  "applicationProcedure": [
    "Offline",
    "No formal registration or application process"
  ],
  "documentsRequired": [
    "No documents required"
  ],
  "state": "Bihar",
  "mode": true,
  "sourceLink": "https://www.myscheme.gov.in/schemes/jnpedak"
}