{
  "schemeName": "Janani Bal Suraksha Yojana",
  "eligibility": {
    "residence": "rural",
    "minAge": 0,
    "maxAge": 0,
    "gender": false,
    "casteCategory": "SC/ST",
    "minIncome": 0,
    "maxIncome": 0,
    "disability": false,
    "minority": false,
    "maritalStatus": "Any"
  },
  "category": "health and wellness",
  "applicationProcedure": [
    "Visit the nearest health center or hospital",
    "Meet with an ASHA or MAMTA worker for guidance and support",
    "Submit the necessary documents for verification"
  ],
  "documentsRequired": [
    "Proof of pregnancy",
    "Identification proof",
    "Proof of residence",
    "Medical documents from a registered healthcare provider"
  ],
  "state": "Bihar",
  "mode": true,
  "sourceLink": "https://www.myscheme.gov.in/schemes/jbsyb"
}