{
  "schemeName": "Janani Shishu Suraksha Karyakram",
  "eligibility": {
    "residence": "Any",
    "minAge": 0,
    "maxAge": 0,
    "gender": false,
    "casteCategory": "Any",
    "minIncome": 0,
    "maxIncome": 0,
    "disability": false,
    "minority": false,
    "maritalStatus": "Any"
  },
  "category": "health and wellness",
  "applicationProcedure": [
    "Offline",
    "The pregnant woman is referred by the competent staff of the public health facility for JSSK."
  ],
  "documentsRequired": [
    "Aadhaar Number",
    "Address proof",
    "Domicile certificate",
    "Ration card",
    "Janani Suraksha Card"
  ],
  "state": "Any",
  "mode": true,
  "sourceLink": "https://www.myscheme.gov.in/schemes/jssk"
}