{
  "schemeName": "Journalist's Medical Welfare Scheme - Assam",
  "eligibility": {
    "residence": "rural",
    "minAge": 0,
    "maxAge": 0,
    "gender": null,
    "casteCategory": "Any",
    "minIncome": 0,
    "maxIncome": 0,
    "disability": false,
    "minority": false,
    "maritalStatus": "Any"
  },
  "category": "health and wellness",
  "applicationProcedure": [
    "Application for grant of financial assistance shall be submitted to the Convener of the Committee (Director, DIPR) in the prescribed form.",
    "Proposals for assistance from the fund will be initiated by the DIPR.",
    "The Convener of the Committee (Director, DIPR) may also put up deserving cases for grant of financial assistance.",
    "All the applications shall be scrutinized by the committee.",
    "Financial assistance shall be provided on the date of issue of the order sanctioning the assistance unless otherwise specified therein."
  ],
  "documentsRequired": [
    "Attested or self-attested copy of Identity Card (DIPR)",
    "Identity Card of Present Organization",
    "Bank details like Passbook (Front page) & Cancelled Cheque",
    "Medical documents like Admission Certificates, Discharge Certificates, Prescriptions, Bills/Vouchers, Clinical Reports, etc.",
    "A copy of his/her PAN Card/Aadhar card"
  ],
  "state": "Assam",
  "mode": true,
  "sourceLink": "https://www.myscheme.gov.in/schemes/jmws-assam"
}