{
  "schemeName": "Jyotiba Phule Shramik Kanyadan Yojana",
  "eligibility": {
    "residence": "Any",
    "minAge": 18,
    "maxAge": 0,
    "gender": false,
    "casteCategory": "Any",
    "minIncome": 0,
    "maxIncome": 15000,
    "disability": false,
    "minority": false,
    "maritalStatus": "Any"
  },
  "category": "Women and Child",
  "applicationProcedure": [
    "Access the official website of the Uttar Pradesh Labour Welfare Board",
    "Select the 'Shramik Application' option from the homepage",
    "Register New User and fill out the registration form",
    "Log in to the portal and choose the relevant scheme",
    "Complete the application form and upload required documents",
    "Submit the application form and obtain a printed copy",
    "Present the application form at the concerned institution and factory/establishment for verification",
    "Upload a scanned copy of the verified application form along with supporting documents"
  ],
  "documentsRequired": [
    "Attested photocopy of the online filled application form",
    "Read photocopy of the bank passbook of the daughter or worker",
    "Read photocopy of Aadhar Card or government documents issued by local bodies",
    "Read photocopy of wedding card"
  ],
  "state": "Uttar Pradesh",
  "mode": false,
  "sourceLink": "https://www.myscheme.gov.in/schemes/jpsky"
}