{
  "schemeName": "Kabir Anthyesthi Anudan Yojana",
  "eligibility": {
    "residence": "Bihar",
    "minAge": 0,
    "maxAge": 0,
    "gender": null,
    "casteCategory": "Any",
    "minIncome": 0,
    "maxIncome": 0,
    "disability": false,
    "minority": false,
    "maritalStatus": "Any"
  },
  "category": "health and wellness",
  "applicationProcedure": [
    "Submit an application on plain paper or in the prescribed format",
    "Attach required documents",
    "Submit to the Mukhiya (for rural areas) or the Ward Commissioner (for urban areas)"
  ],
  "documentsRequired": [
    "Identity proof of the applicant",
    "Identity proof of the deceased person",
    "Death certificate of the deceased person",
    "Proof of age of the deceased person",
    "Below Poverty Line (BPL) Card/ Ration Card",
    "Address proof",
    "Bank Passbook/Bank account details"
  ],
  "state": "Bihar",
  "mode": true,
  "sourceLink": "https://www.myscheme.gov.in/schemes/kaay"
}