{
  "schemeName": "Kali Bai Bheel Medhavi Chhatra Scooty Scheme",
  "eligibility": {
    "residence": "rural",
    "minAge": 0,
    "maxAge": 0,
    "gender": false,
    "casteCategory": "Any",
    "minIncome": 0,
    "maxIncome": 0,
    "disability": false,
    "minority": false,
    "maritalStatus": "Any"
  },
  "category": "education",
  "applicationProcedure": [
    "Visit the official portal",
    "Register if not already registered",
    "Login with SSOID & password",
    "Fill out the application form",
    "Provide required documents",
    "Submit"
  ],
  "documentsRequired": [
    "Aadhar Card Copy",
    "Address Proof Copy",
    "Bank Passbook Copy",
    "Birth Certificate Copy",
    "Domicile Certificate Copy",
    "Education Qualification Marksheet / Certificate Copy",
    "Fee Receipt",
    "Income Certificate Copy",
    "Jan Aadhar/Bhamashah Card Copy"
  ],
  "state": "Rajasthan",
  "mode": false,
  "sourceLink": "https://www.myscheme.gov.in/schemes/kbbmcss"
}