{
  "schemeName": "Kam Lagat Pyaaj Bhandaran Sanrachna",
  "eligibility": {
    "residence": "Rajasthan",
    "minAge": 0,
    "maxAge": 0,
    "gender": null,
    "casteCategory": "Any",
    "minIncome": 0,
    "maxIncome": 0,
    "disability": false,
    "minority": false,
    "maritalStatus": "Any"
  },
  "category": "Agriculture",
  "applicationProcedure": [
    "Visit the official portal",
    "Register using Jan Aadhaar or Google",
    "Login to the dashboard",
    "Click on RAJ-KISAN option",
    "Enter Bhamashah ID or Janaadhaar ID and search",
    "Select person name and scheme name",
    "Complete Aadhaar Authentication",
    "Provide required details",
    "Upload documents",
    "Submit"
  ],
  "documentsRequired": [
    "Aadhaar Card/Jan Aadhar Card",
    "Copy of Jamabandi (not more than six months old)"
  ],
  "state": "Rajasthan",
  "mode": false,
  "sourceLink": "https://www.myscheme.gov.in/schemes/klpbs"
}