{
  "schemeName": "Kanya Vivah Sahayta Yojana",
  "eligibility": {
    "residence": "rural",
    "minAge": 18,
    "maxAge": 0,
    "gender": false,
    "casteCategory": "Any",
    "minIncome": 0,
    "maxIncome": 0,
    "disability": false,
    "minority": false,
    "maritalStatus": "Any"
  },
  "category": "women and child",
  "applicationProcedure": [
    "Online application through Public Service Center / Board website",
    "Application within 1 year of marriage completion",
    "Application 15 days before mass marriage"
  ],
  "documentsRequired": [
    "Self-attested copy of Birth Certificate / School Leaving Certificate / Family Register",
    "Certified and verified marriage card",
    "Family register / ration card of the beneficiary registered worker",
    "Self-attested copy of Photograph of the bride and groom",
    "Employment / self-declaration certificate",
    "Self-declaration letter for not receiving benefits in similar schemes",
    "Death certificate (if applicable)"
  ],
  "state": "Any",
  "mode": false,
  "sourceLink": "https://www.myscheme.gov.in/schemes/kvsy"
}