{
  "schemeName": "Kanya Sumangala Yojana",
  "eligibility": {
    "residence": "rural",
    "minAge": 0,
    "maxAge": 0,
    "gender": false,
    "casteCategory": "Any",
    "minIncome": 0,
    "maxIncome": 300000,
    "disability": false,
    "minority": false,
    "maritalStatus": "Any"
  },
  "category": "women and child",
  "applicationProcedure": [
    "Go to the official website of MKSY of the Women and Child Development Department",
    "Click on Citizen Service Portal option",
    "Click on 'I agree' and then 'Continue'",
    "Fill the registration form with required details",
    "Verify the details and complete the registration",
    "Login and fill the registration form of the girl",
    "Upload the required documents",
    "Submit the application"
  ],
  "documentsRequired": [
    "Latest Photo of the girl child",
    "Joint photo of the girl child with the applicant",
    "Affidavit on prescribed format",
    "Birthday Certificate",
    "Immunization Card",
    "Admission certificate for class 1st",
    "Admission certificate for class 6th",
    "Admission certificate for class 9th",
    "10th/12th certificate/mark sheet",
    "ID of Institution",
    "Admission fee receipt in Degree/Diploma course",
    "Scanned copy of the Aadhaar card(optional)"
  ],
  "state": "Uttar Pradesh",
  "mode": false,
  "sourceLink": "https://mksy.up.gov.in/women_welfare/index.php"
}