{
  "schemeName": "Karmaveer Padmashri Dadasaheb Gaikwad Birth Centenary And Prize Distribution",
  "eligibility": {
    "residence": "urban and rural",
    "minAge": 40,
    "maxAge": 0,
    "gender": null,
    "casteCategory": "Any",
    "minIncome": 0,
    "maxIncome": 0,
    "disability": false,
    "minority": false,
    "maritalStatus": "Any"
  },
  "category": "Social Welfare",
  "applicationProcedure": [
    "Visit the District Social Welfare Office and request a hard copy of the application form",
    "Fill in the application form and attach mandatory documents",
    "Submit the application form to the Assistant Commissioner, District Social Welfare Office"
  ],
  "documentsRequired": [
    "Proof of Work Experience in the Social Welfare Sector",
    "Proof of Registration from a Social Welfare Institute",
    "Character Verification Report",
    "Aadhaar Card",
    "Proof of Age",
    "2-Passport Sized Photograph",
    "Residential Certificate / Domicile Certificate of the State of Maharashtra",
    "Caste Certificate",
    "Details of the Bank Account"
  ],
  "state": "Maharashtra",
  "mode": true,
  "sourceLink": "https://www.myscheme.gov.in/schemes/kpdgbcpd"
}