{
  "schemeName": "KARMASHREE- The Chief Minister's Award For Excellence In Public Administration",
  "eligibility": {
    "residence": "rural",
    "minAge": 0,
    "maxAge": 0,
    "gender": null,
    "casteCategory": "Any",
    "minIncome": 0,
    "maxIncome": 0,
    "disability": false,
    "minority": false,
    "maritalStatus": "Any"
  },
  "category": "Any",
  "applicationProcedure": [
    "Online application",
    "Submission of application with recommendations of competent authority",
    "Filling of application form",
    "Providing details of beneficiaries/stakeholders",
    "Submission of supporting documents"
  ],
  "documentsRequired": [
    "Brief write-up of 5 pages",
    "Supporting documents (Executive Summary, Field photographs, Flow chart, Success story)",
    "CD of short film highlighting the initiative/innovation"
  ],
  "state": "Assam",
  "mode": false,
  "sourceLink": "https://www.myscheme.gov.in/schemes/cm-awards-karmashree"
}