{
  "schemeName": "Kaushal Vikas Yojana",
  "eligibility": {
    "residence": "rural",
    "minAge": 18,
    "maxAge": 35,
    "gender": null,
    "casteCategory": "Any",
    "minIncome": 0,
    "maxIncome": 0,
    "disability": false,
    "minority": false,
    "maritalStatus": "Any"
  },
  "category": "education",
  "applicationProcedure": [
    "Visit the nearest labor office, Tehsildar of the concerned tehsil, or Block Development Officer of the concerned development block",
    "Get the application form and fill it out completely",
    "Attach required documents in the prescribed format",
    "Submit the application form in the same office"
  ],
  "documentsRequired": [
    "Photocopy of registration certificate",
    "Proof of deposit of updated contribution",
    "Application form related to the discipline"
  ],
  "state": "Any",
  "mode": true,
  "sourceLink": "https://www.myscheme.gov.in/schemes/kvy"
}