{
  "schemeName": "Kera Suraksha Insurance Scheme",
  "eligibility": {
    "residence": "rural",
    "minAge": 18,
    "maxAge": 65,
    "gender": null,
    "casteCategory": "Any",
    "minIncome": 0,
    "maxIncome": 0,
    "disability": false,
    "minority": false,
    "maritalStatus": "Any"
  },
  "category": "agriculture",
  "applicationProcedure": [
    "Application form duly filled in and countersigned by Agriculture officer/Panchayath President/CPF office bearers/CPC Directors",
    "Submit application with all mandatory documents",
    "Payment of premium share"
  ],
  "documentsRequired": [
    "Aadhaar card",
    "Proof of age",
    "Caste certificate, if applicable",
    "Declaration for Assignment",
    "Declaration Form",
    "Certificate issued by competent authority stating that the applicant is currently engaged in skilled labour as a Coconut Tree Climber/Neera Technician/Harvester",
    "Payment details"
  ],
  "state": "Any",
  "mode": true,
  "sourceLink": "https://www.myscheme.gov.in/schemes/ksis"
}