{
  "schemeName": "Khadya Suraksha Yojana",
  "eligibility": {
    "residence": "rural",
    "minAge": 0,
    "maxAge": 0,
    "gender": null,
    "casteCategory": "Any",
    "minIncome": 0,
    "maxIncome": 0,
    "disability": false,
    "minority": false,
    "maritalStatus": "Any"
  },
  "category": "health and wellness",
  "applicationProcedure": [
    "Downloads the document and get the application form",
    "Carefully read any instructions or guidelines provided",
    "Collect all the information and documents",
    "Make a copy of the completed form for your records before submitting it",
    "Submit the form to the concerned Appellate Officer"
  ],
  "documentsRequired": [
    "Ration Card",
    "Aadhaar Card",
    "Bhamashah Card",
    "Cast Certificate",
    "BPL Card (If applicable)",
    "Affidavit"
  ],
  "state": "Rajasthan",
  "mode": true,
  "sourceLink": "https://www.myscheme.gov.in/schemes/rksyr"
}