{
  "schemeName": "Khet Talai",
  "eligibility": {
    "residence": "rural",
    "minAge": 0,
    "maxAge": 0,
    "gender": null,
    "casteCategory": "SC, ST, OBC",
    "minIncome": 0,
    "maxIncome": 0,
    "disability": false,
    "minority": false,
    "maritalStatus": "Any"
  },
  "category": "agriculture",
  "applicationProcedure": [
    "Visit the official portal",
    "Register using Jan Aadhaar or Google",
    "Login to the dashboard",
    "Click on RAJ-KISAN option",
    "Enter Bhamashah Family ID or Janaadhaar and search",
    "Select the person's name and scheme name",
    "Complete Aadhaar Authentication",
    "Provide required details",
    "Upload documents",
    "Submit"
  ],
  "documentsRequired": [
    "Bank Passbook",
    "Land Proof",
    "Jan Aadhar card",
    "Mobile Number"
  ],
  "state": "Rajasthan",
  "mode": false,
  "sourceLink": "https://www.myscheme.gov.in/schemes/kt"
}