{
  "schemeName": "Khule Jalsroto Mei Pen Aadharit Matsya Paalan ki Yojana",
  "eligibility": {
    "residence": "rural",
    "minAge": 0,
    "maxAge": 0,
    "gender": null,
    "casteCategory": "Any",
    "minIncome": 0,
    "maxIncome": 0,
    "disability": false,
    "minority": false,
    "maritalStatus": "Any"
  },
  "category": "agriculture",
  "applicationProcedure": [
    "Visit the official website",
    "Click on 'Applications are being invited for all the schemes of the financial year (2024-25), click here to apply'",
    "Select 'Registration for Fisheries Schemes'",
    "Complete basic details for registration",
    "Enter a valid 10-digit mobile number and click to send OTP",
    "Enter the OTP and receive a Registration Number and Password",
    "Login with Registration Number and Password",
    "Fill the application form",
    "Upload required documents",
    "Click on the submit button"
  ],
  "documentsRequired": [
    "Applicant's Photograph (self-signed)",
    "Training Certificate",
    "Land Lease Receipt",
    "Pen/ RFF Group Return",
    "Photocopy of Photo Identity Card (Aadhaar/India Government recognized Photo Identity Card)",
    "Original copy of Consent Letter (in prescribed form)",
    "Self-attested Photocopy of Bank Passbook or Cheque (including bank name, branch name, account number, IFSC code)"
  ],
  "state": "Bihar",
  "mode": false,
  "sourceLink": "https://www.myscheme.gov.in/schemes/kjmpampky"
}