{
  "schemeName": "Kisan Credit Card",
  "eligibility": {
    "residence": "rural",
    "minAge": 0,
    "maxAge": 0,
    "gender": null,
    "casteCategory": "Any",
    "minIncome": 0,
    "maxIncome": 0,
    "disability": false,
    "minority": false,
    "maritalStatus": "Any"
  },
  "category": "agriculture",
  "applicationProcedure": [
    "Online",
    "Offline"
  ],
  "documentsRequired": [
    "Application Form",
    "Two Passport Size Photographs",
    "ID proof",
    "Address Proof",
    "Proof of landholding",
    "Cropping pattern",
    "Security documents"
  ],
  "state": "Any",
  "mode": true,
  "sourceLink": "https://www.myscheme.gov.in/schemes/kcc"
}