{
  "schemeName": "Krishi Unnati Yojana - MOVCDNER",
  "eligibility": {
    "residence": "rural",
    "minAge": 0,
    "maxAge": 0,
    "gender": null,
    "casteCategory": "Any",
    "minIncome": 0,
    "maxIncome": 0,
    "disability": false,
    "minority": false,
    "maritalStatus": "Any"
  },
  "category": "agriculture",
  "applicationProcedure": [
    "Offline",
    "Subsidy application procedure",
    "State Lead Agency (SLA) shall be responsible for selection of eligible participants/ beneficiaries in the scheme."
  ],
  "documentsRequired": [
    "Forwarding letter of the beneficiary",
    "Copy of project report (DPR) with item-wise details of costs, total outlay, loan and margin submitted by the promoter",
    "Copy of the approved plan/ map and civil drawings clearly indicating the dimensions and capacity of the infrastructure project",
    "Invoices for purchase of machinery/equipment, if any",
    "Copy of land documents where the project is going to be established",
    "Notarized Affidavit in Original executed by the promoter on a non-judicial stamp paper as suggested by State Lead Agency (SLA)",
    "Copy of duly registered partnership deed, if it is a partnership firm, Memorandum& Articles of Association and certificate of incorporation, in case of Private Limited Company etc"
  ],
  "state": "Arunachal Pradesh, Assam, Manipur, Meghalaya, Mizoram, Nagaland, Sikkim and Tripura",
  "mode": true,
  "sourceLink": "https://www.myscheme.gov.in/schemes/kuy-movcdner"
}