{
  "schemeName": "Krishonnati Yojana - Sub Mission On Seed And Planting Material (SMSP)",
  "eligibility": {
    "residence": "rural",
    "minAge": 0,
    "maxAge": 0,
    "gender": null,
    "casteCategory": "Any",
    "minIncome": 0,
    "maxIncome": 0,
    "disability": false,
    "minority": false,
    "maritalStatus": "Any"
  },
  "category": "agriculture",
  "applicationProcedure": [
    "Offline",
    "Bona fide farmers can apply to the District Agriculture Officer of the concerned districts/Agriculture Development Officer of C&RD Block/ Agriculture Circle, by submitting copies of the required documents."
  ],
  "documentsRequired": [
    "Copy of farmer B1 khasra / loan book",
    "Aaadhaar Number",
    "Copy of the Bank Passbook"
  ],
  "state": "Any",
  "mode": true,
  "sourceLink": "https://www.myscheme.gov.in/schemes/ky-smsp"
}