{
  "schemeName": "Krishi Input Anudan Yojana",
  "eligibility": {
    "residence": "rural",
    "minAge": 0,
    "maxAge": 0,
    "gender": null,
    "casteCategory": "Any",
    "minIncome": 0,
    "maxIncome": 0,
    "disability": false,
    "minority": false,
    "maritalStatus": "Any"
  },
  "category": "agriculture",
  "applicationProcedure": [
    "Visit the registration page of the DBT portal",
    "Select Aadhaar verification type",
    "Enter Aadhaar number and Name",
    "Enter OTP and validate",
    "Fill in farmer details, land information, and bank account details",
    "Submit and generate registration ID",
    "Apply for the scheme after 48 hours using the registration number"
  ],
  "documentsRequired": [
    "Aadhaar Details",
    "Passport Size Photo",
    "Farmer details",
    "Land information",
    "Bank account",
    "Police station number",
    "Account number",
    "Khesra number",
    "Land document or Land Possession Certificate",
    "Details of Crop Damaged by the flood",
    "Details of two adjacent farmers and verified documents"
  ],
  "state": "Bihar",
  "mode": false,
  "sourceLink": "https://www.myscheme.gov.in/schemes/kiay"
}