{
  "schemeName": "Krishak Durghatna Kalyan Yojana",
  "eligibility": {
    "residence": "rural",
    "minAge": 18,
    "maxAge": 70,
    "gender": null,
    "casteCategory": "Any",
    "minIncome": 0,
    "maxIncome": 0,
    "disability": true,
    "minority": false,
    "maritalStatus": "Any"
  },
  "category": "agriculture",
  "applicationProcedure": [
    "Online",
    "Offline"
  ],
  "documentsRequired": [
    "Attested copy of Khatauni",
    "Attested copy of the registered lease for the registered private lessee",
    "Certificate for Bataidar",
    "Age certificate",
    "Address proof",
    "Family member details"
  ],
  "state": "Uttar Pradesh",
  "mode": true,
  "sourceLink": "https://www.myscheme.gov.in/schemes/kdky"
}