{
  "schemeName": "Lakshmi Bai Samajik Suraksha Pension Yojana",
  "eligibility": {
    "residence": "Bihar",
    "minAge": 18,
    "maxAge": 0,
    "gender": false,
    "casteCategory": "Any",
    "minIncome": 0,
    "maxIncome": 60000,
    "disability": false,
    "minority": false,
    "maritalStatus": "Widow"
  },
  "category": "Women and Child",
  "applicationProcedure": [
    "Online",
    "Offline",
    "Visit the official website",
    "Click on Apply for Social Security Pension Schemes",
    "Select the scheme Name",
    "Fill out the Applicant's Details, Complete Address of Residence, Bank Details, and accept the Self Declaration and Consent",
    "Click on the submit button"
  ],
  "documentsRequired": [
    "Female Aadhaar card",
    "Address proof",
    "BPL ration card",
    "Age certificate",
    "Income certificate",
    "Husband's death certificate",
    "Identity card",
    "Bank account statement",
    "Mobile number",
    "Email id",
    "Passport-size photo"
  ],
  "state": "Bihar",
  "mode": true,
  "sourceLink": "https://www.myscheme.gov.in/schemes/lbsspy"
}