{
  "schemeName": "Laxman Award / Rani Laxmi Bai Award Scheme- Differently-abled and Posthumously",
  "eligibility": {
    "residence": "Uttar Pradesh",
    "minAge": 0,
    "maxAge": 0,
    "gender": null,
    "casteCategory": "Any",
    "minIncome": 0,
    "maxIncome": 0,
    "disability": true,
    "minority": false,
    "maritalStatus": "Any"
  },
  "category": "Sports",
  "applicationProcedure": [
    "Take the prescribed format of the application form",
    "Fill in all the mandatory fields, paste the passport-sized photograph, and attach copies of all the mandatory documents",
    "Submit the duly filled and signed application form along with the documents to the respective sports officer of the concerned district",
    "Request a receipt or acknowledgment from the concerned authority"
  ],
  "documentsRequired": [
    "Two Passport-size photograph",
    "Proof of age i.e. Birth certificate",
    "Identify Proof",
    "PAN card",
    "Domicile certificate",
    "Bank Passbook (Account number, IFSC code)",
    "Certificate of Sports competition/Championships of State, National & International importance covered by the applicant",
    "Affidavit (If not found guilty of substance abuse in a competition/championship)",
    "Affidavit (If not found guilty by the court in a suit/sexual harassment)",
    "Disability certificate"
  ],
  "state": "Uttar Pradesh",
  "mode": true,
  "sourceLink": "https://www.myscheme.gov.in/schemes/larlbasdaap"
}