{
  "schemeName": "Laxman Award / Rani Laxmi Bai Award Scheme",
  "eligibility": {
    "residence": "Uttar Pradesh",
    "minAge": 0,
    "maxAge": 0,
    "gender": null,
    "casteCategory": "Any",
    "minIncome": 0,
    "maxIncome": 0,
    "disability": false,
    "minority": false,
    "maritalStatus": "Any"
  },
  "category": "sports",
  "applicationProcedure": [
    "The interested applicant should take the prescribed format of the application form.",
    "In the application form, fill in all the mandatory fields, paste the passport-sized photograph (signed across, if required), and attach copies of all the mandatory documents (self-attest, if required).",
    "Submit the duly filled and signed application form along with the documents to the respective sports officer of the concerned district.",
    "Request a receipt or acknowledgment from the concerned authority to whom the application has been submitted. Ensure that the receipt contains essential details such as the date and time of submission, and a unique identification number (if applicable)."
  ],
  "documentsRequired": [
    "Two Passport-size Photograph",
    "Proof of age i.e. Birth certificate",
    "Identify proof (Aadhaar card)",
    "PAN card",
    "Domicile certificate",
    "Bank Passbook (Account number, IFSC code)",
    "Details of Sports competition/Championships of State, National & International importance covered by the applicant including profiles of Sports persons (Supporting documents)",
    "Any other relevant documents, as required"
  ],
  "state": "Uttar Pradesh",
  "mode": true,
  "sourceLink": "https://www.myscheme.gov.in/schemes/larlbas"
}