{
  "schemeName": "Leprosy Pension Scheme",
  "eligibility": {
    "residence": "rural",
    "minAge": 0,
    "maxAge": 0,
    "gender": null,
    "casteCategory": "Any",
    "minIncome": 0,
    "maxIncome": 46080,
    "disability": true,
    "minority": false,
    "maritalStatus": "Any"
  },
  "category": "health and wellness",
  "applicationProcedure": [
    "Visit the official Portal",
    "Fill out the online application form",
    "Fill Personal Details, Bank Details, Income Details, and a description of a disability",
    "Upload the required documents"
  ],
  "documentsRequired": [
    "Passport size colour photograph",
    "Date of Birth/Age certificate",
    "Disability certificate"
  ],
  "state": "Uttar Pradesh",
  "mode": false,
  "sourceLink": "https://www.myscheme.gov.in/schemes/lpsup"
}