{
  "schemeName": "LIDCOM Training Scheme",
  "eligibility": {
    "residence": "rural",
    "minAge": 18,
    "maxAge": 50,
    "gender": null,
    "casteCategory": "SC",
    "minIncome": 0,
    "maxIncome": 100000,
    "disability": false,
    "minority": false,
    "maritalStatus": "Any"
  },
  "category": "education",
  "applicationProcedure": [
    "Take the format of the application form from the District Office of LIDCOM.",
    "Fill in all the mandatory fields, paste the passport-sized photograph (signed across), and attach all the (self-attested) mandatory documents.",
    "Submit the duly filled and signed application form along with the documents to the District Office.",
    "Acquire the receipt/acknowledgment of the successful submission of the application form from the District Office."
  ],
  "documentsRequired": [
    "Aadhaar Card",
    "Proof of Age (Birth Certificate, Marksheet of Class 10th/12th, etc)",
    "2-Passport Sized Photograph (Signed Across)",
    "Residential Certificate / Domicile Certificate of the State of Maharashtra",
    "Bonafide Certificate/Proof of Admission from the School/College/Institution",
    "Income Certificate issued by an Authorised Govt.Officer",
    "Caste Certificate issued by an Authorised Govt.Officer",
    "Details of the Bank Account (Bank Name, Branch Name, Address, IFSC, etc)"
  ],
  "state": "Maharashtra",
  "mode": true,
  "sourceLink": "https://www.myscheme.gov.in/schemes/lts"
}