{
  "schemeName": "LIDCOM Education Loan Scheme",
  "eligibility": {
    "residence": "rural",
    "minAge": 18,
    "maxAge": 50,
    "gender": null,
    "casteCategory": "SC",
    "minIncome": 0,
    "maxIncome": 300000,
    "disability": false,
    "minority": false,
    "maritalStatus": "Any"
  },
  "category": "education",
  "applicationProcedure": [
    "Take the format of the application form from the District Office of LIDCOM.",
    "Fill in all the mandatory fields, paste the passport sized photograph (signed across), and attach all the (self-attested) mandatory documents.",
    "Submit the duly filled and signed application form along with the documents to the District Office.",
    "Acquire the receipt/acknowledgement of successful submission of the application form from the District Office."
  ],
  "documentsRequired": [
    "Aadhaar Card",
    "2-Passport Sized Photograph (Signed Across)",
    "Marksheet / Passing Certificate of the Latest Educational Qualification",
    "Proof of Admission : Offer Letter or Admission Letter from the Institution",
    "Residential Certificate / Domicile Certificate of the State of Maharashtra",
    "Income Certificate issued by an Authorised Govt.Officer",
    "Caste Certificate issued by an Authorised Govt.Officer",
    "Details of the Bank Account (Bank Name, Branch Name, Address, IFSC, etc)",
    "A/C statement for last 1 year in case of any previous loan from other Banks/Lenders (if any)"
  ],
  "state": "Maharashtra",
  "mode": true,
  "sourceLink": "https://www.myscheme.gov.in/schemes/lels"
}