{
  "schemeName": "Livestock Health and Diseases Control",
  "eligibility": {
    "residence": "rural",
    "minAge": 0,
    "maxAge": 0,
    "gender": null,
    "casteCategory": "Any",
    "minIncome": 0,
    "maxIncome": 0,
    "disability": false,
    "minority": false,
    "maritalStatus": "Any"
  },
  "category": "agriculture",
  "applicationProcedure": [
    "Contact local veterinary office or the Department of Animal Husbandry and Dairying in state.",
    "Get the application form.",
    "Fill out the application form with required details.",
    "Submit it to the concerned authority."
  ],
  "documentsRequired": [
    "An application form.",
    "A copy of your Aadhaar card or other identity proof.",
    "A copy of your livestock ownership documents."
  ],
  "state": "Any",
  "mode": true,
  "sourceLink": "https://www.myscheme.gov.in/schemes/lhadc"
}