{
  "schemeName": "Long Term-Loan to SC Co-op Spinning Mills under Special Component Plan",
  "eligibility": {
    "residence": "rural",
    "minAge": 0,
    "maxAge": 0,
    "gender": null,
    "casteCategory": "SC",
    "minIncome": 0,
    "maxIncome": 0,
    "disability": false,
    "minority": false,
    "maritalStatus": "Any"
  },
  "category": "industry",
  "applicationProcedure": [
    "Visit the Textile Department, Government of Maharashtra and request a hard copy of the prescribed format of the application form",
    "Fill in all the mandatory fields, paste the passport-sized photograph, and attach copies of all the mandatory documents",
    "Submit the duly filled and signed application form along with the documents to the Textile Department",
    "Request a receipt or acknowledgement from the concerned authority",
    "After approval and sanction of share capital, proceed to submit the application to the Assistant Commissioner, District Social Welfare Office"
  ],
  "documentsRequired": [
    "Passport-sized photograph",
    "Recent financial statements of the spinning mill",
    "Detailed project report enumerated by a recognized financial institution",
    "Identity proof, address proof, and any other required documents"
  ],
  "state": "Maharashtra",
  "mode": true,
  "sourceLink": "https://www.myscheme.gov.in/schemes/ltltscosmuscp"
}