{
  "schemeName": "Mahadevi Verma Shramik Pustak Kraya Dhan Yojana",
  "eligibility": {
    "residence": "rural",
    "minAge": 0,
    "maxAge": 0,
    "gender": false,
    "casteCategory": "Any",
    "minIncome": 0,
    "maxIncome": 15000,
    "disability": false,
    "minority": false,
    "maritalStatus": "Any"
  },
  "category": "education",
  "applicationProcedure": [
    "Access the official website of the Uttar Pradesh Labour Welfare Board",
    "Select the \"Shramik Application\" option",
    "Register New User and fill out the registration form",
    "Log in to the portal and choose the relevant scholarship scheme",
    "Complete the application form, upload a recent photograph, and submit the application form",
    "Obtain a printed copy of the duly submitted application form",
    "Present the application form at the concerned educational institution and the factory/establishment for verification and endorsement",
    "Upload a scanned copy of the verified application form along with the required supporting documents"
  ],
  "documentsRequired": [
    "Attested copy of the online application form",
    "Readable self-certified copy of the beneficiary's bank passbook",
    "Readable copy of ration card, family register or other government record",
    "Readable attested copy of Aadhar card of the beneficiary father and mother",
    "Attested copy of the fee receipt of the course"
  ],
  "state": "Uttar Pradesh",
  "mode": false,
  "sourceLink": "https://www.myscheme.gov.in/schemes/mvspkdpy"
}