{
  "schemeName": "Mahila Kisan Yojana (Maharashtra)",
  "eligibility": {
    "residence": "rural",
    "minAge": 18,
    "maxAge": 50,
    "gender": false,
    "casteCategory": "Charmakar Community",
    "minIncome": 0,
    "maxIncome": 98000,
    "disability": false,
    "minority": false,
    "maritalStatus": "Any"
  },
  "category": "women and child",
  "applicationProcedure": [
    "Visit the District Office of Leather Industries Development Corporation of Maharashtra (LIDCOM) and request the application form",
    "Fill in the application form and attach required documents",
    "Submit the application form to the District Office of LIDCOM",
    "Request a receipt or acknowledgement"
  ],
  "documentsRequired": [
    "Completed application form",
    "Recent passport-size photograph",
    "Valid Income Certificate",
    "Caste Certificate",
    "Proof of Residence",
    "7/12 Land Extract",
    "Knowledge or experience proof"
  ],
  "state": "Maharashtra",
  "mode": true,
  "sourceLink": "https://www.myscheme.gov.in/schemes/mkym"
}