{
  "schemeName": "Mahila Samriddhi Yojana",
  "eligibility": {
    "residence": "rural",
    "minAge": 18,
    "maxAge": 55,
    "gender": false,
    "casteCategory": "SC/ST/OBC",
    "minIncome": 0,
    "maxIncome": 300000,
    "disability": false,
    "minority": false,
    "maritalStatus": "Any"
  },
  "category": "women and child",
  "applicationProcedure": [
    "Visit the official website of NSFDC or your state government portal to apply.",
    "Download the Mahila Samridhi Yojana application form.",
    "Fill up the application form carefully and provide the necessary details.",
    "Submit the form along with the required documents."
  ],
  "documentsRequired": [
    "Address Proof",
    "Identity Proof",
    "SHG membership ID",
    "Caste certificate (if applicable)",
    "Income Certificate from a competent authority",
    "Aadhaar Card",
    "Bank Account details",
    "Recent Passport Size Photographs"
  ],
  "state": "Any",
  "mode": true,
  "sourceLink": "https://www.myscheme.gov.in/schemes/cbssc-msy"
}