{
  "schemeName": "Mahila Samman Savings Certificate",
  "eligibility": {
    "residence": "Any",
    "minAge": 0,
    "maxAge": 0,
    "gender": false,
    "casteCategory": "Any",
    "minIncome": 0,
    "maxIncome": 0,
    "disability": false,
    "minority": false,
    "maritalStatus": "Any"
  },
  "category": "Women and Child",
  "applicationProcedure": [
    "Visit the nearest Post Office Branch or a designated bank",
    "Collect the applicant form or download it from the official website",
    "Fill out the application form and attach all the required documents",
    "Fill out the declaration and nomination details",
    "Submit the application form with the initial amount of investment/deposit",
    "Receive the certificate that serves as proof of investment in the ‘Mahila Samman Savings Certificate’ scheme"
  ],
  "documentsRequired": [
    "Passport size photograph",
    "Proof of age, i.e. Birth Certificate",
    "Aadhaar Card",
    "PAN Card",
    "Pay-in-Slip along with deposit amount or cheque",
    "Valid documents for identification and address proof (Passport, Driving license, Voter’s ID card, Job card issued by NREGA, Letter issued by the National Population Register)"
  ],
  "state": "Any",
  "mode": true,
  "sourceLink": "https://www.myscheme.gov.in/schemes/mssc"
}