{
  "schemeName": "Maintenance Allowance To VJNT And SBC Students Studying In Professional Courses And Living In Hostel Attached To Professional Colleges",
  "eligibility": {
    "residence": "rural",
    "minAge": 0,
    "maxAge": 0,
    "gender": null,
    "casteCategory": "VJNT or SBC",
    "minIncome": 0,
    "maxIncome": 0,
    "disability": false,
    "minority": false,
    "maritalStatus": "Any"
  },
  "category": "education",
  "applicationProcedure": [
    "Visit the official website to register yourself by clicking on “New Applicant registration” and fill in all the mandatory details",
    "Login by filling Login details",
    "Create your profile by filling in all your updated personal details like address, qualifications, etc",
    "Apply for the eligible schemes"
  ],
  "documentsRequired": [
    "Aadhaar Number",
    "Domicile Certificate of Maharashtra",
    "Caste Certificate VJNT or SBC Community",
    "Family Income Certificate",
    "Marksheet of the Latest Educational Qualification",
    "Bank Account Details",
    "Passport-sized Photograph"
  ],
  "state": "Maharashtra",
  "mode": false,
  "sourceLink": "https://www.myscheme.gov.in/schemes/pmavssspc"
}