{
  "schemeName": "Maintenance Allowance To Backward Class Students Under Training In Sainik Schools",
  "eligibility": {
    "residence": "rural",
    "minAge": 0,
    "maxAge": 0,
    "gender": null,
    "casteCategory": "VJNT and SBC",
    "minIncome": 0,
    "maxIncome": 0,
    "disability": false,
    "minority": false,
    "maritalStatus": "Any"
  },
  "category": "education",
  "applicationProcedure": [
    "Visit the official website of Aaple Sarkar / Maha DBT",
    "Click on 'New Applicant Registration'",
    "Register using your Name, Mobile Number, and Email ID",
    "Login using your Username and Password"
  ],
  "documentsRequired": [
    "Citizen of India",
    "Domicile / permanent resident of the state of Maharashtra",
    "Belong to Vimukta Jatis, Nomadic Tribes, or Special Backward Class",
    "Studying in Classes 5th to 12th",
    "Studying in a Sainik School recognized/approved by the Govt. of Maharashtra"
  ],
  "state": "Maharashtra",
  "mode": false,
  "sourceLink": "https://www.myscheme.gov.in/schemes/mabcstss"
}