{
  "schemeName": "Makhana Vikas Yojana",
  "eligibility": {
    "residence": "rural",
    "minAge": 0,
    "maxAge": 0,
    "gender": false,
    "casteCategory": "Any",
    "minIncome": 0,
    "maxIncome": 0,
    "disability": false,
    "minority": false,
    "maritalStatus": "Any"
  },
  "category": "agriculture",
  "applicationProcedure": [
    "Visit the registration page of the DBT portal",
    "Select Aadhaar verification type",
    "Enter Aadhaar number and Name",
    "Enter the OTP",
    "Confirm the details about Kisan Credit Card (KCC)",
    "Fill in farmer details, Land information, Bank account details",
    "Validate with OTP",
    "Visit the official website",
    "Scroll to bottom and confirm the checkbox",
    "Select the Type of Applicant and enter DBT Registration Number",
    "Fill in required details and upload documents",
    "Confirm the checkbox and submit"
  ],
  "documentsRequired": [
    "Aadhaar Details",
    "Passport Size Photo",
    "Farmer details",
    "Land information",
    "Bank account",
    "Contract form (for non-ryot farmers)",
    "Land-ownership/ revenue receipt (If applicable)",
    "Genealogy (if applicant's name is not clear in land-ownership/ revenue receipt)"
  ],
  "state": "Bihar",
  "mode": false,
  "sourceLink": "https://www.myscheme.gov.in/schemes/mvyb"
}