{
  "schemeName": "Marriage Grant Scheme",
  "eligibility": {
    "residence": "Both",
    "minAge": 18,
    "maxAge": 0,
    "gender": false,
    "casteCategory": "OBC",
    "minIncome": 0,
    "maxIncome": 56460,
    "disability": false,
    "minority": false,
    "maritalStatus": "Any"
  },
  "category": "Women and Child",
  "applicationProcedure": [
    "Apply through Jan Suvidha Kendras",
    "Apply through District Backward Classes Welfare Officer",
    "Apply on the official website of the department"
  ],
  "documentsRequired": [
    "Aadhar Card",
    "Income Certificate",
    "Caste Certificate",
    "Certificate showing the date fixed for marriage (Marriage Invitation card)",
    "Documentary proof in case of widow/PwD certificate",
    "Documents related to the bank account"
  ],
  "state": "Any",
  "mode": false,
  "sourceLink": "https://www.myscheme.gov.in/schemes/mgs"
}