{
  "schemeName": "Marriage Assistance (A.B.O.C.W.W.B)",
  "eligibility": {
    "residence": "urban and rural",
    "minAge": 0,
    "maxAge": 0,
    "gender": null,
    "casteCategory": "Any",
    "minIncome": 0,
    "maxIncome": 0,
    "disability": false,
    "minority": false,
    "maritalStatus": "Any"
  },
  "category": "women and child",
  "applicationProcedure": [
    "Online application through official website",
    "Registration under Assam Building and Other Construction Workers Welfare Board",
    "Login to the portal and apply for the scheme",
    "Fill up the application form and upload necessary documents",
    "Submit the application form and track the status"
  ],
  "documentsRequired": [
    "Passport size photograph",
    "Proof of Age/DOB",
    "Copy of Aadhaar Card",
    "Copy of Voter ID Card",
    "Bank passbook first page",
    "Experience Certificate/Employers Certificate",
    "Completely filled Nomination Form",
    "Completely filled Registration Form",
    "ABOCWWB ID Card",
    "Copy of Payslip of Account Pay book",
    "Marriage Certificate"
  ],
  "state": "Assam",
  "mode": false,
  "sourceLink": "https://www.myscheme.gov.in/schemes/maabocwwb"
}