{
  "schemeName": "Marriage Incentive Reward Scheme",
  "eligibility": {
    "residence": "rural",
    "minAge": 21,
    "maxAge": 45,
    "gender": null,
    "casteCategory": "Any",
    "minIncome": 0,
    "maxIncome": 0,
    "disability": true,
    "minority": false,
    "maritalStatus": "Any"
  },
  "category": "women and child",
  "applicationProcedure": [
    "Visit the official portal",
    "Click on the registration",
    "Fill out the application form",
    "Submit the application form",
    "Submit a hard copy of the online application form to the District Disabled Empowerment Office"
  ],
  "documentsRequired": [
    "Age Proof",
    "Address Proof",
    "Photograph",
    "Disability percent proof",
    "Marriage certificate"
  ],
  "state": "Uttar Pradesh",
  "mode": false,
  "sourceLink": "https://www.myscheme.gov.in/schemes/mirs"
}