{
  "schemeName": "Maternity Benefit (A.B.O.C.W.W.B)",
  "eligibility": {
    "residence": "Assam",
    "minAge": 0,
    "maxAge": 0,
    "gender": false,
    "casteCategory": "Any",
    "minIncome": 0,
    "maxIncome": 0,
    "disability": false,
    "minority": false,
    "maritalStatus": "Any"
  },
  "category": "Women and Child",
  "applicationProcedure": [
    "Submit online application through official website",
    "Fill in mandatory details and upload required documents",
    "Make payment using UPI-based modes/Cards/net banking or Challan",
    "Login to portal and apply for the scheme",
    "Fill up application form and upload necessary documents"
  ],
  "documentsRequired": [
    "Passport size photograph",
    "Proof of age/DOB",
    "Copy of Aadhaar Card",
    "Copy of Voter ID card",
    "Bank passbook first page",
    "Experience Certificate/Employers Certificate",
    "Completely filled Nomination Form",
    "Completely filled Registration Form",
    "ABOCWWB ID Card",
    "Copy of Pay slip of Account Pay book",
    "Medical Certificate"
  ],
  "state": "Assam",
  "mode": false,
  "sourceLink": "https://www.myscheme.gov.in/schemes/mbabocwwb"
}