{
  "schemeName": "Matritva, Shishu Evam Baalika Madad Yojana",
  "eligibility": {
    "residence": "urban and rural",
    "minAge": 18,
    "maxAge": 0,
    "gender": false,
    "casteCategory": "Any",
    "minIncome": 0,
    "maxIncome": 0,
    "disability": false,
    "minority": false,
    "maritalStatus": "Any"
  },
  "category": "women and child",
  "applicationProcedure": [
    "Visit the nearest labor office, Tehsildar of the concerned tehsil, or Block Development Officer of the concerned development block",
    "Get the application form and fill it out completely",
    "Attach required documents in the prescribed format",
    "Submit the application form in the same office"
  ],
  "documentsRequired": [
    "Proof of identity: Attested photocopy of the registered construction worker's identity card",
    "Child's birth certificate: Attested photocopy of the child's birth certificate (boy or girl)",
    "Delivery certificate: Prescribed certificate issued by the medical officer for institutional delivery",
    "Abortion/Sterilization certificate: Certificate issued by the medical officer for abortion or sterilization",
    "Anganwadi registration certificate: Certificate from the Anganwadi worker confirming child's registration",
    "Survival certificate: Proof of child's survival required for claiming the second year's benefit",
    "Adoption records: Certified records if the child is adopted (applicable for girl child benefit)"
  ],
  "state": "Uttar Pradesh",
  "mode": true,
  "sourceLink": "https://www.myscheme.gov.in/schemes/mesy"
}