{
  "schemeName": "Medical Assistance (A.B.O.C.W.W.B)",
  "eligibility": {
    "residence": "urban and rural",
    "minAge": 0,
    "maxAge": 0,
    "gender": null,
    "casteCategory": "Any",
    "minIncome": 0,
    "maxIncome": 0,
    "disability": true,
    "minority": false,
    "maritalStatus": "Any"
  },
  "category": "health and wellness",
  "applicationProcedure": [
    "Online application through official website",
    "Login to the portal using ID No./registered phone number",
    "Fill up the online application form and upload necessary documents",
    "Submit the application form and get a tracking/reference number"
  ],
  "documentsRequired": [
    "Passport size photograph",
    "Proof of Age/DOB",
    "Copy of Aadhaar Card",
    "Copy of Voter ID Card",
    "Bank passbook first page",
    "Experience Certificate/Employers Certificate",
    "Completely filled Nomination Form",
    "Completely filled Registration Form",
    "ABOCWWB ID Card",
    "Attested Copy of ID Card",
    "Copy of Payslip of Account Pay book",
    "Accident report from the Employer/Principal Employer/Local Police Authority",
    "All documents of treatment in the Government Hospital",
    "Photo of the part of the person affected due to the accident",
    "Percentage of Disability Certificate from the Appropriate Authority"
  ],
  "state": "Assam",
  "mode": false,
  "sourceLink": "https://abocwwb.assam.gov.in/"
}