{
  "schemeName": "Meritorious Scholarships To Vjnt And Sbc Students Studying In Secondary Schools",
  "eligibility": {
    "residence": "rural",
    "minAge": 0,
    "maxAge": 0,
    "gender": null,
    "casteCategory": "VJNT/SBC",
    "minIncome": 0,
    "maxIncome": 0,
    "disability": false,
    "minority": false,
    "maritalStatus": "Any"
  },
  "category": "education",
  "applicationProcedure": [
    "Contact the school principal for application",
    "Submit application through Head Master of the concerned School"
  ],
  "documentsRequired": [
    "Caste Certificate",
    "Domicile Certificate",
    "Residence Proof",
    "Aadhar card",
    "Bank Details",
    "School Marksheet",
    "Passport size photograph"
  ],
  "state": "Maharashtra",
  "mode": true,
  "sourceLink": "https://www.myscheme.gov.in/schemes/msvss"
}