{
  "schemeName": "Merit Awards",
  "eligibility": {
    "residence": "rural",
    "minAge": 0,
    "maxAge": 0,
    "gender": null,
    "casteCategory": "Any",
    "minIncome": 0,
    "maxIncome": 0,
    "disability": true,
    "minority": false,
    "maritalStatus": "Any"
  },
  "category": "education",
  "applicationProcedure": [
    "Visit the District Social Welfare Office, and request a hard copy of the format of the application form for the scheme from the concerned authority.",
    "Fill in all the mandatory fields, paste the passport-sized photograph (signed across), and attach all the (self-attested) mandatory documents.",
    "Submit the duly filled and signed application form along with the documents to the Regional Deputy Commissioner, District Social Welfare Office.",
    "Acquire the receipt/acknowledgment of the successful submission of the application form from the District Social Welfare Office."
  ],
  "documentsRequired": [
    "Proof reg. the Latest Educational Qualification.",
    "Proof of securing 1st, 2nd, and 3rd among disabled students in the Secondary School Certificate (S.S.C.) and Higher Secondary Certificate (H.S.C.) in their respective divisional boards of education.",
    "Bonafide Certificate from the Institution.",
    "Aadhaar Card.",
    "2-Passport Sized Photograph (Signed Across).",
    "Residential Certificate / Domicile Certificate of the State of Maharashtra.",
    "Disability Certificate.",
    "Details of the Bank Account (Bank Name, Branch Name, Address, IFSC, etc).",
    "Any other document required by the District Social Welfare Office."
  ],
  "state": "Maharashtra",
  "mode": true,
  "sourceLink": "https://www.myscheme.gov.in/schemes/ma-maha"
}