{
  "schemeName": "Mission on Integrated Development of Horticulture- NHM and HMNEH",
  "eligibility": {
    "residence": "rural",
    "minAge": 0,
    "maxAge": 0,
    "gender": null,
    "casteCategory": "Any",
    "minIncome": 0,
    "maxIncome": 0,
    "disability": false,
    "minority": false,
    "maritalStatus": "Any"
  },
  "category": "agriculture",
  "applicationProcedure": [
    "Get in touch with District Horticulture Officer / Block Horticulture Officer",
    "Submit applicant’s details and project plan to State Horticulture Mission",
    "State Horticulture Mission will finalise the entrepreneur’s proposals",
    "Applicant’s proposal will be appraised based on MIDH’s guidelines",
    "If approved, financial assistance will be released to beneficiary"
  ],
  "documentsRequired": [
    "Aadhaar number",
    "Land documents",
    "Caste certificate",
    "Bank details",
    "Photographs"
  ],
  "state": "Any",
  "mode": true,
  "sourceLink": "https://www.myscheme.gov.in/schemes/midh"
}