{
  "schemeName": "Motorized Tricycle Yojana",
  "eligibility": {
    "residence": "Rajasthan",
    "minAge": 18,
    "maxAge": 0,
    "gender": null,
    "casteCategory": "Any",
    "minIncome": 0,
    "maxIncome": 250000,
    "disability": true,
    "minority": false,
    "maritalStatus": "Any"
  },
  "category": "Health and Wellness",
  "applicationProcedure": [
    "Visit the office of the District Social Justice & Empowerment Department",
    "Fill in the application form and attach mandatory documents",
    "Submit the application form and documents",
    "Request a receipt or acknowledgment"
  ],
  "documentsRequired": [
    "Identity Proof",
    "Proof of age",
    "Domicile Certificate",
    "Disability Certificate",
    "Driving License",
    "Income Certificate"
  ],
  "state": "Rajasthan",
  "mode": true,
  "sourceLink": "https://www.myscheme.gov.in/schemes/mts"
}