{
  "schemeName": "Mukhyamantri Nischay Swayam Sahayata Bhatta Yojna",
  "eligibility": {
    "residence": "rural",
    "minAge": 20,
    "maxAge": 25,
    "gender": null,
    "casteCategory": "Any",
    "minIncome": 0,
    "maxIncome": 0,
    "disability": false,
    "minority": false,
    "maritalStatus": "Any"
  },
  "category": "education",
  "applicationProcedure": [
    "Visit the official website",
    "Click on new registration",
    "Fill in the required details",
    "Authenticate using OTP",
    "Log in using the provided username and password",
    "Fill in the personal information",
    "Select the scheme and fill out the form",
    "Sign the declaration"
  ],
  "documentsRequired": [
    "Aadhar Card",
    "Xth Passing Certificate",
    "XIIth passing Certificate",
    "Resident Certificate",
    "Filled Common Application form"
  ],
  "state": "Bihar",
  "mode": false,
  "sourceLink": "https://www.myscheme.gov.in/schemes/mnssby"
}