{
  "schemeName": "Mukhyamantri Vas Sthal Kray Sahayata Yojana",
  "eligibility": {
    "residence": "rural",
    "minAge": 0,
    "maxAge": 0,
    "gender": null,
    "casteCategory": "Any",
    "minIncome": 0,
    "maxIncome": 0,
    "disability": false,
    "minority": false,
    "maritalStatus": "Any"
  },
  "category": "housing",
  "applicationProcedure": [
    "Verify your eligibility as a PMAY-G beneficiary.",
    "Gather all required documents and submit your application through the designated Rural Development Department office.",
    "The concerned authority will conduct a physical verification of landlessness and eligibility.",
    "Upon approval, the amount will be directly transferred to the bank account."
  ],
  "documentsRequired": [
    "Identity proof (e.g., Aadhaar card, voter ID)",
    "Proof of landlessness (certified by the concerned authority)",
    "PMAY-G beneficiary identification",
    "Bank account details",
    "Residential proof",
    "Passport-size photographs"
  ],
  "state": "Bihar",
  "mode": true,
  "sourceLink": "https://www.myscheme.gov.in/schemes/mmvsksy"
}