{
  "schemeName": "Mukhyamantri Nijee Nalkup Yojana",
  "eligibility": {
    "residence": "rural",
    "minAge": 0,
    "maxAge": 0,
    "gender": null,
    "casteCategory": "Any",
    "minIncome": 0,
    "maxIncome": 0,
    "disability": false,
    "minority": false,
    "maritalStatus": "Any"
  },
  "category": "agriculture",
  "applicationProcedure": [
    "Visit the application page",
    "Enter personal information and verify mobile number and Aadhaar number",
    "Upload relevant documents",
    "Read and agree to the declaration",
    "Submit the application"
  ],
  "documentsRequired": [
    "Aadhaar Card",
    "Land Holding Certificate (LPC)",
    "Caste certificate",
    "Photograph",
    "Declaration Form",
    "GST voucher of the motor pump",
    "GST Voucher of Pipe"
  ],
  "state": "Bihar",
  "mode": false,
  "sourceLink": "https://www.myscheme.gov.in/schemes/mnny"
}