{
  "schemeName": "Mukhyamantri Gramin Peyjal Nishchay Yojana",
  "eligibility": {
    "residence": "rural",
    "minAge": 0,
    "maxAge": 0,
    "gender": null,
    "casteCategory": "Any",
    "minIncome": 0,
    "maxIncome": 0,
    "disability": false,
    "minority": false,
    "maritalStatus": "Any"
  },
  "category": "health and wellness",
  "applicationProcedure": [
    "Visit the Gram Panchayat office",
    "Fill in the application form with the required personal and household details",
    "Submit supporting documents",
    "The application will be reviewed for eligibility",
    "Upon approval, the household will be included in the piped water supply scheme"
  ],
  "documentsRequired": [
    "Identity proof (Aadhaar card, Voter ID, etc)",
    "Address proof",
    "Water requirement and consumption details",
    "Residential proof of the Gram Panchayat",
    "Any other documents (if required)"
  ],
  "state": "Bihar",
  "mode": true,
  "sourceLink": "https://www.myscheme.gov.in/schemes/mgpny"
}