{
  "schemeName": "Mukhyamantri Kanya Vivah Yojana",
  "eligibility": {
    "residence": "rural",
    "minAge": 18,
    "maxAge": 0,
    "gender": false,
    "casteCategory": "Any",
    "minIncome": 0,
    "maxIncome": 60000,
    "disability": false,
    "minority": false,
    "maritalStatus": "Unmarried"
  },
  "category": "women and child",
  "applicationProcedure": [
    "Visit the official website",
    "Register yourself",
    "Fill out the application form",
    "Attach the required documents",
    "Submit"
  ],
  "documentsRequired": [
    "Aadhar card",
    "Basic address proof",
    "Caste certificate",
    "BPL ration card",
    "Date of birth of the girl",
    "Income certificate",
    "Bank account number",
    "Mobile number",
    "Passport size photo",
    "Birth certificate or age certificate of boy and girl",
    "Self-attested declaration of non-payment of dowry"
  ],
  "state": "Bihar",
  "mode": false,
  "sourceLink": "https://www.myscheme.gov.in/schemes/mkvy"
}