{
  "schemeName": "Mukhya Mantri Sarvajan Uchcha Shiksha Chhatravriti Yojana",
  "eligibility": {
    "residence": "rural",
    "minAge": 0,
    "maxAge": 0,
    "gender": null,
    "casteCategory": "Any",
    "minIncome": 0,
    "maxIncome": 500000,
    "disability": false,
    "minority": false,
    "maritalStatus": "Any"
  },
  "category": "education",
  "applicationProcedure": [
    "Online",
    "Via CSCs",
    "Registration",
    "Apply"
  ],
  "documentsRequired": [
    "Self-attested Passport-size Photo",
    "Domicile Certificate",
    "10th-grade Mark Sheet",
    "Admission Certificate",
    "Income Certificate",
    "Death Certificate of parent/spouse, if applicable",
    "Marriage certificate, If applicable",
    "Bank account details"
  ],
  "state": "Rajasthan",
  "mode": false,
  "sourceLink": "https://www.myscheme.gov.in/schemes/mmsuscy"
}