{
  "schemeName": "Mukhyamantri Gram Parivahan Yojana",
  "eligibility": {
    "residence": "rural",
    "minAge": 0,
    "maxAge": 0,
    "gender": null,
    "casteCategory": "Any",
    "minIncome": 0,
    "maxIncome": 0,
    "disability": false,
    "minority": false,
    "maritalStatus": "Any"
  },
  "category": "transport",
  "applicationProcedure": [
    "Visit the official Website and click on the \"Registration\" button.",
    "Enter your Mobile Number, New Password, Email, and Driving License No.",
    "Click on \"Register\" to complete the registration process.",
    "Login with your registered Mobile Number and Password.",
    "On the Application page, fill in all the required details and upload the relevant documents.",
    "Then click on the declaration form and click on \"Submit\".",
    "Once all details are filled in correctly, click on \"Print Application\" to get a copy of the application form."
  ],
  "documentsRequired": [
    "Proof of Address",
    "Proof of Birth",
    "Caste Certificate",
    "Aadhaar Details (Optional)",
    "Driving License",
    "Marksheets of qualified exams"
  ],
  "state": "Bihar",
  "mode": false,
  "sourceLink": "https://www.myscheme.gov.in/schemes/mgpy"
}