{
  "schemeName": "Mukhyamantri Samekit Chaur Vikas Yojana",
  "eligibility": {
    "residence": "rural",
    "minAge": 0,
    "maxAge": 0,
    "gender": null,
    "casteCategory": "Any",
    "minIncome": 0,
    "maxIncome": 0,
    "disability": false,
    "minority": false,
    "maritalStatus": "Any"
  },
  "category": "agriculture",
  "applicationProcedure": [
    "Visit the official website",
    "Click on 'Applications are being invited for all the schemes of the financial year (2024-25), click here to apply'",
    "Select 'Registration for Fisheries Schemes'",
    "Complete basic details for registration",
    "Enter a valid 10-digit mobile number and click to send OTP",
    "Enter the OTP and receive a Registration Number and Password",
    "Login with the Registration Number and Password",
    "Fill the application form with personal details, permanent address, bank account details, land details, and financial availability of the scheme",
    "Upload required documents",
    "Click on the submit button"
  ],
  "documentsRequired": [
    "Passport size photographs",
    "Aadhaar card",
    "Caste certificate",
    "Land ownership certificate/revenue receipt or lease agreement",
    "Consent letter for group work",
    "Registration certificate (for entrepreneurs)",
    "Audit and income tax returns (for entrepreneurs)",
    "Bank consent letter"
  ],
  "state": "Bihar",
  "mode": false,
  "sourceLink": "https://www.myscheme.gov.in/schemes/mmscvy"
}