{
  "schemeName": "Mukhyamantri Asahaya Punarwas Yojana",
  "eligibility": {
    "residence": "urban and rural",
    "minAge": 0,
    "maxAge": 0,
    "gender": null,
    "casteCategory": "Any",
    "minIncome": 0,
    "maxIncome": 0,
    "disability": false,
    "minority": false,
    "maritalStatus": "Any"
  },
  "category": "women and child",
  "applicationProcedure": [
    "Submit application on a plain paper to the district collector",
    "Attach copies of all the mandatory documents",
    "Application is scrutinized and approved by the Zila Parishad (District Council)"
  ],
  "documentsRequired": [
    "Aadhaar Card or Any Valid Identity Proof",
    "Proof of Residence",
    "Any Other Document if Required"
  ],
  "state": "Rajasthan",
  "mode": true,
  "sourceLink": "https://www.myscheme.gov.in/schemes/cmdrsr"
}