{
  "schemeName": "Mukhyamantri Kanya Suraksha Yojana",
  "eligibility": {
    "residence": "Bihar",
    "minAge": 0,
    "maxAge": 0,
    "gender": false,
    "casteCategory": "Any",
    "minIncome": 0,
    "maxIncome": 0,
    "disability": false,
    "minority": false,
    "maritalStatus": "Any"
  },
  "category": "women and child",
  "applicationProcedure": [
    "Obtain the application form from the Women & Child Development Corporation or from the local designated government offices.",
    "Fill out the form with accurate details and attach the required documents.",
    "Submit the application form to the nearest government office or relevant authority.",
    "The documents will be verified, and eligible beneficiaries will be informed."
  ],
  "documentsRequired": [
    "Birth certificate of the girl child.",
    "BPL certificate of the family.",
    "Aadhaar card of the parents.",
    "Bank details.",
    "Death certificate of the girl child (if applicable during the intervening period)."
  ],
  "state": "Bihar",
  "mode": true,
  "sourceLink": "https://www.myscheme.gov.in/schemes/mksybb"
}