{
  "schemeName": "Mukhyamantri Chiranjeevi Swasthya Beema Yojana",
  "eligibility": {
    "residence": "rural",
    "minAge": 0,
    "maxAge": 0,
    "gender": null,
    "casteCategory": "Any",
    "minIncome": 0,
    "maxIncome": 0,
    "disability": false,
    "minority": false,
    "maritalStatus": "Any"
  },
  "category": "health and wellness",
  "applicationProcedure": [
    "Online registration through SSO ID or E Mitra Kendra",
    "Registration process for free benefit category",
    "Registration process for category receiving benefits by paying Rs.850/- per family per year"
  ],
  "documentsRequired": [
    "Jan Aadhar Card / Jan Aadhar Card Number / Jan Aadhar Card Registration Receipt Number",
    "Aadhaar card number"
  ],
  "state": "Rajasthan",
  "mode": false,
  "sourceLink": "https://chiranjeevi.rajasthan.gov.in/#/home"
}