{
  "schemeName": "Mukhyamantri Ati Pichhada Varg Udyami Yojana",
  "eligibility": {
    "residence": "Bihar",
    "minAge": 18,
    "maxAge": 50,
    "gender": true,
    "casteCategory": "Extremely Backward Classes",
    "minIncome": 0,
    "maxIncome": 0,
    "disability": false,
    "minority": false,
    "maritalStatus": "Any"
  },
  "category": "Entrepreneurship",
  "applicationProcedure": [
    "Visit the official website and click on 'Registration/Log in'",
    "Select 'Mukhyamantri Udyami Yojana' as 'MMUY'",
    "Enter Aadhaar number and create a desired password",
    "Fill in the registration form carefully",
    "Submit the registration form",
    "Log in to the portal using Aadhaar number and password",
    "Fill in the application form accurately",
    "Upload all the required documents",
    "Review the application",
    "Click on the 'Submit' button to complete the application process"
  ],
  "documentsRequired": [
    "Matriculation certificate",
    "Intermediate or equivalent passing certificate",
    "Caste certificate",
    "Permanent residence certificate",
    "Disability certificate (if required)",
    "Photograph of the applicant",
    "Signature of the applicant"
  ],
  "state": "Bihar",
  "mode": false,
  "sourceLink": "https://www.myscheme.gov.in/schemes/mapvuy"
}