{
  "schemeName": "Mukhyamantri Samuhik Vivah Yojana",
  "eligibility": {
    "residence": "urban and rural",
    "minAge": 18,
    "maxAge": 0,
    "gender": null,
    "casteCategory": "Any",
    "minIncome": 0,
    "maxIncome": 200000,
    "disability": false,
    "minority": false,
    "maritalStatus": "unmarried"
  },
  "category": "women and child",
  "applicationProcedure": [
    "Visit the official website of UP Collective Marriage Scheme",
    "Download the application form",
    "Fill the information asked in the Collective Marriage Grant Scheme form",
    "Attach all required documents with the form",
    "Submit the filled form in the Social Welfare Department of the nearest Gram Panchayat / Municipal Corporation, Municipality, District Headquarters"
  ],
  "documentsRequired": [
    "Photo of bride and groom",
    "Aadhaar card or Voter ID card of the couple",
    "Birth certificate of the bride and groom",
    "Bank passbook of newly married girl",
    "Address proof",
    "Income certificate of the applying family",
    "Caste Certificate (only for SC/ST/OBC)"
  ],
  "state": "Uttar Pradesh",
  "mode": false,
  "sourceLink": "https://www.myscheme.gov.in/schemes/msvy"
}