{
  "schemeName": "Mukhyamantri Shramshakti Yojana",
  "eligibility": {
    "residence": "rural",
    "minAge": 18,
    "maxAge": 45,
    "gender": null,
    "casteCategory": "Minority",
    "minIncome": 0,
    "maxIncome": 450000,
    "disability": false,
    "minority": true,
    "maritalStatus": "Any"
  },
  "category": "Employment",
  "applicationProcedure": [
    "Online application through https://applybsmfc.org/msytra/Login.aspx",
    "Offline application"
  ],
  "documentsRequired": [
    "Identity proof (Aadhaar Card)",
    "Passport-size photograph",
    "Proof of age",
    "Educational Qualification Certificates",
    "Photocopy of bank passbook",
    "Caste/Community certificate",
    "Income certificate",
    "Residence certificate",
    "Disability certificate (if applicable)"
  ],
  "state": "Bihar",
  "mode": false,
  "sourceLink": "https://www.myscheme.gov.in/schemes/mmssy"
}