{
  "schemeName": "Mukhyamantri Vridhjan Pension Yojna",
  "eligibility": {
    "residence": "Bihar",
    "minAge": 60,
    "maxAge": 0,
    "gender": null,
    "casteCategory": "Any",
    "minIncome": 0,
    "maxIncome": 0,
    "disability": false,
    "minority": false,
    "maritalStatus": "Any"
  },
  "category": "health and wellness",
  "applicationProcedure": [
    "Visit the state official Portal: Social Security Pension Management Information System Website (SSPMIS)",
    "Click on ‘Register for MVPY’",
    "Fill in all the mandatory details and click on ‘Validate Aadhaar’",
    "Fill out the MVPY registration form",
    "Submit the MVPY registration form"
  ],
  "documentsRequired": [
    "EPIC Card",
    "Aadhaar Card",
    "Bank Account details with consent to use for DBT",
    "Proof of Age",
    "Passport size photograph",
    "Proof of residence"
  ],
  "state": "Bihar",
  "mode": false,
  "sourceLink": "https://www.myscheme.gov.in/schemes/mvpy-bihar"
}