{
  "schemeName": "Mukhyamantri Anusuchit Jati Ewam Anusuchit Janjati Civil Sewa Protsahan Yojana",
  "eligibility": {
    "residence": "Bihar",
    "minAge": 0,
    "maxAge": 0,
    "gender": null,
    "casteCategory": "SC/ST",
    "minIncome": 0,
    "maxIncome": 0,
    "disability": false,
    "minority": false,
    "maritalStatus": "Any"
  },
  "category": "Education",
  "applicationProcedure": [
    "Visit the department's official website to apply under the scheme",
    "Fill out the form by entering personal details, educational qualifications, and other required information",
    "Upload photograph, signature, and necessary documents",
    "Submit the application form"
  ],
  "documentsRequired": [
    "Passport size photograph",
    "Scanned copy of signature",
    "Identity proof i.e. Aadhaar Card",
    "Self-Attested copy of Admit Card",
    "Proof of passing examination",
    "Proof of residence",
    "Domicile Certificate",
    "Caste certificate",
    "Bank Account Details/scanned copy of signed cancelled cheque"
  ],
  "state": "Bihar",
  "mode": false,
  "sourceLink": "https://www.myscheme.gov.in/schemes/mmajeajcspy#sources"
}