{
  "schemeName": "Mukhya Mantri Hamari Betiyan Yojana",
  "eligibility": {
    "residence": "rural",
    "minAge": 0,
    "maxAge": 0,
    "gender": false,
    "casteCategory": "Any",
    "minIncome": 0,
    "maxIncome": 0,
    "disability": false,
    "minority": false,
    "maritalStatus": "Any"
  },
  "category": "education",
  "applicationProcedure": [
    "Offline",
    "Contact state government school (rajkiya vidyalaya) for application form"
  ],
  "documentsRequired": [
    "Bank Passbook Copy",
    "Education Qualification Marksheet / Certificate Copy",
    "Aadhaar Copy"
  ],
  "state": "Rajasthan",
  "mode": true,
  "sourceLink": "https://www.myscheme.gov.in/schemes/mmhby"
}