{
  "schemeName": "Mukhyamantri Divyangjan Sashaktikaran Chhatra Yojana",
  "eligibility": {
    "residence": "Bihar",
    "minAge": 18,
    "maxAge": 0,
    "gender": null,
    "casteCategory": "Any",
    "minIncome": 0,
    "maxIncome": 200000,
    "disability": true,
    "minority": false,
    "maritalStatus": "Any"
  },
  "category": "Health and Wellness",
  "applicationProcedure": [
    "Visit the official website",
    "Click on 'Apply online'",
    "Register with required details",
    "Login using user-id and password",
    "Fill out the required details and upload documents",
    "Finalize and submit application"
  ],
  "documentsRequired": [
    "Photograph",
    "Income Certificate",
    "Residential Certificate",
    "College/university ID card or Employment/business-related Certificate",
    "Recognized Disability Certificate"
  ],
  "state": "Bihar",
  "mode": false,
  "sourceLink": "https://www.myscheme.gov.in/schemes/mdscy"
}