{
  "schemeName": "Mukhyamantri Vriddhjan Samman Pension Yojana",
  "eligibility": {
    "residence": "Rajasthan",
    "minAge": 55,
    "maxAge": 0,
    "gender": null,
    "casteCategory": "Any",
    "minIncome": 0,
    "maxIncome": 48000,
    "disability": false,
    "minority": false,
    "maritalStatus": "Any"
  },
  "category": "Health and Wellness",
  "applicationProcedure": [
    "Visit the official portal",
    "Click on the option 'Register'",
    "Choose either Jan Aadhaar or Google to process further",
    "Apply by visiting the official portal and logging in",
    "Click on 'IFMS-RAJSSP' option",
    "Enter 'Bhamashah Family ID' and search",
    "Select the person name and scheme name",
    "Complete the Aadhaar Authentication",
    "Provide the required details and upload documents",
    "Submit"
  ],
  "documentsRequired": [
    "Aadhar Card Copy",
    "Jan Aadhar/Bhamashah Card Copy",
    "Bank passbook front page copy",
    "Passport size photo",
    "Income Certificate",
    "Disability Certificate"
  ],
  "state": "Rajasthan",
  "mode": false,
  "sourceLink": "https://www.myscheme.gov.in/schemes/mvspy"
}