{
  "schemeName": "Mukhyamantri Vyavsayik Pathyakram Margdarshan Evam Utpreran Yojana",
  "eligibility": {
    "residence": "Bihar",
    "minAge": 0,
    "maxAge": 0,
    "gender": null,
    "casteCategory": "BC/EBC",
    "minIncome": 0,
    "maxIncome": 300000,
    "disability": false,
    "minority": false,
    "maritalStatus": "Any"
  },
  "category": "Education",
  "applicationProcedure": [
    "Download the application form",
    "Fill in all the mandatory fields",
    "Attach copies of all the mandatory documents",
    "Send the completed application form and supporting documents to the concerned Director"
  ],
  "documentsRequired": [
    "Two passport-size color photographs",
    "Birth Certificate",
    "Educational Qualification Certificates",
    "Caste Certificate",
    "Income Certificate",
    "Aadhaar Card",
    "A self-addressed envelope with a postage stamp"
  ],
  "state": "Bihar",
  "mode": true,
  "sourceLink": "https://www.myscheme.gov.in/schemes/mvpmeuy"
}