{
  "schemeName": "Mukhyamantri - Majhi Ladki Bahin Yojana",
  "eligibility": {
    "residence": "Maharashtra",
    "minAge": 21,
    "maxAge": 65,
    "gender": false,
    "casteCategory": "Any",
    "minIncome": 0,
    "maxIncome": 250000,
    "disability": false,
    "minority": false,
    "maritalStatus": "Any"
  },
  "category": "Women and Child",
  "applicationProcedure": [
    "Visit the official website",
    "Select 'Applicant Login' and click on 'Create Account'",
    "Complete the registration form",
    "Enter the Captcha code and click 'Sign-up'",
    "Enter the OTP and the Captcha code again",
    "Click 'Verify the OTP' to receive a message confirming that your login was successful",
    "Log in to the portal using your Mobile number, Password, and Captcha",
    "Click on 'Application of Mukhyamantri - Majhi Ladki Bahin Yojana' and enter your Aadhaar Number and Captcha",
    "Complete the registration form with the applicant's name, bank details, and permanent address",
    "Upload relevant documents",
    "Click 'Submit' to receive your application ID via SMS"
  ],
  "documentsRequired": [
    "Photograph of the Beneficiary Woman",
    "Aadhaar Card",
    "Domicile Certificate",
    "Ration Card",
    "Income Certificate",
    "Marriage Certificate",
    "Bank Account Details",
    "Affirmation Letter"
  ],
  "state": "Maharashtra",
  "mode": false,
  "sourceLink": "https://www.myscheme.gov.in/schemes/mmlby"
}