{
  "schemeName": "Mukhyamantri Vishesh Yogyajan Swaraozgar Yojana",
  "eligibility": {
    "residence": "rural",
    "minAge": 18,
    "maxAge": 55,
    "gender": null,
    "casteCategory": "Any",
    "minIncome": 0,
    "maxIncome": 200000,
    "disability": true,
    "minority": false,
    "maritalStatus": "Any"
  },
  "category": "health and wellness",
  "applicationProcedure": [
    "Visit office of the District Social Justice and Empowerment Officer and request a hard copy of the prescribed format of the application form",
    "Download the application form from the official website",
    "Fill in all the mandatory fields and attach copies of all the mandatory documents",
    "Submit the duly filled and signed application form along with the documents to the District Social Justice and Empowerment Officer"
  ],
  "documentsRequired": [
    "Passport-size Photo",
    "Proof of age",
    "Certificate of disability",
    "Training Certificate",
    "Self-declaration",
    "Domicile Certificate",
    "Caste Certificate",
    "Income Certificate",
    "Affidavit on ₹10 Non-judicial Stamp Paper",
    "Bank account details/Bank Passbook"
  ],
  "state": "Rajasthan",
  "mode": true,
  "sourceLink": "https://www.myscheme.gov.in/schemes/mmvyjsy"
}