{
  "schemeName": "Mukhyamantri Balika (Snatak) Protsahan Yojana",
  "eligibility": {
    "residence": "Bihar",
    "minAge": 0,
    "maxAge": 0,
    "gender": false,
    "casteCategory": "Any",
    "minIncome": 0,
    "maxIncome": 0,
    "disability": false,
    "minority": false,
    "maritalStatus": "Any"
  },
  "category": "education",
  "applicationProcedure": [
    "Visit the Registration page",
    "Enter all the mandatory details and create a new password",
    "Validate the Captcha code",
    "Click on “Submit” to generate the login ID and Password",
    "Visit the Login page",
    "Enter all the mandatory details and upload all the required documents",
    "Recheck all entries before final submission",
    "Click on “Submit” and take a printout of a copy of the submitted application"
  ],
  "documentsRequired": [
    "Photo of Student",
    "Signature of Student",
    "Aadhaar Card of Student",
    "Permanent Residential Certificate of Bihar",
    "First Page of Bank Pass Book",
    "Graduation Certificate/Passing Marksheet"
  ],
  "state": "Bihar",
  "mode": false,
  "sourceLink": "https://www.myscheme.gov.in/schemes/mbspy"
}