{
  "schemeName": "Mukhyamantri Pragatishil Pashupalak Protsahan Yojana",
  "eligibility": {
    "residence": "Uttar Pradesh",
    "minAge": 18,
    "maxAge": 0,
    "gender": null,
    "casteCategory": "Any",
    "minIncome": 0,
    "maxIncome": 0,
    "disability": false,
    "minority": false,
    "maritalStatus": "Any"
  },
  "category": "Agriculture",
  "applicationProcedure": [
    "Download the application form from the official website",
    "Fill in all the mandatory fields and attach required documents",
    "Submit the application form to the Chief Development Officer or Chief Veterinary Officer",
    "Request a receipt or acknowledgment"
  ],
  "documentsRequired": [
    "Passport-size Photo",
    "Aadhar card",
    "Certificate and Identification Number (microchips/ear tagging system for cow identification)",
    "Copy of Operational Insurance of the Cow",
    "Bank Passbook/Canceled Cheque",
    "Full Photograph of the Applicant with the Cow",
    "Notarized Affidavit"
  ],
  "state": "Uttar Pradesh",
  "mode": true,
  "sourceLink": "https://www.myscheme.gov.in/schemes/mpppy"
}