{
  "schemeName": "Mukhyamantri Atyant Pichhda Varg Medhavriti Yojana",
  "eligibility": {
    "residence": "Bihar",
    "minAge": 0,
    "maxAge": 0,
    "gender": null,
    "casteCategory": "Extremely Backward Class (BC-I)",
    "minIncome": 0,
    "maxIncome": 0,
    "disability": false,
    "minority": false,
    "maritalStatus": "Any"
  },
  "category": "education",
  "applicationProcedure": [
    "Contact respective schools",
    "Ensure availability of required documents",
    "Bihar School Examination Board provides list of eligible students to Education Department",
    "Verification of documents and identity by concerned authorities",
    "Authorized officer of Education Department verifies and approves disbursement"
  ],
  "documentsRequired": [
    "Caste Certificate",
    "Residence Certificate",
    "Aadhaar Card",
    "Mark Sheet",
    "Copy of Bank Passbook/ Bank account details"
  ],
  "state": "Bihar",
  "mode": true,
  "sourceLink": "https://www.myscheme.gov.in/schemes/mapvmy"
}