{
  "schemeName": "Mukhyamantri Mahila Udyami Yojana",
  "eligibility": {
    "residence": "Bihar",
    "minAge": 18,
    "maxAge": 50,
    "gender": false,
    "casteCategory": "Any",
    "minIncome": 0,
    "maxIncome": 0,
    "disability": false,
    "minority": false,
    "maritalStatus": "Any"
  },
  "category": "Women and Child",
  "applicationProcedure": [
    "Visit the official website and click on 'Registration/Log in'.",
    "Select 'Mukhyamantri Udyami Yojana' as 'MMUY'.",
    "Enter your Aadhaar number and create a desired password.",
    "Fill in the registration form carefully.",
    "Log in to the portal using your Aadhaar number and password.",
    "Fill in the application form accurately with all the necessary details.",
    "Upload all the required documents as specified in the instructions.",
    "Review the application to ensure all information is correct.",
    "Click on the 'Submit' button to complete the application process."
  ],
  "documentsRequired": [
    "Matriculation certificate",
    "Intermediate or equivalent passing certificate",
    "Caste certificate",
    "Permanent residence certificate",
    "Disability certificate (if required)",
    "Photograph of the applicant",
    "Signature of the applicant"
  ],
  "state": "Bihar",
  "mode": false,
  "sourceLink": "https://www.myscheme.gov.in/schemes/mmuyb"
}