{
  "schemeName": "Mukhyamantri Prakhand Parivahan Yojana",
  "eligibility": {
    "residence": "rural",
    "minAge": 18,
    "maxAge": 0,
    "gender": null,
    "casteCategory": "SC, ST, EBC, BC, Minority, General",
    "minIncome": 0,
    "maxIncome": 0,
    "disability": false,
    "minority": false,
    "maritalStatus": "Any"
  },
  "category": "travel tourism",
  "applicationProcedure": [
    "The applicant need to visit the Transport Department’s official website for Mukhyamantri Block Transport Yojana registration.",
    "The applicant need to fill following details while registering : Phone Number, Password, Re-password, Email ID, Driving Licence Number",
    "Submit the details"
  ],
  "documentsRequired": [
    "Caste Certificate",
    "Residential Certificate",
    "Matriculation Qualification Certificate",
    "Aadhaar Card",
    "Driving License"
  ],
  "state": "Bihar",
  "mode": false,
  "sourceLink": "https://www.myscheme.gov.in/schemes/mmppy"
}