{
  "schemeName": "Mukhyamantri Yuva Karya Prashikshan Yojana",
  "eligibility": {
    "residence": "urban and rural",
    "minAge": 18,
    "maxAge": 35,
    "gender": null,
    "casteCategory": "Any",
    "minIncome": 0,
    "maxIncome": 0,
    "disability": false,
    "minority": false,
    "maritalStatus": "Any"
  },
  "category": "Employment",
  "applicationProcedure": [
    "Go to the official CMYKPY website for job seeker registration and click on “Intern Login”.",
    "Use your Aadhaar number as the username for your account.",
    "Fill in your full name, date of birth, gender, email, and mobile number.",
    "Create a secure password and confirm it.",
    "After completing all required fields, submit the registration form to finish the process.",
    "Fill Your Aadhar Number as a User Name and Password.",
    "Complete your profile details, and fill in the personal, address, qualification, and bank details.",
    "Upload the photo, qualification document, birth certificate, etc.",
    "Click on “Submit” and apply for the job."
  ],
  "documentsRequired": [
    "Passport-size Photograph",
    "Aadhaar Card",
    "Bank Passbook or Cancelled Cheque",
    "Living Certificate",
    "Birth Certificate",
    "Education Certificate",
    "Domicile Certificate or SSC Passing Certificate"
  ],
  "state": "Maharashtra",
  "mode": false,
  "sourceLink": "https://www.myscheme.gov.in/schemes/mmykpy"
}