{
  "schemeName": "Mukhyamantri Alpsankhyak Chhatravas Yojana",
  "eligibility": {
    "residence": "rural",
    "minAge": 0,
    "maxAge": 0,
    "gender": null,
    "casteCategory": "Minority",
    "minIncome": 0,
    "maxIncome": 0,
    "disability": false,
    "minority": true,
    "maritalStatus": "Any"
  },
  "category": "Education",
  "applicationProcedure": [
    "Go to the E-kalyan Portal",
    "Review the guidelines and select 'Create Account'",
    "Complete the registration form with all required details",
    "Click 'Register' to finalize the process",
    "Login to the E-Kalyan Portal using your User ID and password from registration",
    "Enter your personal, academic, and other relevant details",
    "Choose the district(s) for which you are applying",
    "Click 'Save and Continue' to proceed",
    "Complete the application by uploading all required documents and clicking 'Submit'"
  ],
  "documentsRequired": [
    "Date of Birth Certificate from Matric (Class Xth) or equivalent Certificate",
    "Marksheet of Class Xth",
    "Marksheet of the last exam passed",
    "Aadhaar card",
    "Proof of admission to the /School/College/University/Institution, where the applicant is studying",
    "Recommendation letter from the Principal/Head of the Institution where the applicant has taken admission, recommending for admission to the Hostel, in the prescribed format",
    "Savings Bank Account details with name of the Bank, Name of the applicant in the Bank Account, Account number, IFSC Code",
    "Passport size photo of the candidate",
    "Passport size photo of father",
    "Passport size photo of visitor(s)",
    "Scanned signature of the candidate",
    "Caste/Community certificate",
    "Address proof",
    "Undertaking signed by the Parents/Guardian in the prescribed format",
    "Any additional documents as required"
  ],
  "state": "Bihar",
  "mode": false,
  "sourceLink": "https://www.myscheme.gov.in/schemes/mmacy"
}