{
  "schemeName": "Mukhyamantri Gramin Awas Yojana",
  "eligibility": {
    "residence": "rural",
    "minAge": 0,
    "maxAge": 0,
    "gender": null,
    "casteCategory": "SC/ST/OBC",
    "minIncome": 0,
    "maxIncome": 0,
    "disability": false,
    "minority": false,
    "maritalStatus": "Any"
  },
  "category": "Housing",
  "applicationProcedure": [
    "Visit the Block Development Officer (BDO) office",
    "Collect and fill the application form",
    "Submit the filled form along with required documents"
  ],
  "documentsRequired": [
    "Aadhaar card",
    "Caste certificate",
    "Bank account details",
    "Proof of ownership of damaged/broken house",
    "Recent passport-sized photograph",
    "Address proof"
  ],
  "state": "Bihar",
  "mode": true,
  "sourceLink": "https://www.myscheme.gov.in/schemes/mgawb"
}