{
  "schemeName": "Mukhyamantri Shiksha Alankar Yojana for Students of Economically Weaker Section",
  "eligibility": {
    "residence": "rural",
    "minAge": 0,
    "maxAge": 0,
    "gender": null,
    "casteCategory": "EWS",
    "minIncome": 0,
    "maxIncome": 0,
    "disability": false,
    "minority": false,
    "maritalStatus": "Any"
  },
  "category": "education",
  "applicationProcedure": [
    "Contact school or college administration",
    "Submit mandatory documents",
    "Fill application through Shaladarpan Beneficiary module"
  ],
  "documentsRequired": [
    "Aadhaar/Janadhar Card",
    "EWS Category Certificate",
    "Marksheet",
    "Any Other Document if Required"
  ],
  "state": "Rajasthan",
  "mode": false,
  "sourceLink": "https://www.myscheme.gov.in/schemes/mmsayfews"
}