{
  "schemeName": "Mukhya Mantri Krishi Sa Sajuli Yozana - Assam",
  "eligibility": {
    "residence": "rural",
    "minAge": 21,
    "maxAge": 0,
    "gender": null,
    "casteCategory": "Any",
    "minIncome": 0,
    "maxIncome": 0,
    "disability": false,
    "minority": false,
    "maritalStatus": "Any"
  },
  "category": "agriculture",
  "applicationProcedure": [
    "Offline",
    "Application in Assamese: https://diragri.assam.gov.in/sites/default/files/swf_utility_folder/departments/diragri_medhassu_in_oid_4/menu/schemes/Application%20in%20Assamese.pdf",
    "Application in English: https://diragri.assam.gov.in/sites/default/files/swf_utility_folder/departments/diragri_medhassu_in_oid_4/menu/schemes/Application%20in%20English.pdf",
    "Step 01: Agriculture Department will publish the advertisement through the print and electronic media in order to invite applications from the respective website",
    "Step 02: This application will be collected by the Agriculture Extension Assistant (AEA) along with bank account details of beneficiaries with their mobile numbers",
    "Step 03: The beneficiary will be selected GP/VDP wise.",
    "Step 04: Gaon Panchayats are required to make a list of all the beneficiaries and compile it by the Agriculture Development Officer (ADO) concerned and this list will be placed before the District-level Committee(DLC) after the scrutiny.",
    "Step 05: A list of farmers from AEAs/ADOs will be approved by District Level Committee.",
    "Step 06: SC and ST farmers will be selected as per the state reservation act which is 7% for SC, 10% for ST (P), and 5% for ST (H).",
    "Step 07: After the approval of the beneficiary list, the list will be sent to the Director of agriculture with the bank account details and mobile number details. Further, the Director will make arrangements to send a request to ASFAC to transfer the amount to the beneficiaries bank account by electronic mode. The APC being the custodian of the ASFAC Bank account will transfer the amount to the individual Bank accounts of the beneficiaries, through RTGS/NEFT from the Bank account of ASFAC. The Financial Assistance will be sent to the beneficiaries' account in a single installment of ₹ 5000/- per beneficiary only.",
    "Step 08: The individual beneficiary will give an undertaking that the financial assistance provided under the scheme will be utilized for the procurement of farm implements only failing which he will be liable for suitable legal action.",
    "Step 09: The list of approved beneficiaries will be published in the District website of the DCs. The same may also be kept in the office notice boards of the DC and DAOs."
  ],
  "documentsRequired": [
    "Aadhar Card",
    "Residence certificate",
    "Caste certificate i.e. SC, ST, etc.",
    "Age proof",
    "Proof of agricultural land",
    "Bank account details",
    "Ration card",
    "Passport size photograph",
    "Mobile number",
    "Undertaking etc."
  ],
  "state": "Assam",
  "mode": true,
  "sourceLink": "https://www.myscheme.gov.in/schemes/mmkssy-assam"
}