{
  "schemeName": "Mukhyamantri Anusuchit Jati Evam Anusuchit Janjati Chhatrawas Anudan Yojana",
  "eligibility": {
    "residence": "rural",
    "minAge": 0,
    "maxAge": 0,
    "gender": null,
    "casteCategory": "SC/ST",
    "minIncome": 0,
    "maxIncome": 0,
    "disability": false,
    "minority": false,
    "maritalStatus": "Any"
  },
  "category": "education",
  "applicationProcedure": [
    "The interested applicant requests a hard copy of the prescribed format of the application form from the Hostel Superintendent or writes an application in plain paper.",
    "Submit the duly filled and signed application along with the documents to the Hostel Superintendent.",
    "After receiving the student's application, the list of students and related information will be uploaded/online on the Scheduled Caste and Scheduled Tribe Welfare Department portal by the Hostel Superintendent."
  ],
  "documentsRequired": [
    "Resident Proof",
    "Caste Certificate",
    "Proof of Enrolment in a Recognized Educational Institution",
    "Residence in a Recognized Hostel",
    "Bank Detail",
    "Any Other Document (If required)"
  ],
  "state": "Bihar",
  "mode": true,
  "sourceLink": "https://www.myscheme.gov.in/schemes/majeajcay"
}