{
  "schemeName": "Mukhyamantri Svadeshi Gau Samvardhan Yojana",
  "eligibility": {
    "residence": "Uttar Pradesh",
    "minAge": 18,
    "maxAge": 0,
    "gender": null,
    "casteCategory": "Any",
    "minIncome": 0,
    "maxIncome": 0,
    "disability": false,
    "minority": false,
    "maritalStatus": "Any"
  },
  "category": "Agriculture",
  "applicationProcedure": [
    "Download the application form from the official website",
    "Fill in all the mandatory fields and attach required documents",
    "Submit the application form to the Chief Development Officer or Chief Veterinary Officer",
    "Request a receipt or acknowledgment"
  ],
  "documentsRequired": [
    "Passport-size Photo",
    "Self-attested Photocopy of Aadhar Card",
    "Notarized Affidavit",
    "Cow Purchase Receipt",
    "Copy of Transit Insurance",
    "Transport Expense Receipt",
    "Copy of Animal Insurance",
    "Copy of Purchase Fodder Cutting Machine",
    "Copy of Expenditure for shed construction",
    "Milk Producer/Animal Husbandry Beneficiary Aadhar Card",
    "Certificate and Identification Number",
    "Animal Health Certificate",
    "Notarized Affidavit for maintenance of assets",
    "Bank Passbook/Canceled Cheque",
    "Photocopy of the selection letter"
  ],
  "state": "Uttar Pradesh",
  "mode": true,
  "sourceLink": "https://www.myscheme.gov.in/schemes/msgsy"
}