{
  "schemeName": "Mukhyamantri Vishesh Yogyajan Sammaan Pension Yojana",
  "eligibility": {
    "residence": "rural",
    "minAge": 0,
    "maxAge": 0,
    "gender": null,
    "casteCategory": "Any",
    "minIncome": 0,
    "maxIncome": 60000,
    "disability": true,
    "minority": false,
    "maritalStatus": "Any"
  },
  "category": "health and wellness",
  "applicationProcedure": [
    "Visit the official portal",
    "Click on the option 'Register'",
    "Choose either Jan Aadhaar or Google to process further",
    "Complete the registration",
    "Login to the dashboard",
    "Click on 'IFMS-RAJSSP' option",
    "Click on 'Application Entry Request'",
    "Enter the 'Bhamashah Family ID' and search",
    "Select the person name and scheme name",
    "Complete the Aadhaar Authentication",
    "Provide the required details",
    "Submit"
  ],
  "documentsRequired": [
    "Aadhar Card Copy",
    "Jan Aadhar/Bhamashah Card Copy",
    "Birth Certificate",
    "Income Certificate",
    "Disability Certificate",
    "Medical Certificate",
    "Bank Account Details"
  ],
  "state": "Rajasthan",
  "mode": false,
  "sourceLink": "https://www.myscheme.gov.in/schemes/mvyspy"
}