{
  "schemeName": "Mushroom Kit Vitaran",
  "eligibility": {
    "residence": "Bihar",
    "minAge": 0,
    "maxAge": 0,
    "gender": null,
    "casteCategory": "Any",
    "minIncome": 0,
    "maxIncome": 0,
    "disability": false,
    "minority": false,
    "maritalStatus": "Any"
  },
  "category": "Agriculture",
  "applicationProcedure": [
    "Visit the registration page of the DBT portal",
    "Select Aadhaar verification type",
    "Enter Aadhaar number and Name",
    "Enter OTP and validate",
    "Fill in farmer details, land information, and bank account details",
    "Submit and generate Registration Id",
    "Apply for the scheme using the 13 digit registration number"
  ],
  "documentsRequired": [
    "Aadhaar Details",
    "Passport Size Photo",
    "Farmer details",
    "Land information",
    "Bank account"
  ],
  "state": "Bihar",
  "mode": false,
  "sourceLink": "https://www.myscheme.gov.in/schemes/mkvb"
}