{
  "schemeName": "Namo Shetkari Mahasanman Nidhi Yojana",
  "eligibility": {
    "residence": "rural",
    "minAge": 0,
    "maxAge": 0,
    "gender": null,
    "casteCategory": "Any",
    "minIncome": 0,
    "maxIncome": 0,
    "disability": false,
    "minority": false,
    "maritalStatus": "Any"
  },
  "category": "agriculture",
  "applicationProcedure": [
    "Self Registration on PMKISAN Portal",
    "Verification of eligibility of registered beneficiary",
    "Approval at Taluka Nodal Officer level",
    "Approval at District Nodal Officer level",
    "Final Approval at State Nodal Officer level"
  ],
  "documentsRequired": [
    "Aadhar Card",
    "7/12",
    "8-A",
    "Ferfar",
    "Ration card"
  ],
  "state": "Any",
  "mode": false,
  "sourceLink": "https://www.myscheme.gov.in/schemes/namo-shetkari-mahasanman-nidhi-yojana"
}