{
  "schemeName": "Nanaji Deshmukh Krishi Sanjivani Prakalp",
  "eligibility": {
    "residence": "rural",
    "minAge": 18,
    "maxAge": 0,
    "gender": null,
    "casteCategory": "Any",
    "minIncome": 0,
    "maxIncome": 0,
    "disability": true,
    "minority": false,
    "maritalStatus": "Any"
  },
  "category": "agriculture",
  "applicationProcedure": [
    "Registration",
    "Application",
    "Pre-sanction by Agriculture officer",
    "Work completion by farmer",
    "Payment request by farmer",
    "Payment approval by the project",
    "Payment disbursement in Aadhaar linked bank account of the beneficiary farmer"
  ],
  "documentsRequired": [
    "Aadhaar Number",
    "Land details – 8A & 7/12 extract",
    "Cast certificate (for applicants from SC ST communities)",
    "Landless certificate (for landless farmers & labourers)",
    "Death certificate of husband (for Widows)",
    "Divorce certificate (for divorcee female)"
  ],
  "state": "Maharashtra",
  "mode": false,
  "sourceLink": "https://www.myscheme.gov.in/schemes/pocra"
}