{
  "schemeName": "Nariwal Paudha Vitaran Yojana",
  "eligibility": {
    "residence": "Bihar",
    "minAge": 0,
    "maxAge": 0,
    "gender": null,
    "casteCategory": "Any",
    "minIncome": 0,
    "maxIncome": 0,
    "disability": false,
    "minority": false,
    "maritalStatus": "Any"
  },
  "category": "agriculture",
  "applicationProcedure": [
    "Visit the registration page of the DBT portal",
    "Select Aadhaar verification type",
    "Enter Aadhaar number and Name",
    "Enter OTP and validate",
    "Confirm Kisan Credit Card details",
    "Fill in farmer registration details",
    "Validate with OTP and register",
    "Apply for the scheme after 48 hours"
  ],
  "documentsRequired": [
    "Aadhaar Details",
    "Passport Size Photo",
    "Farmer details",
    "Land information",
    "Bank account",
    "Land-ownership/ revenue receipt",
    "Genealogy (if applicable)",
    "Agreement/ receipt of land"
  ],
  "state": "Bihar",
  "mode": false,
  "sourceLink": "https://www.myscheme.gov.in/schemes/npvy"
}