{
  "schemeName": "National Water Awards",
  "eligibility": {
    "residence": "Any",
    "minAge": 0,
    "maxAge": 0,
    "gender": null,
    "casteCategory": "Any",
    "minIncome": 0,
    "maxIncome": 0,
    "disability": false,
    "minority": false,
    "maritalStatus": "Any"
  },
  "category": "Environment",
  "applicationProcedure": [
    "Visit the official website",
    "Click on the Registration button",
    "Choose the type Individual or Organization",
    "Fill in the required details",
    "Submit",
    "Login using the credentials",
    "Select scheme name and click 'Nominate / Apply Now'",
    "Fill in the online application form",
    "Submit"
  ],
  "documentsRequired": [
    "PowerPoint Presentation of around 6 slides",
    "Supporting newspaper coverage and photographs"
  ],
  "state": "Any",
  "mode": false,
  "sourceLink": "https://www.myscheme.gov.in/schemes/nwa"
}