{
  "schemeName": "National Livestock Mission: Genetic Improvement of Pig breeds - Establishment of Pig Semen Collection and Processing Lab",
  "eligibility": {
    "residence": "rural",
    "minAge": 0,
    "maxAge": 0,
    "gender": null,
    "casteCategory": "Any",
    "minIncome": 0,
    "maxIncome": 0,
    "disability": false,
    "minority": false,
    "maritalStatus": "Any"
  },
  "category": "agriculture",
  "applicationProcedure": [
    "Visit the Official Website of National Livestock Mission",
    "Login to the website",
    "Fill in the Online Application Form",
    "Upload mandatory documents",
    "Submit the application"
  ],
  "documentsRequired": [
    "Agency Details",
    "Project Proposal Details",
    "Detailed Cost Estimate",
    "Proof of Land Ownership or Lease Agreement",
    "Bank Guarantee",
    "Bank Account Details",
    "Declaration Form"
  ],
  "state": "Any",
  "mode": false,
  "sourceLink": "https://www.myscheme.gov.in/schemes/epscpl"
}