{
  "schemeName": "National Family Benefit Scheme - Uttar Pradesh",
  "eligibility": {
    "residence": "Any",
    "minAge": 18,
    "maxAge": 60,
    "gender": null,
    "casteCategory": "Any",
    "minIncome": 0,
    "maxIncome": 56450,
    "disability": false,
    "minority": false,
    "maritalStatus": "Any"
  },
  "category": "Women and Child",
  "applicationProcedure": [
    "Visit the official website",
    "Download the application form",
    "Submit the filled form at the District Magistrate's office",
    "Enclose required documents"
  ],
  "documentsRequired": [
    "Death certificate",
    "Below poverty line card",
    "Below poverty line ration card (blue card)",
    "Residence proof"
  ],
  "state": "Uttar Pradesh",
  "mode": false,
  "sourceLink": "https://www.myscheme.gov.in/schemes/nfbsup"
}