{
  "schemeName": "National Award For Senior Citizens (Vayoshreshtha Samman): Iconic Mother",
  "eligibility": {
    "residence": "Any",
    "minAge": 60,
    "maxAge": 0,
    "gender": false,
    "casteCategory": "Any",
    "minIncome": 0,
    "maxIncome": 0,
    "disability": false,
    "minority": false,
    "maritalStatus": "Any"
  },
  "category": "Women and Child",
  "applicationProcedure": [
    "Online Registration",
    "Login and select the award",
    "Fill in the online application form"
  ],
  "documentsRequired": [
    "Aadhaar Card",
    "Photograph",
    "Bio-Data",
    "Proof of Age",
    "Proof of Address",
    "Proof of Educational Qualification",
    "Proof of Professional Experience",
    "Details of work done in the last three years",
    "Details of Awards and Honours Received"
  ],
  "state": "Any",
  "mode": false,
  "sourceLink": "https://www.myscheme.gov.in/schemes/nassvsim"
}