{
  "schemeName": "National Scheme Of Incentive To Girls For Secondary Education",
  "eligibility": {
    "residence": "Any",
    "minAge": 14,
    "maxAge": 18,
    "gender": false,
    "casteCategory": "SC/ST",
    "minIncome": 0,
    "maxIncome": 0,
    "disability": false,
    "minority": false,
    "maritalStatus": "Any"
  },
  "category": "education",
  "applicationProcedure": [
    "Visit the Registration page of the National Scholarships Portal",
    "Fill in the details and click 'Register'",
    "Login to the applicant Login page of the National Scholarships Portal",
    "Fill in the application form and upload the documents",
    "Click 'Final Submit' to apply"
  ],
  "documentsRequired": [
    "Scanned copy of the applicant's Aadhaar card",
    "Domicile Certificate",
    "Income certificate of the parents or the legal guardian",
    "Class 10th scorecard of the applicant",
    "Certificate from the school head or the principal mentioning two-year continuation after her enrolment to Class 9th",
    "Fees receipts of the current class",
    "Bank account proof of the applicant's existing account or joint account with any one of her parents",
    "Disability certificate (if applicable)"
  ],
  "state": "Any",
  "mode": false,
  "sourceLink": "https://www.myscheme.gov.in/schemes/nsigse"
}