{
  "schemeName": "National Bamboo Mission",
  "eligibility": {
    "residence": "rural",
    "minAge": 0,
    "maxAge": 0,
    "gender": null,
    "casteCategory": "Any",
    "minIncome": 0,
    "maxIncome": 0,
    "disability": false,
    "minority": false,
    "maritalStatus": "Any"
  },
  "category": "agriculture",
  "applicationProcedure": [
    "Application to State Bamboo Mission through their respective portals/offline",
    "Scrutiny and approval of the SBM",
    "credit linked financing through scheduled/commercial banks",
    "progress reporting/completion of projects",
    "evaluation by SBM and disbursal of subsidy to the bank account of the beneficiary"
  ],
  "documentsRequired": [
    "Aadhaar number",
    "Land documents",
    "Caste Certificate (SC/ST only)",
    "Phone Details",
    "Bank Details",
    "Photographs",
    "DPR"
  ],
  "state": "Any",
  "mode": false,
  "sourceLink": "https://www.myscheme.gov.in/schemes/nbm"
}