{
  "schemeName": "National Scheme Of Welfare Of Fishermen",
  "eligibility": {
    "residence": "rural",
    "minAge": 0,
    "maxAge": 60,
    "gender": null,
    "casteCategory": "BPL",
    "minIncome": 0,
    "maxIncome": 0,
    "disability": false,
    "minority": false,
    "maritalStatus": "Any"
  },
  "category": "Fisheries",
  "applicationProcedure": [
    "Visit nearest FISHCOPFED office",
    "Collect contribution and forward to Nationalised bank accounts",
    "State and Central Government match contributions",
    "Return funds with accrued interest on maturity"
  ],
  "documentsRequired": [
    "Application in specific format",
    "Photograph of applicant with spouse",
    "Vessel registration certificate",
    "Current net license payment receipt",
    "Professional cum residential certificate",
    "Ration card copy",
    "Income certificate",
    "Photograph"
  ],
  "state": "Any",
  "mode": true,
  "sourceLink": "https://www.myscheme.gov.in/schemes/nswf"
}