{
  "schemeName": "National Food Security Mission NFSM",
  "eligibility": {
    "residence": "rural",
    "minAge": 0,
    "maxAge": 0,
    "gender": null,
    "casteCategory": "Any",
    "minIncome": 0,
    "maxIncome": 0,
    "disability": false,
    "minority": false,
    "maritalStatus": "Any"
  },
  "category": "agriculture",
  "applicationProcedure": [
    "Identification of individual beneficiary in a transparent and time-bound manner",
    "Funds for implementing the Mission's programme will be released to the State governments",
    "The State Governments will release the funds to the State Level Agency",
    "The State Level Agency would make funds available to the District Level Agency",
    "District level agency would release the fund to the Implementing Agency/ beneficiary"
  ],
  "documentsRequired": [
    "Aadhaar number",
    "Caste certificate (SC/ST)",
    "Bank details"
  ],
  "state": "Any",
  "mode": true,
  "sourceLink": "https://www.myscheme.gov.in/schemes/nfsmcss"
}