{
  "schemeName": "National Mission on Edible Oils- Oil Palm",
  "eligibility": {
    "residence": "rural",
    "minAge": 0,
    "maxAge": 0,
    "gender": null,
    "casteCategory": "Any",
    "minIncome": 0,
    "maxIncome": 0,
    "disability": false,
    "minority": false,
    "maritalStatus": "Any"
  },
  "category": "agriculture",
  "applicationProcedure": [
    "Get in touch with District Agriculture Officer / Block Agriculture Officer",
    "SLSC will finalise the entrepreneur’s proposals",
    "State government shall sanction and release funds to the district",
    "District agriculture department will allocate funds to individual beneficiaries"
  ],
  "documentsRequired": [
    "ID Proof",
    "Land documents",
    "Bank details",
    "Photographs"
  ],
  "state": "Any",
  "mode": true,
  "sourceLink": "https://www.myscheme.gov.in/schemes/nmeo-op"
}