{
  "schemeName": "National Agriculture Insurance Scheme",
  "eligibility": {
    "residence": "rural",
    "minAge": 0,
    "maxAge": 0,
    "gender": null,
    "casteCategory": "Any",
    "minIncome": 0,
    "maxIncome": 0,
    "disability": false,
    "minority": false,
    "maritalStatus": "Any"
  },
  "category": "agriculture",
  "applicationProcedure": [
    "Loanee farmers are automatically enrolled by the bank",
    "Non-loanee farmers can apply voluntarily at the bank or insurance office"
  ],
  "documentsRequired": [
    "Aadhaar card or valid ID proof",
    "Proof of land records or tenancy agreement",
    "Crop-sowing certificate (if required)",
    "Bank account details for claim disbursement"
  ],
  "state": "Any",
  "mode": true,
  "sourceLink": "https://www.myscheme.gov.in/schemes/nai"
}