{
  "schemeName": "National Livestock Mission: Genetic Improvement of Pig Breeds - Import of Exotic Pig Germplasm",
  "eligibility": {
    "residence": "Any",
    "minAge": 0,
    "maxAge": 0,
    "gender": null,
    "casteCategory": "Any",
    "minIncome": 0,
    "maxIncome": 0,
    "disability": false,
    "minority": false,
    "maritalStatus": "Any"
  },
  "category": "Agriculture",
  "applicationProcedure": [
    "Visit the Official Website of National Livestock Mission and click Apply Here",
    "Login to the website using your preferred method",
    "Verify your Mobile Number via OTP",
    "Fill in all the mandatory fields and upload all the mandatory documents in the specified format and size",
    "Agree to the Declaration & Authorization by ticking the checkbox and click Submit"
  ],
  "documentsRequired": [
    "Details of agency",
    "Project Proposal details",
    "Budget Estimates",
    "Approval from Competent Authority",
    "Bank Account Details",
    "Any other documents as required"
  ],
  "state": "Any",
  "mode": false,
  "sourceLink": "https://www.myscheme.gov.in/schemes/iepg"
}