{
  "schemeName": "National Beekeeping & Honey Mission",
  "eligibility": {
    "residence": "rural",
    "minAge": 0,
    "maxAge": 0,
    "gender": null,
    "casteCategory": "Any",
    "minIncome": 0,
    "maxIncome": 0,
    "disability": false,
    "minority": false,
    "maritalStatus": "Any"
  },
  "category": "agriculture",
  "applicationProcedure": [
    "Offline",
    "Step 01: All the component scheme are project based (except Training/Seminar/Exposure visit)",
    "Step 02:  Following implementing agencies will submit the projects directly do National Bee Board. (NDDB/NAFED/TRIFED/SFAC/ICAR/CAUS/ SAUS)",
    "Step 03: Agencies Submitting projects through SLSC of State govt. like Department of Horticulture/Agriculture, Member Companies/firms/societies/SHGS/FIGS/FPC.",
    "Step 04: Examination/appraisal of projects by board as per scheme guideline, norms & submitted to PAC",
    "Step 05: Project Appraisal committee (PAC)chaired by Horticulture Commissioner (Project appraised & recommended up to 1 crore) and recommend to Execute Committee (EC) of Board chaired by Additional Secretary ( for more than 5 Cr per project).",
    "Step 06: Project more than 5 crore are recommended to Project Appraisal & Monitoring Committee (PA&MC) chaired by Secretary (Agriculture) for approval.",
    "Step 07: Once the project is approved, an applicant must first register on the Madhukranti Portal for Individual/Societies/FPOs and add details such as land details, and site layout land plan.",
    "Step 08: Submit complete DPR as per guideline",
    "Step 09: Apply for lifetime membership in case of member societies /firm/cooperatives"
  ],
  "documentsRequired": [
    "Aadhaar card",
    "Land documents",
    "Bank details",
    "DPR"
  ],
  "state": "Any",
  "mode": true,
  "sourceLink": "https://www.myscheme.gov.in/schemes/nbhm"
}