{
  "schemeName": "National Family Benefit Scheme- Bihar",
  "eligibility": {
    "residence": "Bihar",
    "minAge": 18,
    "maxAge": 60,
    "gender": null,
    "casteCategory": "Any",
    "minIncome": 0,
    "maxIncome": 0,
    "disability": false,
    "minority": false,
    "maritalStatus": "Any"
  },
  "category": "Social Security",
  "applicationProcedure": [
    "Submit duly filled and signed application in the prescribed format, along with the required attachments, at the Right to Public Service (RTPS) counter located at the block office level.",
    "Receive an acknowledgment receipt from the RTPS counter, which should be kept for future reference.",
    "Be notified of the application's approval or rejection via SMS or email.",
    "Collect the Sanction Order from the same RTPS counter where the application was submitted, upon presenting the acknowledgment receipt and a valid identity card."
  ],
  "documentsRequired": [
    "Identity proof of the applicant i.e. Aadhaar Card, Voter ID Card",
    "Identity proof of the deceased person i.e. Aadhaar Card",
    "Death certificate of the deceased person",
    "FIR Copy",
    "Proof of age of the deceased person",
    "Below Poverty Line (BPL) Card/ Ration Card",
    "Caste certificate, if applicable",
    "Address proof",
    "Bank Passbook/Bank account details"
  ],
  "state": "Bihar",
  "mode": true,
  "sourceLink": "https://www.myscheme.gov.in/schemes/nfbsb"
}