{
  "schemeName": "National Mission on Natural Farming",
  "eligibility": {
    "residence": "rural",
    "minAge": 0,
    "maxAge": 0,
    "gender": null,
    "casteCategory": "Any",
    "minIncome": 0,
    "maxIncome": 0,
    "disability": false,
    "minority": false,
    "maritalStatus": "Any"
  },
  "category": "agriculture",
  "applicationProcedure": [
    "Interested beneficiary can get in touch with Zila Parishad to apply for the scheme.",
    "Zila Parishad Officer will submit applicant’s details and project plan to State Agriiculture Department.",
    "State Agriiculture Department will prepare a State Annual Action Plan",
    "Once funds from State are approved, financial assistance will be released to beneficiary."
  ],
  "documentsRequired": [
    "Aadhaar number",
    "Land documents",
    "Caste Certificate (SC/ST only)",
    "Bank Details",
    "Photographs"
  ],
  "state": "Any",
  "mode": true,
  "sourceLink": "https://www.myscheme.gov.in/schemes/nmnf"
}