{
  "schemeName": "New Swarnima Scheme For Women",
  "eligibility": {
    "residence": "rural",
    "minAge": 18,
    "maxAge": 55,
    "gender": false,
    "casteCategory": "Backward Classes",
    "minIncome": 0,
    "maxIncome": 300000,
    "disability": false,
    "minority": false,
    "maritalStatus": "Any"
  },
  "category": "women and child",
  "applicationProcedure": [
    "Eligible applicant needs to visit nearest SCA office, apply on prescribed form for Swarnima Scheme for Women.",
    "Enter the necessary details in the application form and mention the needs and choice of vocation and training requirements, if any.",
    "Submit your application form and the required documents to the same SCA office."
  ],
  "documentsRequired": [
    "Proof of Identity (Aadhaar card)",
    "Ration Card",
    "Domicile Certificate",
    "Caste Certificate (for reserved category)",
    "Passport size Photograph of the applicant"
  ],
  "state": "Any",
  "mode": true,
  "sourceLink": "https://www.myscheme.gov.in/schemes/nssw"
}