{
  "schemeName": "Niji Talabon Ka Jirnoddhar Ki Yojana",
  "eligibility": {
    "residence": "rural",
    "minAge": 0,
    "maxAge": 0,
    "gender": null,
    "casteCategory": "SC/ST/OBC",
    "minIncome": 0,
    "maxIncome": 0,
    "disability": false,
    "minority": false,
    "maritalStatus": "Any"
  },
  "category": "agriculture",
  "applicationProcedure": [
    "Visit the official website",
    "Click on 'Applications are being invited for all the schemes of the financial year (2024-25), click here to apply'",
    "Select 'Registration for Fisheries Schemes'",
    "Complete basic details for registration",
    "Enter a valid 10-digit mobile number and click to send OTP",
    "Enter the OTP and receive a Registration Number and Password",
    "Login and fill the application form",
    "Upload required documents",
    "Submit the application form and print it",
    "Submit the printed application form to the District Fisheries Office along with attachments"
  ],
  "documentsRequired": [
    "Aadhar Card/Ration Card/Voter ID Card",
    "Two Passport-size Photographs (self-attested)",
    "Clear Photograph of the Proposed Pond with a Distinguishable Landmark",
    "Land Ownership Certificate or Lease Agreement (minimum 9 years for leased land)",
    "Updated Revenue Receipt",
    "Bank Account Number, Branch, IFSC code Details",
    "Caste Certificate for extremely backward castes/scheduled castes/scheduled tribes",
    "Affidavit stating that the pond has not been renovated under any government scheme in the last five years",
    "Affidavit for ponds damaged by natural disasters, if applicable",
    "Lease Agreement (on ₹ 1000/- non-judicial stamp) for Leased Ponds",
    "Land Map of the Pond Area"
  ],
  "state": "Bihar",
  "mode": false,
  "sourceLink": "https://www.myscheme.gov.in/schemes/ntkjky"
}