{
  "schemeName": "Nirman Shramikon ke Liye Vyavsayik Rin Par Byaj ki Punarbharan Yojana",
  "eligibility": {
    "residence": "rural",
    "minAge": 0,
    "maxAge": 0,
    "gender": null,
    "casteCategory": "Any",
    "minIncome": 0,
    "maxIncome": 0,
    "disability": false,
    "minority": false,
    "maritalStatus": "Any"
  },
  "category": "employment",
  "applicationProcedure": [
    "Visit the official portal",
    "Click on the option 'Register'",
    "Choose either Jan Aadhaar or Google to process further",
    "Fill out the registration form",
    "Submit the registration form",
    "Login to the portal",
    "Click on 'LDMS' option",
    "Select 'Welfare Schemes' from the side menu and select BOCW Welfare Board",
    "Click on 'Apply for Scheme'",
    "Fill out the application form",
    "Submit the application form"
  ],
  "documentsRequired": [
    "Copy of the duly filled and complete application form",
    "Self-attested certificates of beneficiary and his/her spouse",
    "Certificate of loan sanction from Financial Institution/Bank",
    "Proof of interest paid on loan during the year",
    "Copy of Aadhar Card and Jan Aadhar Card of the beneficiary",
    "Copy of the first page of the beneficiary's saving bank account passbook",
    "Self-declaration certificate by spouse of the beneficiary"
  ],
  "state": "Rajasthan",
  "mode": false,
  "sourceLink": "https://www.myscheme.gov.in/schemes/nsklvrpbkpy"
}