{
  "schemeName": "Nirman Shramik Siksha Kaushal Vikas Yojana",
  "eligibility": {
    "residence": "rural",
    "minAge": 0,
    "maxAge": 35,
    "gender": null,
    "casteCategory": "Any",
    "minIncome": 0,
    "maxIncome": 0,
    "disability": false,
    "minority": false,
    "maritalStatus": "Any"
  },
  "category": "education",
  "applicationProcedure": [
    "Visit the official portal",
    "Click on the option 'Register'",
    "Choose either Jan Aadhaar or Google to process further",
    "Fill out the registration form",
    "Login to the dashboard",
    "Click on 'LDMS' option",
    "Select 'Welfare Schemes' from the side menu and select BOCW Welfare Board",
    "Click on 'Apply for Scheme'",
    "Fill out the relevant details",
    "Submit the application"
  ],
  "documentsRequired": [
    "Copy of the registration identity card of the beneficiary",
    "Copy of the first page of the beneficiary's bank account passbook",
    "Copies of the beneficiary's Aadhar card and Bhamashah card",
    "Self-attested copy of the mark sheet of the class or course for which the scholarship is sought",
    "Signature and seal of the head of the educational/training institution"
  ],
  "state": "Rajasthan",
  "mode": false,
  "sourceLink": "https://www.myscheme.gov.in/schemes/nsskvy"
}