{
  "schemeName": "Nirman Shramik Antrashtriya Khel Pratiyogiyo Hetu Protsahan Yojana",
  "eligibility": {
    "residence": "Rajasthan",
    "minAge": 0,
    "maxAge": 0,
    "gender": null,
    "casteCategory": "Any",
    "minIncome": 0,
    "maxIncome": 0,
    "disability": false,
    "minority": false,
    "maritalStatus": "Any"
  },
  "category": "Sports",
  "applicationProcedure": [
    "Submit application on Board's Online Portal",
    "Approval and selection of candidate by senior-most officer of labour office",
    "Submission of application within 6 months from date of completion of International Sports Competition/Tournament"
  ],
  "documentsRequired": [
    "Copy of beneficiary registration identity card",
    "Copy of beneficiary's Aadhaar and Jan Aadhaar card",
    "First page of beneficiary savings bank account passbook",
    "Copy of certificate issued by International Sports Organizing Committee"
  ],
  "state": "Rajasthan",
  "mode": false,
  "sourceLink": "https://www.myscheme.gov.in/schemes/nsakppy"
}