{
  "schemeName": "Nirmaan Kamgar Mrtyu Va Divyangta Sahayta Yojana",
  "eligibility": {
    "residence": "rural",
    "minAge": 0,
    "maxAge": 0,
    "gender": null,
    "casteCategory": "Any",
    "minIncome": 0,
    "maxIncome": 0,
    "disability": true,
    "minority": false,
    "maritalStatus": "Any"
  },
  "category": "health and wellness",
  "applicationProcedure": [
    "Online",
    "Offline"
  ],
  "documentsRequired": [
    "Death certificate",
    "Bank account photocopy",
    "ID card photocopy",
    "Accident reports",
    "Disability documentation"
  ],
  "state": "Uttar Pradesh",
  "mode": true,
  "sourceLink": "https://www.myscheme.gov.in/schemes/nkmds"
}