{
  "schemeName": "Nirman Shramik Avm Unke Aashrit Bacchon Dwara Bhartiya Rajasthan Prashasnik Seva Hetu Aayojit Pratibhabhik Yojana",
  "eligibility": {
    "residence": "rural",
    "minAge": 0,
    "maxAge": 0,
    "gender": null,
    "casteCategory": "Any",
    "minIncome": 0,
    "maxIncome": 250000,
    "disability": false,
    "minority": false,
    "maritalStatus": "Any"
  },
  "category": "education",
  "applicationProcedure": [
    "Visit the official portal",
    "Register using Jan Aadhaar or Google",
    "Login and select LDMS option",
    "Select Welfare Schemes and BOCW Welfare Board",
    "Apply for the scheme and fill out the relevant details"
  ],
  "documentsRequired": [
    "Copy of registration identity card",
    "Copy of Aadhaar card and Jan Aadhaar card",
    "Copy of savings bank account passbook",
    "Self-attested copy of mark sheet/certificate of competitive examination"
  ],
  "state": "Rajasthan",
  "mode": false,
  "sourceLink": "https://www.myscheme.gov.in/schemes/nsauabdbrpshapy"
}