{
  "schemeName": "Nirman Shramiko Ko Videsh Mai Rojgar Hetu Visa Per Hone Wale Vyay Ka Punarbharan Yojana",
  "eligibility": {
    "residence": "rural",
    "minAge": 0,
    "maxAge": 0,
    "gender": null,
    "casteCategory": "Any",
    "minIncome": 0,
    "maxIncome": 0,
    "disability": false,
    "minority": false,
    "maritalStatus": "Any"
  },
  "category": "employment",
  "applicationProcedure": [
    "Visit the official portal",
    "Register using Jan Aadhaar or Google",
    "Login to the dashboard",
    "Click on LDMS option",
    "Select Welfare Schemes and BOCW Welfare Board",
    "Apply for the scheme",
    "Fill out the relevant details",
    "Submit the application"
  ],
  "documentsRequired": [
    "Copy of registration identity card",
    "Copy of Aadhaar card and Jan Aadhaar card",
    "Copy of savings bank account passbook",
    "Visa with a copy of passport",
    "Copy of employment contract",
    "Proof of visa amount deposited",
    "Registration number of Recruiting Agent and copy of advertisement"
  ],
  "state": "Rajasthan",
  "mode": false,
  "sourceLink": "https://www.myscheme.gov.in/schemes/nskvmyhvphvbkpy"
}