{
  "schemeName": "Old Age Home (Sahara)",
  "eligibility": {
    "residence": "rural",
    "minAge": 60,
    "maxAge": 0,
    "gender": null,
    "casteCategory": "Any",
    "minIncome": 0,
    "maxIncome": 60000,
    "disability": false,
    "minority": false,
    "maritalStatus": "Any"
  },
  "category": "health and wellness",
  "applicationProcedure": [
    "Applicants can apply through the application in plain paper to the District Social Security Cell.",
    "The committee constituted under the chairmanship of the District Magistrate will approve the proposal."
  ],
  "documentsRequired": [
    "Age Proof",
    "Income proof document",
    "BPL Card (If applicable)",
    "Two passport-size photographs"
  ],
  "state": "Any",
  "mode": true,
  "sourceLink": "https://www.myscheme.gov.in/schemes/oah"
}