{
  "schemeName": "One Time Grant For Media Personality",
  "eligibility": {
    "residence": "Assam",
    "minAge": 40,
    "maxAge": 0,
    "gender": null,
    "casteCategory": "Any",
    "minIncome": 0,
    "maxIncome": 500000,
    "disability": false,
    "minority": false,
    "maritalStatus": "Any"
  },
  "category": "Media",
  "applicationProcedure": [
    "Fill in the prescribed application form",
    "Attach required documents",
    "Submit three sets of duly filled-up application forms"
  ],
  "documentsRequired": [
    "Curriculum Vitae",
    "Education and employment history",
    "Testimonials/certificates",
    "Passport-size photographs",
    "Copies of research-based news/reporting/features",
    "Identity Card issued by the Media House and DIPR, Assam",
    "Income Certificate"
  ],
  "state": "Assam",
  "mode": true,
  "sourceLink": "https://www.myscheme.gov.in/schemes/otgmp"
}