{
  "schemeName": "Opening And Running Junior Colleges For VJNT Students Run By Voluntary Agencies",
  "eligibility": {
    "residence": "rural",
    "minAge": 0,
    "maxAge": 0,
    "gender": null,
    "casteCategory": "VJNT",
    "minIncome": 0,
    "maxIncome": 0,
    "disability": false,
    "minority": false,
    "maritalStatus": "Any"
  },
  "category": "education",
  "applicationProcedure": [
    "The applicant should contact the Assistant Commissioner of Social Welfare of the concerned District in Maharashtra.",
    "The applicant may also contact Head Master of the concerned Ashram School in Maharashtra.",
    "Admissions are finalized by the Head Master of the concerned Ashram School Head Master."
  ],
  "documentsRequired": [
    "Aadhaar card",
    "Applicant's domicile certificate",
    "Caste/category certificate"
  ],
  "state": "Maharashtra",
  "mode": true,
  "sourceLink": "https://www.myscheme.gov.in/schemes/orjcvsrva"
}