{
  "schemeName": "Opening And Maintenance Of Public School (Vidya Niketan) For Vimukta Jatis And Nomadic Tribes",
  "eligibility": {
    "residence": "Maharashtra",
    "minAge": 0,
    "maxAge": 0,
    "gender": null,
    "casteCategory": "VJNT",
    "minIncome": 0,
    "maxIncome": 24000,
    "disability": false,
    "minority": false,
    "maritalStatus": "Any"
  },
  "category": "education",
  "applicationProcedure": [
    "Visit the official website of Aaple Sarkar / Maha DBT",
    "Register using your Name, Mobile Number, and Email ID",
    "Log in using your Username and Password",
    "Link your Aadhaar with your Bank Account",
    "Fill in all the mandatory details and upload the mandatory documents",
    "Submit your application"
  ],
  "documentsRequired": [
    "Aadhaar Number",
    "Proof of Identity",
    "Proof of Age (Birth Certificate)",
    "Proof of Address",
    "Domicile Certificate of Maharashtra",
    "Caste Certificate VJNT And Nomadic Tribe Community",
    "Marksheet of the Latest Educational Qualification",
    "Fee Receipt of ‘Current Course Year’",
    "Bank Account Details",
    "Passport-sized Photograph"
  ],
  "state": "Maharashtra",
  "mode": false,
  "sourceLink": "https://www.myscheme.gov.in/schemes/omps"
}