{
  "schemeName": "Panchayat Kalyan Kosh",
  "eligibility": {
    "residence": "rural",
    "minAge": 0,
    "maxAge": 0,
    "gender": null,
    "casteCategory": "Any",
    "minIncome": 0,
    "maxIncome": 0,
    "disability": false,
    "minority": false,
    "maritalStatus": "Any"
  },
  "category": "Other",
  "applicationProcedure": [
    "Family members or dependents of the deceased Panchayat representatives should apply directly through the official website of the Panchayati Raj Department, Uttar Pradesh.",
    "During registration on the Panchayat Kalyan Kosh portal, the dependent must fill out the application form in the prescribed format and upload the necessary documents.",
    "The District Panchayat Raj Officer will download the application submitted by the dependent from their login ID and obtain approval from the District Magistrate after a thorough review.",
    "Once approved by the District Magistrate, the District Panchayat Raj Officer will forward the application form to the Director of Panchayati Raj from their login ID for fund transfer."
  ],
  "documentsRequired": [
    "Applicant's identity proof",
    "Proof of relationship with the deceased Panchayat representative",
    "Ration card",
    "In case of accidental death of the Panchayat representative, provide a copy of the Panchnama, postmortem report, or a certificate issued by a registered medical practitioner",
    "Death certificate issued by the competent authority in case of natural death",
    "Certificate issued by the Gram Panchayat Secretary in case of the death of a Gram Pradhan or Gram Panchayat member, by the Block Development Officer in case of the death of an Kshetra Pramukh or Kshetra Panchayat member, and by the Additional Chief Officer for the death of a Zila Panchayat President or Zila Panchayat member",
    "Bank account details/bank passbook",
    "Certification record from the office of the elected person",
    "Any additional documents as required"
  ],
  "state": "Uttar Pradesh",
  "mode": false,
  "sourceLink": "https://www.myscheme.gov.in/schemes/pkk"
}