{
  "schemeName": "Paramparagat Krishi Vikas Yojana",
  "eligibility": {
    "residence": "rural",
    "minAge": 0,
    "maxAge": 0,
    "gender": null,
    "casteCategory": "Any",
    "minIncome": 0,
    "maxIncome": 0,
    "disability": false,
    "minority": false,
    "maritalStatus": "Any"
  },
  "category": "agriculture",
  "applicationProcedure": [
    "Interested applicant should connect and communicate with the regional councils of their respective states.",
    "Regional councils consolidates all the applications and develop Annual Action Plan",
    "Compiled Annual Action plan by the regional councils of the state is submitted to Ministry of Agriculture & Farmers Welfare",
    "Funds released to states by centre",
    "Further funds are released to regional councils to benefit the farmers/individuals."
  ],
  "documentsRequired": [
    "Aadhaar number",
    "Land documents",
    "Caste Certificate (SC/ST/OBC only)",
    "Phone Details",
    "Bank Details",
    "Photographs",
    "DPR"
  ],
  "state": "Any",
  "mode": true,
  "sourceLink": "https://www.myscheme.gov.in/schemes/pkvy"
}