{
  "schemeName": "Parwarish Yojana",
  "eligibility": {
    "residence": "Any",
    "minAge": 0,
    "maxAge": 18,
    "gender": null,
    "casteCategory": "Any",
    "minIncome": 0,
    "maxIncome": 60000,
    "disability": true,
    "minority": false,
    "maritalStatus": "Any"
  },
  "category": "Women and Child",
  "applicationProcedure": [
    "Obtain application form from office of Assistant Director, District Child Protection Unit, Office of Integrated Child Development Project, or Anganwadi Centres",
    "Fill out application form, attach required documents, and submit to Anganwadi worker or Integrated Child Development Project Office",
    "Receive receipt for submitted application form"
  ],
  "documentsRequired": [
    "Photocopy of relevant section of published BPL list",
    "Income certificate issued by competent authority (if not in BPL list)",
    "Death certificate of both parents (for orphaned children)",
    "Birth certificate of beneficiary",
    "Grade-II certificate (for parents suffering from leprosy)",
    "ART Record Card (for child or parent suffering from HIV+/AIDS)",
    "Photocopy of bank passbook (if already joint account holder)",
    "Order/certificate issued by competent authority (for orphaned and destitute children)"
  ],
  "state": "Bihar",
  "mode": true,
  "sourceLink": "https://www.myscheme.gov.in/schemes/pybihar"
}