{
  "schemeName": "Pashu Bima Yojana",
  "eligibility": {
    "residence": "rural",
    "minAge": 0,
    "maxAge": 0,
    "gender": null,
    "casteCategory": "Any",
    "minIncome": 0,
    "maxIncome": 0,
    "disability": false,
    "minority": false,
    "maritalStatus": "Any"
  },
  "category": "agriculture",
  "applicationProcedure": [
    "Visit the registration page",
    "Provide required details for registration",
    "Submit the registration form via mobile OTP",
    "Login to the portal",
    "Fill in the applicant details",
    "Upload supporting documents",
    "Submit the application"
  ],
  "documentsRequired": [
    "Aadhaar Card",
    "Milk Producer Society Membership Receipt",
    "Proposer's Photo"
  ],
  "state": "Bihar",
  "mode": false,
  "sourceLink": "https://www.myscheme.gov.in/schemes/pby"
}