{
  "schemeName": "Paternity Benefit Scheme (BBOCWWB)",
  "eligibility": {
    "residence": "rural",
    "minAge": 0,
    "maxAge": 0,
    "gender": true,
    "casteCategory": "Any",
    "minIncome": 0,
    "maxIncome": 0,
    "disability": false,
    "minority": false,
    "maritalStatus": "Any"
  },
  "category": "health and wellness",
  "applicationProcedure": [
    "Visit the Official Website of the Bihar Building and Other Construction Workers Welfare Board",
    "Click on \"Scheme Application\" and select \"Apply for Scheme\"",
    "Enter registration number and click \"Show\" to view details",
    "Select the scheme, enter mandatory information and upload necessary documents",
    "Click on \"Submit Application\" to complete the process"
  ],
  "documentsRequired": [
    "Identity Card of the Registered Worker",
    "Bank Account Details",
    "Birth Certificate",
    "Proof of Membership",
    "Proof of Age at the Time of Registration",
    "Any Other Documents as Required"
  ],
  "state": "Bihar",
  "mode": false,
  "sourceLink": "https://www.myscheme.gov.in/schemes/pbsbbocwwb"
}