{
  "schemeName": "Pathari Kshetr Talab Nirman Aadharit Matsya Paalan ki Yojana",
  "eligibility": {
    "residence": "rural",
    "minAge": 0,
    "maxAge": 0,
    "gender": null,
    "casteCategory": "Any",
    "minIncome": 0,
    "maxIncome": 0,
    "disability": false,
    "minority": false,
    "maritalStatus": "Any"
  },
  "category": "agriculture",
  "applicationProcedure": [
    "Visit the official website",
    "Click on 'Applications are being invited for all the schemes of the financial year (2024-25), click here to apply'",
    "Select 'Registration for Fisheries Schemes'",
    "Fill in basic details for registration",
    "Login and fill the application form",
    "Upload required documents",
    "Submit the application form and print it"
  ],
  "documentsRequired": [
    "Photograph of the Proposed Land",
    "Mobile Number",
    "Bank Branch Name, Account Number, IFSC code",
    "Attested Copies of Aadhar Card/Ration Card/Voter ID Card",
    "Land Map",
    "Caste Certificate",
    "Land Ownership Certificate/Updated Revenue Receipt or Lease Agreement",
    "Notarized Affidavit for land dispute-free status",
    "Affidavit and Consent Form"
  ],
  "state": "Bihar",
  "mode": false,
  "sourceLink": "https://www.myscheme.gov.in/schemes/pktnampy"
}