{
  "schemeName": "Pension Scheme (BBOCWWB)",
  "eligibility": {
    "residence": "Any",
    "minAge": 60,
    "maxAge": 0,
    "gender": null,
    "casteCategory": "Any",
    "minIncome": 0,
    "maxIncome": 0,
    "disability": false,
    "minority": false,
    "maritalStatus": "Any"
  },
  "category": "Social Security",
  "applicationProcedure": [
    "Visit the Official Website of the Bihar Building and Other Construction Workers Welfare Board",
    "Click on 'Labour Registration'",
    "Apply for New Registration",
    "Enter Aadhar card number and name, then click 'Authenticate'",
    "Enter all required details and pay the application fee online",
    "Visit the Official Website and click on 'Scheme Application'",
    "Select 'Apply for Scheme' and enter registration number",
    "Select the scheme and enter required information and upload documents",
    "Click on 'Submit Application'"
  ],
  "documentsRequired": [
    "Identity proof",
    "Passport-size photograph",
    "Attested work experience document",
    "Proof of Residence",
    "Ration Card",
    "Bank account details",
    "Caste Certificate",
    "Proof of age",
    "Disability certificate",
    "Identity card of registered worker",
    "Aadhaar Card",
    "Proof of five years of membership",
    "Life Certificate",
    "Undertaking/declaration",
    "Bank account details/copy of bank passbook"
  ],
  "state": "Bihar",
  "mode": false,
  "sourceLink": "https://www.myscheme.gov.in/schemes/psbbocwwb"
}