{
  "schemeName": "Plastic Tunnel (Lo-Tunnel)",
  "eligibility": {
    "residence": "rural",
    "minAge": 0,
    "maxAge": 0,
    "gender": null,
    "casteCategory": "Any",
    "minIncome": 0,
    "maxIncome": 0,
    "disability": false,
    "minority": false,
    "maritalStatus": "Any"
  },
  "category": "agriculture",
  "applicationProcedure": [
    "Visit the official portal",
    "Click on the option 'Register'",
    "Choose either Jan Aadhaar or Google to process further",
    "Complete the registration process",
    "Login to the dashboard",
    "Click on 'RAJ-KISAN' option",
    "Click on 'Application Entry Request'",
    "Enter the 'Bhamashah ID' or 'Janaadhaar ID' and search",
    "Select the person name and scheme name",
    "Complete the Aadhaar Authentication",
    "Provide the required details",
    "Upload Documents",
    "Submit"
  ],
  "documentsRequired": [
    "Aadhar Card / Janadhar Card",
    "Copy of Jamabandi (not more than six months old)",
    "Quotation from approved firm"
  ],
  "state": "Rajasthan",
  "mode": false,
  "sourceLink": "https://www.myscheme.gov.in/schemes/ptlt"
}