{
  "schemeName": "Post Graduate Indira Gandhi Scholarship For Single Girl Child",
  "eligibility": {
    "residence": "Any",
    "minAge": 0,
    "maxAge": 30,
    "gender": false,
    "casteCategory": "Any",
    "minIncome": 0,
    "maxIncome": 0,
    "disability": false,
    "minority": false,
    "maritalStatus": "Any"
  },
  "category": "education",
  "applicationProcedure": [
    "Apply online on National Scholarship Portal",
    "Host institution verification of online application",
    "Institution verification and no tuition fees for girl students"
  ],
  "documentsRequired": [
    "Aadhaar Card",
    "Proof of admission",
    "Joining report",
    "Affidavit regarding Single girl child status",
    "Copy of Bank Passbook",
    "Birth Certificate or Class 10th Marksheet"
  ],
  "state": "Any",
  "mode": false,
  "sourceLink": "https://www.myscheme.gov.in/schemes/pg-igssgc"
}