{
  "schemeName": "Post-Matric Scholarship To VJNT Students - Maharashtra",
  "eligibility": {
    "residence": "rural",
    "minAge": 0,
    "maxAge": 0,
    "gender": null,
    "casteCategory": "VJNT",
    "minIncome": 0,
    "maxIncome": 150000,
    "disability": false,
    "minority": false,
    "maritalStatus": "Any"
  },
  "category": "education",
  "applicationProcedure": [
    "Visit the official website to register yourself by clicking on “New Applicant registration” and fill in all the mandatory details",
    "Login by filling login details",
    "Create profile by filling in all updated personal details",
    "Apply Scheme after filling in 100% of the profile information"
  ],
  "documentsRequired": [
    "Caste certificate",
    "Income certificate / Income Declaration",
    "Caste Validity Certificate",
    "HSC or SSC marks sheet or last examination marks sheet",
    "Gap certificate",
    "Father/Guardians death certificate",
    "Ration Card",
    "Leaving Certificate",
    "Declaration certificate of parents/guardians about number of children beneficiaries"
  ],
  "state": "Maharashtra",
  "mode": false,
  "sourceLink": "https://www.myscheme.gov.in/schemes/pmsvs-maharashtra"
}