{
  "schemeName": "Post-matric Scholarship Scheme- Uttar Pradesh",
  "eligibility": {
    "residence": "urban",
    "minAge": 0,
    "maxAge": 0,
    "gender": null,
    "casteCategory": "OBC",
    "minIncome": 0,
    "maxIncome": 200000,
    "disability": false,
    "minority": false,
    "maritalStatus": "Any"
  },
  "category": "education",
  "applicationProcedure": [
    "Click on the Option available in Student Section on the website",
    "Complete Student Registration",
    "Fill out the application form",
    "Take a printout of the application form",
    "Deposit prints out along with all enclosures in the educational institute",
    "Verify and forward the application form to the educational institute",
    "Verify and forward by the education officer",
    "Examine and match the data at the state N.I.C. level",
    "Approve/disapprove by the District Approval Committee",
    "Lock the approved data through digital signature by District Backward Classes Welfare Officer",
    "Generate the demand from N.I.C. on the basis of available data by the directorate",
    "Deposit the amount directly in the bank account of the student"
  ],
  "documentsRequired": [
    "UP Residential Proof (Ration card, Aadhaar card, Voter ID, driving license, or PAN card)",
    "Student caste certificate",
    "Family income certificate",
    "Student ID proof issued by the educational institution",
    "Mark sheets of qualifying examination",
    "Current year fee receipt/admission letter issued by the educational institution",
    "Student bank passbook"
  ],
  "state": "Uttar Pradesh",
  "mode": false,
  "sourceLink": "https://www.myscheme.gov.in/schemes/mpss"
}