{
  "schemeName": "Post-Matric Scholarship for Scheduled Castes (SC) and Scheduled Tribes (ST) Students-Bihar",
  "eligibility": {
    "residence": "Bihar",
    "minAge": 0,
    "maxAge": 0,
    "gender": null,
    "casteCategory": "SC/ST",
    "minIncome": 0,
    "maxIncome": 300000,
    "disability": false,
    "minority": false,
    "maritalStatus": "Any"
  },
  "category": "education",
  "applicationProcedure": [
    "Visit the official Post-Matric Scholarship Portal",
    "Click on “New Students Registration”",
    "Verify your Aadhaar details and mobile number",
    "Log in using the required credentials",
    "Enter personal details, mobile verification and bank account details",
    "Enter the details of the institute, course and certificates correctly",
    "Verify all details and submit the application",
    "Download and print the submitted application for future reference"
  ],
  "documentsRequired": [
    "Proof of identity (Aadhaar Card)",
    "Caste certificate",
    "Domicile certificate",
    "Income certificate of the family",
    "Bank account details",
    "Admission letter and fee receipt from the educational institution",
    "Bonafide certificate",
    "Last Exam Passing Marksheet",
    "Passport-size photographs"
  ],
  "state": "Bihar",
  "mode": true,
  "sourceLink": "https://www.myscheme.gov.in/schemes/pmsscstb"
}