{
  "schemeName": "Pradhan Mantri Adarsh Gram Yojana",
  "eligibility": {
    "residence": "rural",
    "minAge": 0,
    "maxAge": 0,
    "gender": null,
    "casteCategory": "SC",
    "minIncome": 0,
    "maxIncome": 0,
    "disability": false,
    "minority": false,
    "maritalStatus": "Any"
  },
  "category": "Rural Development",
  "applicationProcedure": [
    "No Application process is specified"
  ],
  "documentsRequired": [
    "Not Applicable"
  ],
  "state": "Any",
  "mode": true,
  "sourceLink": "https://www.myscheme.gov.in/schemes/pmagy"
}