{
  "schemeName": "Pradhan Mantri Matsya Sampada Yojana",
  "eligibility": {
    "residence": "rural",
    "minAge": 0,
    "maxAge": 0,
    "gender": null,
    "casteCategory": "Any",
    "minIncome": 0,
    "maxIncome": 0,
    "disability": false,
    "minority": false,
    "maritalStatus": "Any"
  },
  "category": "agriculture",
  "applicationProcedure": [
    "Submit Self-Contained Proposal/Detailed Project Report (DPR) to District Fisheries Officer",
    "Submit project proposals to Department of Fisheries, Government of India for Central Sector Scheme Component"
  ],
  "documentsRequired": [
    "Aadhaar Card",
    "PAN Card",
    "Bank Account Details",
    "Business Registration Certificate",
    "Project Report",
    "Land Documents",
    "Partnership Deed or Memorandum of Association (MOA)"
  ],
  "state": "Any",
  "mode": true,
  "sourceLink": "https://www.myscheme.gov.in/schemes/pmmsy"
}