{
  "schemeName": "Pradhan Mantri Krishi Sinchayee Yojana: Per Drop More Crop",
  "eligibility": {
    "residence": "rural",
    "minAge": 0,
    "maxAge": 0,
    "gender": null,
    "casteCategory": "Any",
    "minIncome": 0,
    "maxIncome": 0,
    "disability": false,
    "minority": false,
    "maritalStatus": "Any"
  },
  "category": "agriculture",
  "applicationProcedure": [
    "The farmers, based on the requirement of their field & region, may contact their Block/District Agriculture Office through their respective Gram Panchayat.",
    "The farmers may approach the concerned authority and request/collect an application form for the scheme.",
    "In the application form, fill in all the mandatory fields, paste the passport-sized photograph (signed across), and attach all the (self-attested) mandatory documents.",
    "Submit the duly filled and signed application form along with the documents to the designated receiving authority.",
    "Acquire the receipt/acknowledgment of the successful submission of the application form from the receiving authority."
  ],
  "documentsRequired": [
    "Aadhaar Card",
    "Bank Account Details",
    "Address proof",
    "Passport size photograph",
    "Caste Certificate (If applicable)",
    "Proof of Agriculture land documents",
    "Domicile Certificate of State/UT"
  ],
  "state": "Any",
  "mode": true,
  "sourceLink": "https://www.myscheme.gov.in/schemes/pmksypdmc"
}