{
  "schemeName": "Pradhan Mantri Rashtriya Bal Puraskar",
  "eligibility": {
    "residence": "rural",
    "minAge": 5,
    "maxAge": 18,
    "gender": null,
    "casteCategory": "Any",
    "minIncome": 0,
    "maxIncome": 0,
    "disability": false,
    "minority": false,
    "maritalStatus": "Any"
  },
  "category": "women and child",
  "applicationProcedure": [
    "Visit the official website",
    "Click on the Registration button",
    "Choose type Individual or Organization",
    "Fill in the required details",
    "Submit",
    "Login using the credentials",
    "Select scheme name and click 'Nominate / Apply Now'",
    "Fill in the online application form and click 'Submit'"
  ],
  "documentsRequired": [
    "A copy of the child's birth certificate",
    "A copy of the child's school leaving certificate",
    "A copy of the child's Aadhaar card",
    "A copy of the child's passport size photograph",
    "A certificate from the child's school or institution",
    "A detailed description of the child's achievements",
    "A recommendation letter from a person of eminence"
  ],
  "state": "Any",
  "mode": false,
  "sourceLink": "https://www.myscheme.gov.in/schemes/pmrbp"
}