{
  "schemeName": "Pradhan Mantri Matru Vandana Yojana",
  "eligibility": {
    "residence": "rural",
    "minAge": 19,
    "maxAge": 0,
    "gender": false,
    "casteCategory": "SC/ST/OBC",
    "minIncome": 0,
    "maxIncome": 800000,
    "disability": true,
    "minority": false,
    "maritalStatus": "Any"
  },
  "category": "women and child",
  "applicationProcedure": [
    "Citizen visit the official website of the Ministry and click on the Citizen login tab.",
    "Enter mobile number and verify. Then enter details like Full Name, State, District, Area, Block, Village and relationship with beneficiary. Then click create account button.",
    "Once account is created. Click on Login tab on main homepage of the website.",
    "Now, enter the User ID, Password and Captcha code. Then apply for the scheme.",
    "After successful login, click on the 'Data Entry' tab and choose the option 'Beneficiary Registration'.",
    "Now, enter all the detailed personal details on the Beneficiary registration page.",
    "Choose suitable option under the Scheme applying for First Child OR Second Child.",
    "Once all the form details are completed. Click Submit Button."
  ],
  "documentsRequired": [
    "Aadhaar card",
    "Aadhaar mapped bank/post office",
    "Bank account details",
    "Eligibility proof",
    "MCP/RCHI card",
    "LMP date",
    "ANC date",
    "Child birth certificate",
    "Child immunization details",
    "Women whose net family income is less than ₹ 8 Lakh per annum.",
    "Women holding MGNREGA Job Card.",
    "Women farmers who are beneficiaries under Kisan Samman Nidhi.",
    "Women holding e-Shram card.",
    "Women Beneficiaries under Pradhan Mantri Jan Aarogya Yojana (PMJAY) under Ayushman Bharat.",
    "Women holder of BPL ration Card.",
    "Women who are partially (40%) or fully disabled (Divyang Jan).",
    "SC Women.",
    "ST Women.",
    "Pregnant and Lactating AWWS/ AWHS/ASHAS.",
    "Women Beneficiaries holding Ration card under National Food Security Act (NFSA), 2013."
  ],
  "state": "Any",
  "mode": false,
  "sourceLink": "https://www.myscheme.gov.in/schemes/pmmvy"
}