{
  "schemeName": "Pradhan Mantri Kisan Samman Nidhi",
  "eligibility": {
    "residence": "rural",
    "minAge": 0,
    "maxAge": 0,
    "gender": null,
    "casteCategory": "Any",
    "minIncome": 0,
    "maxIncome": 0,
    "disability": false,
    "minority": false,
    "maritalStatus": "Any"
  },
  "category": "agriculture",
  "applicationProcedure": [
    "Online - Via CSCs",
    "Step 1: The following are the prerequisites for the enrollment process:",
    "Step 2: The VLE will fill in the complete details of farmer registration details like State, district, subdistrict block, and village, key in the Aadhaar number, Name of the beneficiary, category, Bank detail, Land Registration ID, and Date of birth as printed on Aadhaar card for authentication..",
    "Step 3: The VLE will fill in the Land details like Survey/ Kahta No., Khasra no., and area of land as mentioned in land holding papers. ",
    "Step 4: Upload the supporting documents like Land, Aadhar, and Bank passbook.",
    "Step 5: Self-declaration accept and save the application form.",
    "Step 6: After saving the application form make payment through CSC ID.",
    "Step 7: Check the Beneficiary status through the Aadhaar number."
  ],
  "documentsRequired": [
    "Aadhaar Card",
    "Landholding papers",
    "Savings Bank Account"
  ],
  "state": "Any",
  "mode": false,
  "sourceLink": "https://www.myscheme.gov.in/schemes/pm-kisan"
}