{
  "schemeName": "Pradhan Mantri Gram Sadak Yojana",
  "eligibility": {
    "residence": "rural",
    "minAge": 0,
    "maxAge": 0,
    "gender": null,
    "casteCategory": "Any",
    "minIncome": 0,
    "maxIncome": 0,
    "disability": false,
    "minority": false,
    "maritalStatus": "Any"
  },
  "category": "Infrastructure",
  "applicationProcedure": [
    "The list of road works to be taken up under the Programme will be finalized each year by the District Panchayat in accordance with the allocation of funds communicated to the district."
  ],
  "documentsRequired": [
    "Utilisation Certificate for the funds released earlier, year-wise in the form prescribed.",
    "Certificate by the Bank Manager indicating the balance amount on the date of issue of the Certificate and the interest credited.",
    "A Certificate regarding the requisite physical completion of works",
    "Audited Statement of Accounts and a Balance Sheet and related Statements, duly certified by the Chartered Accountant for the accounts of the previous financial year.",
    "Outputs of the relevant modules of the OMMAS, duly certified by the SRRDA as being correct and verified by the NRIDA",
    "A certificate from the CEO of SRRDA that Maintenance funds required as per maintenance contracts in force had been spent during the previous financial year."
  ],
  "state": "Any",
  "mode": true,
  "sourceLink": "https://www.myscheme.gov.in/schemes/pmgsy"
}