{
  "schemeName": "Pradhan Mantri Ujjwala Yojana 2.0",
  "eligibility": {
    "residence": "rural",
    "minAge": 18,
    "maxAge": 0,
    "gender": false,
    "casteCategory": "SC/ST/OBC",
    "minIncome": 0,
    "maxIncome": 0,
    "disability": false,
    "minority": false,
    "maritalStatus": "Any"
  },
  "category": "health and wellness",
  "applicationProcedure": [
    "Download Forms from the official website or get them from the nearest LPG distributor",
    "Fill out the application form with the required information",
    "Attach the necessary documents along with the application form",
    "Submit the completed application form along with the supporting documents to the nearest LPG distributor"
  ],
  "documentsRequired": [
    "Know Your Customer(KYC)",
    "Ration Card",
    "Aadhaar of the beneficiary and adult family members",
    "Proof of Address",
    "Bank Account Number and IFSC"
  ],
  "state": "Any",
  "mode": true,
  "sourceLink": "https://www.pmuy.gov.in/index.aspx"
}