{
  "schemeName": "Pradhan Mantri Fasal Bima Yojna (PMFBY)",
  "eligibility": {
    "residence": "rural",
    "minAge": 0,
    "maxAge": 0,
    "gender": null,
    "casteCategory": "Any",
    "minIncome": 0,
    "maxIncome": 0,
    "disability": false,
    "minority": false,
    "maritalStatus": "Any"
  },
  "category": "agriculture",
  "applicationProcedure": [
    "Online",
    "Offline",
    "Online - Via CSCs"
  ],
  "documentsRequired": [
    "Passport–sized Photograph",
    "Passbook",
    "Identity Proof (Aadhaar Card/PAN Card/Voter ID/Bank Passbook with Photo, Kisan Photo Book/NREGA Job Card)",
    "Address Proof (Aadhaar Card/PAN Card/Voter ID/Electricity Bill/Bank Passbook with Photo)",
    "Evidence of Land records, as per the State Records of Right (RoR), Land Possession Certificate (LPC), and other applicable agreements, contracts notified or permitted by the state",
    "Declaration about the crop sown/intended to be sown"
  ],
  "state": "Any",
  "mode": true,
  "sourceLink": "https://www.myscheme.gov.in/schemes/pmfby"
}