{
  "schemeName": "Pragati Scholarship Scheme For Girl Students (Technical Diploma)",
  "eligibility": {
    "residence": "Any",
    "minAge": 0,
    "maxAge": 0,
    "gender": false,
    "casteCategory": "Any",
    "minIncome": 0,
    "maxIncome": 800000,
    "disability": false,
    "minority": false,
    "maritalStatus": "Any"
  },
  "category": "education",
  "applicationProcedure": [
    "Visit the Registration page of the National Scholarships Portal",
    "Fill in the details and click 'Register'",
    "Login to the applicant Login page of the National Scholarships Portal",
    "Fill in the application form and upload the documents",
    "Click 'Final Submit' to apply"
  ],
  "documentsRequired": [
    "Copy of the SSC/10th certificate",
    "Copy of HSC/12th certificate",
    "Copy of ITI certificate",
    "Copy of Diploma certificate",
    "Bank Passbook",
    "Category Certificate",
    "Aadhaar Card",
    "Applicant’s Passport-Size Photo",
    "Study Certificate",
    "Annual Family Income Certificate",
    "Parent’s Declaration",
    "Bank Mandate Form"
  ],
  "state": "Any",
  "mode": false,
  "sourceLink": "https://www.myscheme.gov.in/schemes/psgs-dip"
}