{
  "schemeName": "Pragati Scholarship Scheme For Girl Students (Technical Degree)",
  "eligibility": {
    "residence": "Any",
    "minAge": 0,
    "maxAge": 0,
    "gender": false,
    "casteCategory": "Any",
    "minIncome": 0,
    "maxIncome": 800000,
    "disability": false,
    "minority": false,
    "maritalStatus": "Any"
  },
  "category": "education",
  "applicationProcedure": [
    "Visit the Registration page of the National Scholarships Portal",
    "Fill in the details and click 'Register'",
    "Login to the applicant Login page of the National Scholarships Portal",
    "Fill in the details and upload the documents",
    "Click 'Final Submit' to apply"
  ],
  "documentsRequired": [
    "Copy of SSC/10th certificate",
    "Copy of HSC/12th certificate",
    "Copy of ITI certificate",
    "Copy of Diploma certificate",
    "Bank Passbook",
    "Category Certificate",
    "Aadhar Card",
    "Study Certificate",
    "Annual Family Income Certificate",
    "Parent's Declaration",
    "Bank Mandate Form"
  ],
  "state": "Any",
  "mode": false,
  "sourceLink": "https://www.myscheme.gov.in/schemes/psgs-deg"
}