{
  "schemeName": "Prak Pariksha Prashikshan Kendra",
  "eligibility": {
    "residence": "rural",
    "minAge": 0,
    "maxAge": 0,
    "gender": null,
    "casteCategory": "Backward Class or Extremely Backward Class",
    "minIncome": 0,
    "maxIncome": 300000,
    "disability": false,
    "minority": false,
    "maritalStatus": "Any"
  },
  "category": "education",
  "applicationProcedure": [
    "Download the application form",
    "Fill in all the mandatory fields, paste the passport-sized photograph, and attach copies of all the mandatory documents",
    "Submit the application to the concerned Director, Pre-Exam Training Center, via registered mail or speed post"
  ],
  "documentsRequired": [
    "Proof of identity",
    "Proof of residence",
    "Educational qualification certificates",
    "Caste or community certificate",
    "Recent passport-sized photographs"
  ],
  "state": "Bihar",
  "mode": true,
  "sourceLink": "https://www.myscheme.gov.in/schemes/pppk"
}