{
  "schemeName": "Prasuti Sahayata Yojana",
  "eligibility": {
    "residence": "Any",
    "minAge": 20,
    "maxAge": 0,
    "gender": false,
    "casteCategory": "Any",
    "minIncome": 0,
    "maxIncome": 0,
    "disability": false,
    "minority": false,
    "maritalStatus": "Any"
  },
  "category": "women and child",
  "applicationProcedure": [
    "Visit the official portal",
    "Click on the option 'Register'",
    "Choose either Jan Aadhaar or Google to process further",
    "Fill out the registration form",
    "Login to the dashboard",
    "Click on 'LDMS' option",
    "Select 'Welfare Schemes' from the side menu and select BOCW Welfare Board",
    "Click on 'Apply for Scheme'",
    "Fill out the relevant details and submit"
  ],
  "documentsRequired": [
    "Aadhar card copy",
    "Jan Aadhar/Bhamashah card copy",
    "Birth certificate copy",
    "Certificate of institutional delivery",
    "Declaration form regarding the number of living children"
  ],
  "state": "Rajasthan",
  "mode": false,
  "sourceLink": "https://www.myscheme.gov.in/schemes/psy"
}