{
  "schemeName": "Price Support Scheme",
  "eligibility": {
    "residence": "rural",
    "minAge": 0,
    "maxAge": 0,
    "gender": null,
    "casteCategory": "Any",
    "minIncome": 0,
    "maxIncome": 0,
    "disability": false,
    "minority": false,
    "maritalStatus": "Any"
  },
  "category": "agriculture",
  "applicationProcedure": [
    "Download the application form for the Price Support Scheme official website",
    "Fill in the required details accurately and completely",
    "Attach supporting document",
    "Submit the application by visiting the designated government office"
  ],
  "documentsRequired": [
    "Land revenue documents",
    "Identification proof",
    "Land documents",
    "Bank account details",
    "Agricultural documents",
    "Income certificate",
    "Photographs"
  ],
  "state": "Assam",
  "mode": true,
  "sourceLink": "https://www.myscheme.gov.in/schemes/pss"
}