{
  "schemeName": "Promotion And Development Of Tea Tourism Infrastructure In Assam",
  "eligibility": {
    "residence": "rural",
    "minAge": 0,
    "maxAge": 0,
    "gender": null,
    "casteCategory": "Any",
    "minIncome": 0,
    "maxIncome": 0,
    "disability": false,
    "minority": false,
    "maritalStatus": "Any"
  },
  "category": "travel tourism",
  "applicationProcedure": [
    "Offline",
    "Step 01: Assam Tourism Development Corporation Ltd., will give wide publicity through open advertisements in daily newspapers, electronic media, etc. as per the norms.",
    "Step 02: The interested and eligible applicants shall apply in the prescribed format to be issued by the Managing Director, Assam Tourism Development Corporation Ltd., Guwahati, and will submit the same along with all supporting documents as specified.",
    "Step 03: Each individual tea garden meeting the eligibility criteria will apply for benefits under the scheme and come up with a presentation on the proposed infrastructure to be developed along with the estimated cost to be presented before the Selection Committee.",
    "Step 04: The application shall be scrutinized by the State Level Committee (SLC) for the selection of Tea Gardens to be undertaken under the project.",
    "Step 05: Once scrutiny is done, a physical inspection of the sites will be carried out by ATDC.",
    "Step 06: After scrutiny and physical inspection, the list of eligible tea gardens will be approved by the SLC for further implementation of the scheme.",
    "Step 07: SLC will act as the Guiding Force in all aspects for the effective implementation of the scheme."
  ],
  "documentsRequired": [
    "Voter, PAN & Aadhar card: Identity documents of the applicant",
    "Roadmap: A sketch or snapshot of Google Maps, showing the way to the location from the nearest prominent place or from the main road.",
    "No objection certificate from circle officer/DC.",
    "Police Verification Report of the applicant.",
    "Tourist place photos: proximate tourist attractions/place of interest photographs",
    "Demand Draft of ₹ 5000/- (Non-Refundable) with the Form in favour of Managing Director, Assam Tourism Development Corporation Ltd., Guwahati.",
    "Proper Land documents of the tea garden. (certified copy of deed/land document (patta/namjari))",
    "Lease agreement in case of tea garden on lease.",
    "Copy the Site plan etc. of the tea garden.",
    "Site photographs: the desired location for photographs",
    "Passport Photos: 1 copy self-attached photograph stick on the form and two other photographs self-attached along with Form No. on the back side to be pinned with form.",
    "Photocopy of the form: need two sets of forms (1 set original + 1 set photocopy).",
    "Envelope: 1 no. self-addressed envelope.",
    "A self-contained proposal on Tea tourism clearly indicates the work to be done for making the tea garden a tea tourism spot so that all the recreational infrastructures are highlighted.",
    "Undertaking pertaining to compliance with all the norms and/or provisions of the implementing Guidelines.",
    "Balance sheets of the tea garden for the last five years to be duly certified by the CA.",
    "Financial soundness certificate."
  ],
  "state": "Assam",
  "mode": true,
  "sourceLink": "https://www.myscheme.gov.in/schemes/pdtti-assam"
}