{
  "schemeName": "Providing Mini Tractor and its Sub Parts to the Self Help Group of Scheduled Castes",
  "eligibility": {
    "residence": "rural",
    "minAge": 0,
    "maxAge": 0,
    "gender": null,
    "casteCategory": "SC",
    "minIncome": 0,
    "maxIncome": 0,
    "disability": false,
    "minority": false,
    "maritalStatus": "Any"
  },
  "category": "agriculture",
  "applicationProcedure": [
    "Visit the District Social Welfare Office and request a hard copy of the prescribed format of the application form",
    "Fill in all the mandatory fields, paste the passport-sized photograph, and attach copies of all the mandatory documents",
    "Submit the duly filled and signed application form along with the documents to the Assistant Commissioner, District Social Welfare Office",
    "Request a receipt or acknowledgement from the concerned authority"
  ],
  "documentsRequired": [
    "Identity Proof",
    "Domicile Certificate",
    "Caste Certificate",
    "Self Help Group Registration",
    "Bank Account Details",
    "Affidavit",
    "Proposal Letter",
    "Cost Estimate"
  ],
  "state": "Maharashtra",
  "mode": true,
  "sourceLink": "https://www.myscheme.gov.in/schemes/pmtaispttshgosc"
}