{
  "schemeName": "Rainfed Area Development",
  "eligibility": {
    "residence": "rural",
    "minAge": 0,
    "maxAge": 0,
    "gender": null,
    "casteCategory": "Any",
    "minIncome": 0,
    "maxIncome": 0,
    "disability": false,
    "minority": false,
    "maritalStatus": "Any"
  },
  "category": "agriculture",
  "applicationProcedure": [
    "Interested beneficiaries can get in touch with the District / Block Agriculture Officer to enquire about village/cluster’s eligibility for the scheme.",
    "If found eligible, the proposal will be forwarded to the State Level Sanctioning Committee (SLSC) chaired by Chief Secretary for consideration.",
    "Based on the approval of the SLSC, the project will be rolled out by the state government or state government appointed Project Promoter / Implementing agency."
  ],
  "documentsRequired": [
    "Aadhar Number",
    "Land Documents",
    "Bank Details",
    "Photographs"
  ],
  "state": "Any",
  "mode": true,
  "sourceLink": "https://www.myscheme.gov.in/schemes/rad"
}