{
  "schemeName": "Rajarshri Chhatrapati Shahu Maharaj Merit Scholarship",
  "eligibility": {
    "residence": "rural",
    "minAge": 0,
    "maxAge": 0,
    "gender": null,
    "casteCategory": "SC",
    "minIncome": 0,
    "maxIncome": 0,
    "disability": false,
    "minority": false,
    "maritalStatus": "Any"
  },
  "category": "education",
  "applicationProcedure": [
    "Visit the respective junior college or college and request a hard copy of the prescribed format of the application form",
    "Fill in all the mandatory fields, and attach copies of all the mandatory documents",
    "Submit the duly filled and signed application form along with the documents to the Principal of the respective junior college or college",
    "Request a receipt or acknowledgment from the Principal of the respective junior college or college"
  ],
  "documentsRequired": [
    "Caste Certificate",
    "Class 10th Mark Sheet",
    "School Leaving Certificate",
    "College Admission Certificate"
  ],
  "state": "Maharashtra",
  "mode": true,
  "sourceLink": "https://www.myscheme.gov.in/schemes/rcsmms"
}