{
  "schemeName": "Rajasthan Chief Minister's Relief Fund - Accident Assistance",
  "eligibility": {
    "residence": "urban and rural",
    "minAge": 0,
    "maxAge": 0,
    "gender": null,
    "casteCategory": "Any",
    "minIncome": 0,
    "maxIncome": 0,
    "disability": false,
    "minority": false,
    "maritalStatus": "Any"
  },
  "category": "health and wellness",
  "applicationProcedure": [
    "Offline",
    "The letter requesting the assistance, along with the required self-attested documents must be sent to the Official Email ID of CMRF: cmrf.cmo@rajasthan.gov.in, or in person, to the concerned Tehsil/District Collector's Office, or to the Chief Accounts Officer (CAO), Room No. 301, Chief Minister's Office, Government Secretariat, Jaipur, Rajasthan - 302 005."
  ],
  "documentsRequired": [
    "Passport Sized Photograph",
    "Proof of Identity of the Applicant (and of the deceased, if applicable)",
    "Residential Proof (Domicile Certificate)",
    "Medical Report of the Injured (Mandatory)",
    "Post Mortem Report in Case of Death (Mandatory) or In Case of Mutilation of the Dead Body, the Satisfaction Certificate of the Inquest Officer (Mandatory)",
    "FIR Report (Mandatory)",
    "Ration Card",
    "Aadhaar Card",
    "First Page of Bank Account Passbook / Canceled Check or Photocopy",
    "Income Certificate/Proof",
    "Address Proof (Ration Card)",
    "Treatment Estimate by the Doctor"
  ],
  "state": "Rajasthan",
  "mode": true,
  "sourceLink": "https://www.myscheme.gov.in/schemes/rcmrf-aa"
}