{
  "schemeName": "Rajya Pratibha Khoj Pariksha Chhatravriti Yojana",
  "eligibility": {
    "residence": "Rajasthan",
    "minAge": 0,
    "maxAge": 0,
    "gender": null,
    "casteCategory": "Any",
    "minIncome": 0,
    "maxIncome": 0,
    "disability": false,
    "minority": false,
    "maritalStatus": "Any"
  },
  "category": "education",
  "applicationProcedure": [
    "Contact school or college administration",
    "Submit mandatory documents",
    "School visits Shala Darpan, Rajasthan Portal",
    "School fills and submits application form"
  ],
  "documentsRequired": [
    "Aadhaar Card Copy",
    "Jan Aadhaar Card or Bhamashah Card Copy",
    "Educational Qualification Marksheet or Certificate Copy",
    "Residence proof"
  ],
  "state": "Rajasthan",
  "mode": false,
  "sourceLink": "https://www.myscheme.gov.in/schemes/rpkpcy"
}