{
  "schemeName": "Ramai Awas (Gharkul) Scheme for SC & Nav-Buddha (Urban and Rural)",
  "eligibility": {
    "residence": "urban and rural",
    "minAge": 0,
    "maxAge": 0,
    "gender": null,
    "casteCategory": "SC",
    "minIncome": 0,
    "maxIncome": 200000,
    "disability": false,
    "minority": false,
    "maritalStatus": "Any"
  },
  "category": "housing",
  "applicationProcedure": [
    "Visit the concerned authority and request a hard copy of the prescribed format of the application form",
    "Fill in all the mandatory fields, paste the passport-sized photograph, and attach copies of all the mandatory documents",
    "Submit the duly filled and signed application form along with the documents to the concerned authority"
  ],
  "documentsRequired": [
    "Residential / Domicile Certificate",
    "Caste Certificate",
    "Aadhaar Card",
    "Address Proof",
    "Identity Card",
    "Passport Size Photo"
  ],
  "state": "Maharashtra",
  "mode": true,
  "sourceLink": "https://sjsa.maharashtra.gov.in/en/ramai-awas-gharkul-scheme-sc-nav-buddha-urban-and-rural"
}