{
  "schemeName": "Rashtriya Gram Swaraj Abhiyan",
  "eligibility": {
    "residence": "rural",
    "minAge": 0,
    "maxAge": 0,
    "gender": null,
    "casteCategory": "Any",
    "minIncome": 0,
    "maxIncome": 0,
    "disability": false,
    "minority": false,
    "maritalStatus": "Any"
  },
  "category": "local governance",
  "applicationProcedure": [
    "Registration on Rashtriya Gram Swaraj Abhiyan Portal",
    "Click on Register",
    "Fill in the required details"
  ],
  "documentsRequired": [
    "Annual Action Plan",
    "Utilization Certificate",
    "Audit Report",
    "Physical and Financial Progress Reports"
  ],
  "state": "Any",
  "mode": false,
  "sourceLink": "https://www.myscheme.gov.in/schemes/rgsa"
}