{
  "schemeName": "RKVY Soil Health and Fertility - Soil Health Card",
  "eligibility": {
    "residence": "rural",
    "minAge": 0,
    "maxAge": 0,
    "gender": null,
    "casteCategory": "Any",
    "minIncome": 0,
    "maxIncome": 0,
    "disability": false,
    "minority": false,
    "maritalStatus": "Any"
  },
  "category": "agriculture",
  "applicationProcedure": [
    "Farmer approaches a District Agriculture Officer / Block Agriculture Officer for soil testing and generation of a SHC.",
    "The concerned officer shall initiate the process for the concerned farmer wherein they assess whether the applicant’s district / village falls under State Annual Action Plan for generation of SHC.",
    "Agent visits the farmer and collects farmer details, land details and geo-tags the land through mobile app and takes a sample of the soil for testing",
    "The soil is tested on set parameters and a Soil Health report is generated for the farmer’s land",
    "The report contains results as well as recommendations on suitable crops for the soil type, and the quantity and type of fertiliser to be used."
  ],
  "documentsRequired": [
    "Varies by state"
  ],
  "state": "Any",
  "mode": true,
  "sourceLink": "https://www.myscheme.gov.in/schemes/rkvyshfshc"
}