{
  "schemeName": "RMEWF-Financial Assistance For Vocational Training Of Widows Of Ex-Servicemen",
  "eligibility": {
    "residence": "Any",
    "minAge": 0,
    "maxAge": 0,
    "gender": false,
    "casteCategory": "Any",
    "minIncome": 0,
    "maxIncome": 0,
    "disability": false,
    "minority": false,
    "maritalStatus": "Widow"
  },
  "category": "Women and Child",
  "applicationProcedure": [
    "Visit the official website of Kendriya Sainik Board Secretariat (KSBS)",
    "Click on 'Register' and fill the registration form",
    "Upload the required documents and photo",
    "Save and submit the application",
    "Login to the KSB portal and select the scheme name",
    "Fill the new application form and upload supporting documents"
  ],
  "documentsRequired": [
    "Complete Service Discharge Certificate/Book",
    "Copy of Widow I-Card",
    "Certificate from institute after completion of training",
    "Certificate from ZSWO that widow after vocational training is gainfully employed",
    "Details of Bank A/c No and IFS Code"
  ],
  "state": "Any",
  "mode": false,
  "sourceLink": "https://ksb.gov.in/"
}