{
  "schemeName": "Saansad Adarsh Gram Yojana",
  "eligibility": {
    "residence": "rural",
    "minAge": 0,
    "maxAge": 0,
    "gender": null,
    "casteCategory": "Any",
    "minIncome": 0,
    "maxIncome": 0,
    "disability": false,
    "minority": false,
    "maritalStatus": "Any"
  },
  "category": "rural development",
  "applicationProcedure": [
    "The Member of Parliament (MP) would identify a suitable Gram Panchayat from the rural area of any district in the country, other than his/her own village or that of his/her spouse."
  ],
  "documentsRequired": [
    "Not Applicable"
  ],
  "state": "Any",
  "mode": true,
  "sourceLink": "https://www.myscheme.gov.in/schemes/sagy"
}