{
  "schemeName": "Samekit Baal Vikas Chhtra Yojana: Dress for Pre-school Children",
  "eligibility": {
    "residence": "Bihar",
    "minAge": 3,
    "maxAge": 6,
    "gender": null,
    "casteCategory": "Any",
    "minIncome": 0,
    "maxIncome": 0,
    "disability": false,
    "minority": false,
    "maritalStatus": "Any"
  },
  "category": "Education",
  "applicationProcedure": [
    "Register at the nearest Anganwadi Center"
  ],
  "documentsRequired": [
    "Aadhaar card of parents",
    "Birth certificate of child",
    "Address proof"
  ],
  "state": "Bihar",
  "mode": true,
  "sourceLink": "https://www.myscheme.gov.in/schemes/sbvcydpsc"
}