{
  "schemeName": "Samman Bhatta to War Widows and Parents of Martyrs",
  "eligibility": {
    "residence": "Rajasthan",
    "minAge": 0,
    "maxAge": 0,
    "gender": null,
    "casteCategory": "Any",
    "minIncome": 0,
    "maxIncome": 0,
    "disability": false,
    "minority": false,
    "maritalStatus": "Any"
  },
  "category": "Women and Child",
  "applicationProcedure": [
    "Visit the office of the District Sainik Welfare Office and request a hard copy of the prescribed format of the application form",
    "Download the application form from the official website",
    "Fill in all the mandatory fields and attach copies of all the mandatory documents",
    "Submit the duly filled and signed application form along with the documents to the District Sainik Welfare Office"
  ],
  "documentsRequired": [
    "Martyrdom certificate of the deceased soldier",
    "Marriage certificate (for war widows)",
    "Relationship proof (for parents of martyrs)",
    "Pension Payment Order (PPO), if applicable",
    "Bank Passbook Copy",
    "Any Other Document if Required"
  ],
  "state": "Rajasthan",
  "mode": true,
  "sourceLink": "https://www.myscheme.gov.in/schemes/sbwwpm"
}