{
  "schemeName": "Sanjay Gandhi Niradhar Grant Scheme",
  "eligibility": {
    "residence": "rural",
    "minAge": 0,
    "maxAge": 65,
    "gender": null,
    "casteCategory": "Any",
    "minIncome": 0,
    "maxIncome": 21000,
    "disability": true,
    "minority": false,
    "maritalStatus": "Any"
  },
  "category": "women and child",
  "applicationProcedure": [
    "Visit the Collector's Office / Tahsildar Sanjay Gandhi Yojana / Talathi Office, and request a hard copy of the format of the application form for the scheme from the concerned authority.",
    "In the application form, fill in all the mandatory fields, paste the passport-sized photograph (signed across), and attach all the (self-attested) mandatory documents.",
    "Submit the duly filled and signed application form along with the documents to the Collector's Office / Tahsildar Sanjay Gandhi Yojana / Talathi Office.",
    "Acquire the receipt/acknowledgment of the successful submission of the application form."
  ],
  "documentsRequired": [
    "Aadhaar Card",
    "2-Passport Sized Photograph (Signed Across)",
    "Residential Certificate / Domicile Certificate of the State of Maharashtra",
    "Details of the Bank Account (Bank Name, Branch Name, Address, IFSC, etc)",
    "Any other document required by the District Social Welfare Office",
    "Medical Certificate OR Certificate of Incapacity/Disease (issued by the Civil Surgeon and Medical Superintendent of the Government Hospital) (In the case of major illness)",
    "Proof of Age",
    "Income Certificate / BPL Card of the Family",
    "Disability Certificate",
    "Transgender Certificate (in case the applicant is Transgender)",
    "Marriage Certificate, and Death Certificate of Husband (in the case of Widow applicants)"
  ],
  "state": "Maharashtra",
  "mode": true,
  "sourceLink": "https://www.myscheme.gov.in/schemes/sgngs"
}