{
  "schemeName": "Sant Ravidaas Shiksha Protsaahan Yojana",
  "eligibility": {
    "residence": "Any",
    "minAge": 0,
    "maxAge": 35,
    "gender": null,
    "casteCategory": "Any",
    "minIncome": 0,
    "maxIncome": 0,
    "disability": false,
    "minority": false,
    "maritalStatus": "Any"
  },
  "category": "education",
  "applicationProcedure": [
    "Applicant must visit the official web portal.",
    "Provide the required details",
    "Enter Aadhaar Number.",
    "Choose Circle.",
    "Choose District.",
    "Mobile Number.",
    "Submit the registration request.",
    "Applicant must visit the official web portal.",
    "Provide the required details",
    "Choose Circle.",
    "Choose Scheme name.",
    "Enter Registered Aadhaar Number.",
    "Enter Registered Mobile Number.",
    "Click on \"Open Application form\".",
    "Provide the required details in application form.",
    "Applicant/Worker details",
    "Child details",
    "Bank Account Details",
    "Submit the required documents",
    "Submit the application request."
  ],
  "documentsRequired": [
    "Mark sheets & fee receipts for current and next class.",
    "Self-certified copies of mark sheets for grades 1-8 (government schools).",
    "Vouchers/bills countersigned by principal (grades 9-12) or relevant authority (degrees/professional courses).",
    "Employment/self-declaration certificate for construction work in past year.",
    "Additional documents for bicycle benefit (mark sheet, next class fee receipt, school admission/education certificate).",
    "Self-declaration letter confirming no other similar scheme benefits received."
  ],
  "state": "Any",
  "mode": false,
  "sourceLink": "https://www.myscheme.gov.in/schemes/srspy"
}