{
  "schemeName": "Sarothi Scheme",
  "eligibility": {
    "residence": "rural",
    "minAge": 0,
    "maxAge": 0,
    "gender": null,
    "casteCategory": "Any",
    "minIncome": 0,
    "maxIncome": 0,
    "disability": false,
    "minority": false,
    "maritalStatus": "Any"
  },
  "category": "industry",
  "applicationProcedure": [
    "Download application from link",
    "Fill out application and send with required documents to District Industries & Commerce Centre (DICC) General Manager"
  ],
  "documentsRequired": [
    "Application in prescribed format",
    "Passport size photograph",
    "Entrepreneurs Memorandum Part-I (EM part-I), Udyog Adhar",
    "Scheme/Project Report",
    "Identity Proof",
    "Address Proof",
    "Trade license",
    "Certificate of training",
    "Certificate of OBC/SC/ST/Physical handicraft"
  ],
  "state": "Assam",
  "mode": false,
  "sourceLink": "https://www.myscheme.gov.in/schemes/srs"
}