{
  "schemeName": "Savitribai Phule Scholarship For V.J.N.T And S.B.C Girls Students Studying In 8th To 10 Std",
  "eligibility": {
    "residence": "Any",
    "minAge": 0,
    "maxAge": 0,
    "gender": false,
    "casteCategory": "VJNT or SBC",
    "minIncome": 0,
    "maxIncome": 0,
    "disability": false,
    "minority": false,
    "maritalStatus": "Any"
  },
  "category": "education",
  "applicationProcedure": [
    "Visit the official website of https://mahadbt.maharashtra.gov.in.",
    "Click on 'New Applicant Registration'. Register using your Name, Mobile Number, and Email ID. Create a Username and Password. Your Mobile Number and Email ID will be verified via OTP.",
    "Now visit to Login Page and log in using your Username and Password.",
    "In the left pane, click 'Aadhaar Bank Link' to link your Aadhaar with your Bank Account.",
    "In the left pane, click 'Profile'. Fill in all the mandatory details and upload the mandatory documents (Personal Details, Address Information, Other Information, Current Course, Past Qualification, and Hostel Details). Click 'Save'.",
    "In the left pane, click 'All Schemes'. A list of schemes will appear. Click on 'Savitribai Phule Scholarship'.",
    "Fill in all the additional information and upload the mandatory documents. Click 'Submit' to submit your application."
  ],
  "documentsRequired": [
    "Aadhaar Number",
    "Proof of Identity",
    "Proof of Age (Birth Certificate)",
    "Proof of Address",
    "Domicile Certificate of Maharashtra",
    "Caste Certificate VJNT or SBC Community (duly signed by an authorized Revenue Officer, not below the rank of Tehsildar)",
    "Marksheet of the Latest Educational Qualification",
    "Fee Receipt of ‘Current Course Year’",
    "Bank Account Details",
    "Passport-sized Photograph"
  ],
  "state": "Maharashtra",
  "mode": false,
  "sourceLink": "https://www.myscheme.gov.in/schemes/sps"
}