{
  "schemeName": "Savitribai Phule Scholarship For V.J.N.T. And S.B.C. Girl Students Studying In 5th To 7th Standard",
  "eligibility": {
    "residence": "Maharashtra",
    "minAge": 0,
    "maxAge": 0,
    "gender": false,
    "casteCategory": "VJNT or SBC",
    "minIncome": 0,
    "maxIncome": 0,
    "disability": false,
    "minority": false,
    "maritalStatus": "Any"
  },
  "category": "Education",
  "applicationProcedure": [
    "Visit the official website of Aaple Sarkar / Maha DBT",
    "Register using your Name, Mobile Number, and Email ID",
    "Login using your Username and Password",
    "Link your Aadhaar with your Bank Account",
    "Fill in all the mandatory details and upload the mandatory documents",
    "Submit your application"
  ],
  "documentsRequired": [
    "Aadhaar Number",
    "Proof of Identity",
    "Proof of Age (Birth Certificate)",
    "Proof of Address",
    "Domicile Certificate of Maharashtra",
    "Caste Certificate VJNT or SBC Community",
    "Marksheet of the Latest Educational Qualification",
    "Fee Receipt of ‘Current Course Year’",
    "Bank Account Details",
    "Passport-sized Photograph"
  ],
  "state": "Maharashtra",
  "mode": false,
  "sourceLink": "https://www.myscheme.gov.in/schemes/spsvsgs"
}