{
  "schemeName": "Savitribai Jyotirao Phule Fellowship For Single Girl Child",
  "eligibility": {
    "residence": "rural",
    "minAge": 0,
    "maxAge": 40,
    "gender": false,
    "casteCategory": "Any",
    "minIncome": 0,
    "maxIncome": 0,
    "disability": false,
    "minority": false,
    "maritalStatus": "Any"
  },
  "category": "education",
  "applicationProcedure": [
    "Online application through https://frg.ugc.ac.in/",
    "Registration and login",
    "Filling out the application form",
    "Uploading required documents",
    "Submission of the application form"
  ],
  "documentsRequired": [
    "Scanned copy of passport-size photograph and signature",
    "Complete Research proposal and abstract",
    "Auto-generated form signed by HoD/Registrar",
    "Proof of being a single girl child on affidavit"
  ],
  "state": "Any",
  "mode": false,
  "sourceLink": "https://www.myscheme.gov.in/schemes/sjpfsgc"
}