{
  "schemeName": "Scheme for Assistance to MSMEs for Market Development",
  "eligibility": {
    "residence": "rural",
    "minAge": 0,
    "maxAge": 0,
    "gender": null,
    "casteCategory": "Any",
    "minIncome": 0,
    "maxIncome": 0,
    "disability": false,
    "minority": false,
    "maritalStatus": "Any"
  },
  "category": "industry",
  "applicationProcedure": [
    "Download the application form from the official website",
    "Fill in all the mandatory fields and attach copies of all the mandatory documents",
    "Submit the duly filled and signed application form along with the documents to the respective General Manager, District Industries & Commerce Centre (DICC)"
  ],
  "documentsRequired": [
    "Proof of Business Registration (Udyam Registration)",
    "Event Brochure/Invitation Letter",
    "Invoice for Stall Rent from Organizing Body and Travel Fee (Including Tickets)",
    "Copy of VISA of persons who attended the exhibition and air ticket and boarding pass (if international travel)",
    "Payment Proof",
    "Photographs of Exhibitions including photographs of Main Entrance of the exhibition",
    "Photographs of the Stall setup during the fair/exhibition",
    "Bank Account Details (Cancelled Cheque or Passbook Copy) along with PAN of the beneficiary",
    "CA Certificate",
    "Undertaking/Declaration on non-judicial stamp paper"
  ],
  "state": "Rajasthan",
  "mode": true,
  "sourceLink": "https://www.myscheme.gov.in/schemes/samsmemd"
}