{
  "schemeName": "Scheme for Adolescent Girls- Bihar",
  "eligibility": {
    "residence": "Bihar",
    "minAge": 11,
    "maxAge": 14,
    "gender": false,
    "casteCategory": "Any",
    "minIncome": 0,
    "maxIncome": 0,
    "disability": false,
    "minority": false,
    "maritalStatus": "Any"
  },
  "category": "Women and Child",
  "applicationProcedure": [
    "Register at the nearest Anganwadi Center"
  ],
  "documentsRequired": [
    "Aadhaar Card",
    "Birth certificate",
    "Address proof"
  ],
  "state": "Bihar",
  "mode": true,
  "sourceLink": "https://www.myscheme.gov.in/schemes/sagb"
}