{
  "schemeName": "Schedule Caste Pre-Metric Scholarship Class 06 To 08",
  "eligibility": {
    "residence": "rural",
    "minAge": 0,
    "maxAge": 0,
    "gender": null,
    "casteCategory": "SC",
    "minIncome": 0,
    "maxIncome": 0,
    "disability": false,
    "minority": false,
    "maritalStatus": "Any"
  },
  "category": "education",
  "applicationProcedure": [
    "Applicant to log in to RajSSO Portal using his/her SSOID.",
    "If SSOID is not available then the applicant to first register on RajSSO Portal to create SSOID and update SSO Profile at first login.",
    "After successful authentication/login and updation of the SSOID Profile and select the scheme name.",
    "Select his/her name, the bank account and fill in personal details.",
    "Upload the required document.",
    "Clicking the “SUBMIT” button."
  ],
  "documentsRequired": [
    "Aadhaar Card",
    "Annual Income Of The Parent / Guardian - Non-Tax Payee",
    "Janaadhaar Card Details Of Family And Student",
    "Bank Details Linked With Janaadhaar Card Of Either The Family Head Or Student",
    "Caste Certificate",
    "Birth Certificate"
  ],
  "state": "Rajasthan",
  "mode": false,
  "sourceLink": "https://www.myscheme.gov.in/schemes/scpmsc"
}