{
  "schemeName": "Scheme for Supportive Money to the Parents of Transgender Children",
  "eligibility": {
    "residence": "rural",
    "minAge": 0,
    "maxAge": 0,
    "gender": null,
    "casteCategory": "Any",
    "minIncome": 0,
    "maxIncome": 0,
    "disability": false,
    "minority": false,
    "maritalStatus": "Any"
  },
  "category": "women and child",
  "applicationProcedure": [
    "The parents/guardians should visit (during office hours) the State Government or UT Administration office. and request a hard copy of the prescribed format of the application form from the staff exclusively entrusted to issue and collect filled-in applications.",
    "Submit the duly filled and signed application form along with the documents to the State Government or UT Administration office."
  ],
  "documentsRequired": [
    "Affidavit (certifying the child’s gender non-conforming behavior)",
    "Bank/Post Office Account Details",
    "Guardianship Certificate (In case of the parent’s death, a guardianship certificate from a Competent Authority) (If applicable)",
    "Any Other Document (If required)"
  ],
  "state": "Any",
  "mode": true,
  "sourceLink": "https://www.myscheme.gov.in/schemes/sfsmttpotc"
}