{
  "schemeName": "Scheme For Adolescent Girls",
  "eligibility": {
    "residence": "rural",
    "minAge": 11,
    "maxAge": 14,
    "gender": false,
    "casteCategory": "Any",
    "minIncome": 0,
    "maxIncome": 0,
    "disability": false,
    "minority": false,
    "maritalStatus": "Any"
  },
  "category": "women and child",
  "applicationProcedure": [
    "Offline",
    "Base Line Survey by Anganwadi Workers"
  ],
  "documentsRequired": [
    "Aadhaar",
    "Proof of Age / DOB"
  ],
  "state": "Any",
  "mode": true,
  "sourceLink": "https://www.myscheme.gov.in/schemes/sag"
}