{
  "schemeName": "Scheme for Plantation Development (New planting & Replanting) under Medium Term Framework Plan (MTFP) in Traditional Areas (Kerala and Tamil Nadu), Non-Traditional and North Eastern Region",
  "eligibility": {
    "residence": "rural",
    "minAge": 0,
    "maxAge": 0,
    "gender": null,
    "casteCategory": "Any",
    "minIncome": 0,
    "maxIncome": 0,
    "disability": false,
    "minority": false,
    "maritalStatus": "Any"
  },
  "category": "agriculture",
  "applicationProcedure": [
    "Register on the ServicePlus Portal",
    "Login to the ServicePlus Portal",
    "Click on 'Apply for Service' and then click on 'View All Available Services'",
    "Click on 'RUBBER PLANTATION DEVELOPMENT SCHEME'",
    "Fill in all the mandatory fields and click 'Submit'"
  ],
  "documentsRequired": [
    "Identity Proof",
    "Photocopy of bank passbook",
    "Valid Certificate from Village Officer",
    "Sketch of the applied area",
    "Bill of Planting Material purchased",
    "Nomination (if applicable)",
    "Caste Certificate (for SC Applicants)",
    "PAH Declaration Form (if applicable)"
  ],
  "state": "Any",
  "mode": false,
  "sourceLink": "https://www.myscheme.gov.in/schemes/spdmtfptantner"
}