{
  "schemeName": "Scholarship Scheme for Girl Children of Jute Mills / MSMEs Workers",
  "eligibility": {
    "residence": "Any",
    "minAge": 0,
    "maxAge": 0,
    "gender": false,
    "casteCategory": "Any",
    "minIncome": 0,
    "maxIncome": 0,
    "disability": false,
    "minority": false,
    "maritalStatus": "Any"
  },
  "category": "education",
  "applicationProcedure": [
    "Jute Mills shall scrutinize/verify the applications and certify that the information is found to be correct with a signature and stamp.",
    "JDP units / Jute MSME Units shall scrutinize/ verify the applications and certify that the information is found to be correct with signature and stamp."
  ],
  "documentsRequired": [
    "Admit Card of the Examination passed",
    "Mark Sheet of the Examination passed",
    "Certificate issued by the Board/Council, the Controller of Examination",
    "Aadhar / Voter ID of the applicant",
    "Bank details – Copy of the Bank Pass Book (Bank Account must be Aadhar linked)",
    "The current month's pay slip of the worker",
    "ESI Identity Certificate of the worker – for JDP Unit",
    "A declaration/ affidavit stating that the applicant has not claimed/ received any such scholarship/financial benefit of this nature on passing out the examination from State/Central Government Departments."
  ],
  "state": "Any",
  "mode": true,
  "sourceLink": "https://www.myscheme.gov.in/schemes/ssfgcojmmw"
}