{
  "schemeName": "Scholarships For Higher Education Abroad To Meritorious Boys And Girls From Open Category",
  "eligibility": {
    "residence": "urban",
    "minAge": 0,
    "maxAge": 0,
    "gender": null,
    "casteCategory": "Open Category",
    "minIncome": 0,
    "maxIncome": 800000,
    "disability": false,
    "minority": false,
    "maritalStatus": "Any"
  },
  "category": "education",
  "applicationProcedure": [
    "Applications for this scholarship are invited online every year.",
    "The applicant should visit the official website/portal of the Directorate of Technical Education: www.dtemaharashtra.gov.in",
    "The applicant should register herself/himself on the official website.",
    "Accordingly, the application is received by the Directorate of Training on the online portal till the deadline, After scrutinizing the details of the candidates and checking the eligibility conditions/conditions. A list will be prepared."
  ],
  "documentsRequired": [
    "Identity Proof",
    "Domicile certificate",
    "Income certificate",
    "Unconditional Offer Letter from the educational institution abroad.",
    "Educational qualification certificates",
    "Passport of the concerned candidate",
    "No-objection certificate, in case the candidate is employed."
  ],
  "state": "Maharashtra",
  "mode": false,
  "sourceLink": "https://www.myscheme.gov.in/schemes/sheambgoc"
}