{
  "schemeName": "SERB - POWER Fellowship",
  "eligibility": {
    "residence": "rural",
    "minAge": 35,
    "maxAge": 55,
    "gender": false,
    "casteCategory": "Any",
    "minIncome": 0,
    "maxIncome": 0,
    "disability": false,
    "minority": false,
    "maritalStatus": "Any"
  },
  "category": "education",
  "applicationProcedure": [
    "The applicant will fill out the application form on the online portal.",
    "The nominator will click on the link provided in the mail to find the details of the application.",
    "The nominator will forward the nomination to SERB."
  ],
  "documentsRequired": [
    "Identity proof of candidate",
    "Passport size photograph",
    "Proof of age",
    "Educational Qualifications certificates",
    "Details of Professional awards/recognition/fellowship",
    "Bank Details (Bank Account Number, Name of the Bank, Bank Branch, and IFSC Code)",
    "Any other document, as required"
  ],
  "state": "Any",
  "mode": false,
  "sourceLink": "https://www.myscheme.gov.in/schemes/serbpowerf"
}