{
  "schemeName": "SERB - POWER Research Grants",
  "eligibility": {
    "residence": "Any",
    "minAge": 0,
    "maxAge": 0,
    "gender": false,
    "casteCategory": "Any",
    "minIncome": 0,
    "maxIncome": 0,
    "disability": false,
    "minority": false,
    "maritalStatus": "Any"
  },
  "category": "Education",
  "applicationProcedure": [
    "Register on the online website",
    "Fill all the mandatory fields in the Profile Detail section under User Profile",
    "Ensure all CO-PIs are registered into the system",
    "Enter proposal details",
    "Upload other relevant information in a single PDF file"
  ],
  "documentsRequired": [
    "Identity proof",
    "Passport size photograph",
    "Details of proposal",
    "Educational Qualifications certificates",
    "Any other document, as required"
  ],
  "state": "Any",
  "mode": false,
  "sourceLink": "https://www.myscheme.gov.in/schemes/serbpowerrg"
}