{
  "schemeName": "Shahu, Phule, Ambedkar Award",
  "eligibility": {
    "residence": "rural",
    "minAge": 0,
    "maxAge": 0,
    "gender": null,
    "casteCategory": "Any",
    "minIncome": 0,
    "maxIncome": 0,
    "disability": false,
    "minority": false,
    "maritalStatus": "Any"
  },
  "category": "Social Justice",
  "applicationProcedure": [
    "Visit the District Social Welfare Office and request a hard copy of the application form",
    "Fill in all the mandatory fields, paste the passport-sized photograph, and attach all the mandatory documents",
    "Submit the duly filled and signed application form along with the documents to the Assistant Commissioner, District Social Welfare Office",
    "Acquire the receipt/acknowledgment of the successful submission of the application form"
  ],
  "documentsRequired": [
    "Proof of Registration as a Organization/Institute",
    "Proof of Social Service for a period of 15 years and above",
    "Character Verification Report in favor of the President and the Secretary of the organization",
    "Details of the Bank Account",
    "Any other document required by the District Social Welfare Office"
  ],
  "state": "Maharashtra",
  "mode": true,
  "sourceLink": "https://www.myscheme.gov.in/schemes/spaa"
}