{
  "schemeName": "Shauchalaya Sahayata Yojana",
  "eligibility": {
    "residence": "Any",
    "minAge": 0,
    "maxAge": 0,
    "gender": null,
    "casteCategory": "Any",
    "minIncome": 0,
    "maxIncome": 0,
    "disability": false,
    "minority": false,
    "maritalStatus": "Any"
  },
  "category": "health and wellness",
  "applicationProcedure": [
    "District Panchayat Raj Officer provides list of registered construction workers.",
    "Village Panchayat Secretary/Sanitation worker verifies list and prepares a list of toilet-less workers.",
    "Labor department renews registrations of expired workers if needed.",
    "Applications are obtained from eligible workers based on the prepared list.",
    "Submit the application form in the same office."
  ],
  "documentsRequired": [
    "Copy of construction worker registration card",
    "Copy of Aadhar Card.",
    "Copy of bank passbook for account number, branch name and IFSC code.",
    "Declarations : Not getting the benefit of toilet construction facility from any other scheme.",
    "Declarations : Family doesn't have a permanent house."
  ],
  "state": "Uttar Pradesh",
  "mode": true,
  "sourceLink": "https://www.myscheme.gov.in/schemes/ssyup"
}