{
  "schemeName": "Shop Construction/Shop Operation Scheme For Rehabilitation Of PwDs",
  "eligibility": {
    "residence": "Any",
    "minAge": 18,
    "maxAge": 60,
    "gender": null,
    "casteCategory": "Any",
    "minIncome": 0,
    "maxIncome": 0,
    "disability": true,
    "minority": false,
    "maritalStatus": "Any"
  },
  "category": "health and wellness",
  "applicationProcedure": [
    "Applicants have to visit official portal.",
    "Click on the new entry form.",
    "Now applicants have to provide some details as :",
    "i. Personal Details.",
    "ii. Bank Details.",
    "iii. Income proof certificate.",
    "iv. Disability Details.",
    "v. Application type.",
    "Submit."
  ],
  "documentsRequired": [
    "Applicant's photo.",
    "Age Certificate.",
    "Identification Proof.",
    "Bank Details.",
    "Disability Certificate."
  ],
  "state": "Uttar Pradesh",
  "mode": false,
  "sourceLink": "https://www.myscheme.gov.in/schemes/scsfr"
}