{
  "schemeName": "Shravanbal Seva State Pension Scheme",
  "eligibility": {
    "residence": "rural",
    "minAge": 65,
    "maxAge": 0,
    "gender": null,
    "casteCategory": "Any",
    "minIncome": 0,
    "maxIncome": 21000,
    "disability": false,
    "minority": false,
    "maritalStatus": "Any"
  },
  "category": "health and wellness",
  "applicationProcedure": [
    "Online",
    "Offline"
  ],
  "documentsRequired": [
    "Aadhaar Card",
    "Passport Sized Photograph",
    "Proof of Age",
    "Income Certificate / BPL Card of the Family",
    "Residential Certificate / Domicile Certificate of the State of Maharashtra",
    "Details of the Bank Account"
  ],
  "state": "Maharashtra",
  "mode": true,
  "sourceLink": "https://www.myscheme.gov.in/schemes/sbssps"
}