{
  "schemeName": "Shravan Kumar Shramik Parivar Tirth Yatra Yojana",
  "eligibility": {
    "residence": "Any",
    "minAge": 0,
    "maxAge": 0,
    "gender": null,
    "casteCategory": "Any",
    "minIncome": 0,
    "maxIncome": 15000,
    "disability": false,
    "minority": false,
    "maritalStatus": "Any"
  },
  "category": "travel tourism",
  "applicationProcedure": [
    "Access the official website of the Uttar Pradesh Labour Welfare Board",
    "Select the \"Shramik Application\" option from the homepage",
    "Register New User and fill out the registration form",
    "Log in to the portal and choose the relevant scheme",
    "Complete the application form, upload a recent photograph, and submit it",
    "Present the application form at the concerned institution for verification and endorsement",
    "Upload a scanned copy of the verified application form along with supporting documents"
  ],
  "documentsRequired": [
    "Attested copy of the online application form",
    "Self-certified copy of the beneficiary's bank passbook",
    "Copy of ration card, family register or other government record",
    "Attested copy of Aadhar card of the beneficiary father and mother",
    "Self-certified copy of the tickets etc. related to the journey"
  ],
  "state": "Uttar Pradesh",
  "mode": false,
  "sourceLink": "https://www.myscheme.gov.in/schemes/sksptyy"
}