{
  "schemeName": "Silpi Pension Scheme - Assam",
  "eligibility": {
    "residence": "rural",
    "minAge": 0,
    "maxAge": 0,
    "gender": null,
    "casteCategory": "Any",
    "minIncome": 0,
    "maxIncome": 0,
    "disability": false,
    "minority": false,
    "maritalStatus": "Any"
  },
  "category": "Art and Culture",
  "applicationProcedure": [
    "Online application through official website",
    "Fill personal information and get OTP",
    "Upload required documents",
    "Submit application"
  ],
  "documentsRequired": [
    "PAN Card",
    "Aadhaar Card",
    "Age-Proof Certificate",
    "Domicile Certificate",
    "Identity proof",
    "Passport Photograph",
    "Bank Passbook",
    "Income Certificate",
    "Death Certificate",
    "Disability Certificate",
    "Achievements proof certificates",
    "Recognitions Proof certificate"
  ],
  "state": "Assam",
  "mode": false,
  "sourceLink": "https://www.myscheme.gov.in/schemes/sps-assam"
}