{
  "schemeName": "Sneha Sparsha",
  "eligibility": {
    "residence": "rural",
    "minAge": 0,
    "maxAge": 12,
    "gender": null,
    "casteCategory": "Any",
    "minIncome": 0,
    "maxIncome": 500000,
    "disability": false,
    "minority": false,
    "maritalStatus": "Any"
  },
  "category": "health and wellness",
  "applicationProcedure": [
    "Online application",
    "Submission to the Office of the Mission Director and/or to the Sneha Sparsha Committee",
    "Appearance before the Sneha Sparsha Committee along with the patient"
  ],
  "documentsRequired": [
    "Aaadhaar Card",
    "Birth Certificate of the Patient",
    "Residential Proof / Domicile Certificate of Assam",
    "Income Certificate",
    "Photograph of the Patient (Attested by Doctor)",
    "OPD Advice Slip / Discharge Summary / Prescription"
  ],
  "state": "Assam",
  "mode": false,
  "sourceLink": "https://www.myscheme.gov.in/schemes/ss-a"
}