{
  "schemeName": "State Pre-metric Scholarship For Disabled",
  "eligibility": {
    "residence": "rural",
    "minAge": 0,
    "maxAge": 18,
    "gender": null,
    "casteCategory": "Any",
    "minIncome": 0,
    "maxIncome": 0,
    "disability": true,
    "minority": false,
    "maritalStatus": "Any"
  },
  "category": "education",
  "applicationProcedure": [
    "Request a hard copy of the format of the application form for the scheme from the concerned authority at your school/college.",
    "Fill in all the mandatory fields, paste the passport-sized photograph (signed across), and attach all the (self-attested) mandatory documents.",
    "Submit the duly filled and signed application form along with the documents to the concerned authority at your school/college.",
    "Acquire the receipt/acknowledgment of the successful submission of the application form from the concerned authority at your school/college."
  ],
  "documentsRequired": [
    "Aadhaar Card",
    "2-Passport Sized Photograph (Signed Across)",
    "Residential Certificate / Domicile Certificate of the State of Maharashtra",
    "Disability Certificate",
    "Details of the Bank Account (Bank Name, Branch Name, Address, IFSC, etc)",
    "Proof of the Latest Educational Qualification (Passing Certificate or Marksheet)",
    "Bonafide Certificate from the School/College",
    "Proof of Pursuance of a Pre-Matric Qualification (Fee Receipt, etc)"
  ],
  "state": "Maharashtra",
  "mode": true,
  "sourceLink": "https://www.myscheme.gov.in/schemes/spremsd"
}