{
  "schemeName": "Stipends To Trainees In Industrial Training Institute",
  "eligibility": {
    "residence": "rural",
    "minAge": 0,
    "maxAge": 0,
    "gender": null,
    "casteCategory": "SC",
    "minIncome": 0,
    "maxIncome": 65290,
    "disability": false,
    "minority": false,
    "maritalStatus": "Any"
  },
  "category": "education",
  "applicationProcedure": [
    "The applicant wishing to apply for this scheme may apply through his/her respective Industrial Training Institute (ITI).",
    "The applicant may contact his/her principal of the Institute.",
    "The applicant may contact his/her related District Social Welfare Officer, Zillah Parishad."
  ],
  "documentsRequired": [
    "Identity proof i.e. Aadhar Card",
    "Caste certificate",
    "Father’s income certificate",
    "Bank details",
    "Educational certificate"
  ],
  "state": "Maharashtra",
  "mode": true,
  "sourceLink": "https://www.myscheme.gov.in/schemes/stiti"
}