{
  "schemeName": "Students Ready",
  "eligibility": {
    "residence": "rural",
    "minAge": 0,
    "maxAge": 0,
    "gender": null,
    "casteCategory": "Any",
    "minIncome": 0,
    "maxIncome": 0,
    "disability": false,
    "minority": false,
    "maritalStatus": "Any"
  },
  "category": "education",
  "applicationProcedure": [
    "Online Registration",
    "Selection of placement centres for RAWE-SPW",
    "Selection of villages/towns",
    "Placement of the students"
  ],
  "documentsRequired": [
    "Submission of Demand/ Proposal as per format",
    "UC/AUC of Previous Financial Year",
    "Details of students in the prescribed format",
    "College-wise & Head-wise Expenditure in Annexure",
    "Unspent balance refunded"
  ],
  "state": "Any",
  "mode": false,
  "sourceLink": "https://www.myscheme.gov.in/schemes/sr"
}