{
  "schemeName": "Sub-mission On Agriculture Mechanization",
  "eligibility": {
    "residence": "rural",
    "minAge": 0,
    "maxAge": 0,
    "gender": null,
    "casteCategory": "Any",
    "minIncome": 0,
    "maxIncome": 0,
    "disability": false,
    "minority": false,
    "maritalStatus": "Any"
  },
  "category": "agriculture",
  "applicationProcedure": [
    "Visit https://agrimachinery.nic.in/Index/Index",
    "Select the appropriate option from the Registration dropdown option.",
    "Fill out the form with the required information and register."
  ],
  "documentsRequired": [
    "Aadhar card",
    "Passport size photo of Farmer",
    "Record of Right(RoR) of land",
    "Copy of first page of the bank pass book",
    "Copy of any ID Proof(Aadhar Card / Driving Lisence / VoterID Card / PAN Card / Passport)",
    "Copy of Caste Category Certificate in case of SC / ST / OBC"
  ],
  "state": "Any",
  "mode": false,
  "sourceLink": "https://www.myscheme.gov.in/schemes/smam"
}