{
  "schemeName": "Support for Value Addition - Support to R&G units",
  "eligibility": {
    "residence": "rural",
    "minAge": 0,
    "maxAge": 0,
    "gender": null,
    "casteCategory": "Any",
    "minIncome": 0,
    "maxIncome": 0,
    "disability": true,
    "minority": true,
    "maritalStatus": "Any"
  },
  "category": "agriculture",
  "applicationProcedure": [
    "Step 1: The interested applicant should take print of the prescribed format of the application form.",
    "Step 2: In the application form, fill in all the mandatory fields, paste the passport-sized photograph (signed across, if required), and attach copies of all the mandatory documents (self-attest, if required).",
    "Step 3: Submit the duly filled and signed application form along with the documents at the following address:"
  ],
  "documentsRequired": [
    "Copy of the blueprint/layout plan for the proposed Research and Grant unit/facility.",
    "Copy of the Photo identity like Aadhaar or Ration card or Permanent Account Number (PAN) card or Passport or Driving License or Election Photo Identity Card, etc.",
    "Original copy of Tax Invoice / Cash Bill issued by the supplier.",
    "Attested copies of Bills in support of freight/installation/commissioning charges and insurance (if included in the total cost).",
    "Copy of warranty certificate.",
    "Notarized Copy of the lease agreement/rent agreement/ownership document in respect of the shop/building premises.",
    "Copy of license from municipal authorities.",
    "Copy of the Bank passbook of the applicant containing the information such as: Name of the Bank and Branch address, Account Holder Name, Account No, Indian Financial System Code (IFSC) code.",
    "Photographs of the new machinery installed for which subsidy is claimed.",
    "In the case of Scheduled Caste (SC) /Scheduled Tribe (ST) and differently-abled category beneficiaries applying individually, caste/community/disability certificate (with a disability of 40% and above) issued by the competent authority."
  ],
  "state": "Any",
  "mode": true,
  "sourceLink": "https://www.myscheme.gov.in/schemes/icdpsva-srgu"
}