{
  "schemeName": "Surakshit Matritva Aashwasan Yojana",
  "eligibility": {
    "residence": "Any",
    "minAge": 0,
    "maxAge": 0,
    "gender": false,
    "casteCategory": "Any",
    "minIncome": 0,
    "maxIncome": 0,
    "disability": false,
    "minority": false,
    "maritalStatus": "Any"
  },
  "category": "health and wellness",
  "applicationProcedure": [
    "Visit civil hospitals in their respective areas to register themselves for the PM SUMAN Yojana."
  ],
  "documentsRequired": [
    "Identity proof",
    "Pregnancy details from a concerned hospital",
    "Address proof"
  ],
  "state": "Any",
  "mode": true,
  "sourceLink": "https://www.myscheme.gov.in/schemes/suman"
}