{
  "schemeName": "Surgical Grant For The Prevention Of Disability",
  "eligibility": {
    "residence": "rural",
    "minAge": 0,
    "maxAge": 0,
    "gender": null,
    "casteCategory": "Any",
    "minIncome": 0,
    "maxIncome": 60000,
    "disability": true,
    "minority": false,
    "maritalStatus": "Any"
  },
  "category": "health and wellness",
  "applicationProcedure": [
    "Download the application form",
    "Fill out the application form",
    "Attach required documents",
    "Submit the application to the District Disabled Welfare Officer"
  ],
  "documentsRequired": [
    "Photograph",
    "Identification Proof",
    "Income Proof",
    "A certificate of disability granted by a competent medical authority",
    "Certificate of annual income (from all sources)",
    "Estimated expenditure details of the surgery by the superintendent/in charge of the State Hospital"
  ],
  "state": "Uttar Pradesh",
  "mode": true,
  "sourceLink": "https://www.myscheme.gov.in/schemes/sgpd"
}