{
  "schemeName": "SVAMITVA Yojana (Survey of Villages and Mapping with Improvised Technology in Village Areas)",
  "eligibility": {
    "residence": "rural",
    "minAge": 0,
    "maxAge": 0,
    "gender": null,
    "casteCategory": "Any",
    "minIncome": 0,
    "maxIncome": 0,
    "disability": false,
    "minority": false,
    "maritalStatus": "Any"
  },
  "category": "Land and Property",
  "applicationProcedure": [
    "Permission is sought to conduct the survey, followed by organizing a Gram Sabha to inform villagers about the schedule, methodology, and benefits.",
    "Identification, marking, and delineation of properties, including government assets, Gram Sabha land parcels, individual properties, roads, and open plots, are carried out.",
    "Public notification is issued for the survey area, along with obtaining permission for drone flights.",
    "The CORS network is established, and ground control points are set up.",
    "Drone images are acquired, processed, and used for generating digital maps.",
    "An inquiry/objection process is initiated to verify land parcel ownership, resolve disputes, and issue property cards to village household owners.",
    "Regular record updates and storage maintenance are ensured alongside training and capacity-building for government officials involved in the scheme."
  ],
  "documentsRequired": [
    "Identity Proof of the Property Owners.",
    "Proof of Ownership of the Property Owners.",
    "Any other documents as required by the Revenue Officials."
  ],
  "state": "Any",
  "mode": true,
  "sourceLink": "https://www.myscheme.gov.in/schemes/pmsy"
}