{
  "schemeName": "Swahid Kushal Konwar Sarbajanin Briddha Pension Achoni",
  "eligibility": {
    "residence": "rural",
    "minAge": 60,
    "maxAge": 0,
    "gender": null,
    "casteCategory": "Any",
    "minIncome": 0,
    "maxIncome": 0,
    "disability": false,
    "minority": false,
    "maritalStatus": "Any"
  },
  "category": "health and wellness",
  "applicationProcedure": [
    "Visit the Gaon Panchayat/Development Block/ Municipal Corporation/Municipal Board/Town Committee of the respective jurisdiction.",
    "Fill in the application form and attach self-attested documents.",
    "Submit the duly filled and signed application form to your nearest Gaon Panchayat/Development Block/ Municipal Corporation/Municipal Board/Town Committee."
  ],
  "documentsRequired": [
    "Aadhaar Card",
    "Proof of Identity",
    "Proof of Age / Date of Birth",
    "Domicile/Residential Certificate of the state of Assam",
    "Details of the Aadhaar Linked Bank Account"
  ],
  "state": "Assam",
  "mode": true,
  "sourceLink": "https://www.myscheme.gov.in/schemes/skksbpa"
}