{
  "schemeName": "Swami Vivekananda Assam Youth Empowerment",
  "eligibility": {
    "residence": "rural",
    "minAge": 18,
    "maxAge": 0,
    "gender": null,
    "casteCategory": "Any",
    "minIncome": 0,
    "maxIncome": 0,
    "disability": false,
    "minority": false,
    "maritalStatus": "Any"
  },
  "category": "employment",
  "applicationProcedure": [
    "Project proposals will be invited from beneficiaries at the District level through advertisement.",
    "Application for financial assistance under the scheme will be received online.",
    "Upon receipt of the online application General Manager, of DICC will scrutinize them and forward them to the District Level Committee (DLC) for approval.",
    "District Level Committee will examine the application and recommend it to the bank for consideration online.",
    "Bank will take their credit decision on the basis of the viability of each project."
  ],
  "documentsRequired": [
    "SVAYEM Scheme 2023 Application form",
    "Proprietary Identity Document",
    "Copy of business registration certificate",
    "Business license copy",
    "National Food Security Card",
    "Residence proof",
    "Skill Development Training Certificate if applicable",
    "Experience certificate if applicable",
    "Proof of age",
    "Proof of merit",
    "Identity proof (Voter ID card, driving license, PAN card, Aadhaar card, passport etc.)",
    "Plan Report for Proposed Project"
  ],
  "state": "Assam",
  "mode": false,
  "sourceLink": "https://www.myscheme.gov.in/schemes/svayem"
}