{
  "schemeName": "Swanirbhar Naari",
  "eligibility": {
    "residence": "urban",
    "minAge": 0,
    "maxAge": 0,
    "gender": null,
    "casteCategory": "Any",
    "minIncome": 0,
    "maxIncome": 0,
    "disability": false,
    "minority": false,
    "maritalStatus": "Any"
  },
  "category": "women and child",
  "applicationProcedure": [
    "Registration",
    "Verification and Approval",
    "Procurement and Payment"
  ],
  "documentsRequired": [
    "Proof of residence in Assam",
    "Proof of owning at least one handloom",
    "Valid bank account details with Core Banking Solution (CBS)",
    "Valid yarn passbook issued by the Directorate of Handloom & Textiles, Assam (if available)"
  ],
  "state": "Assam",
  "mode": true,
  "sourceLink": "https://www.myscheme.gov.in/schemes/naari"
}