{
  "schemeName": "Talab Matsyiki Vishesh Sahayata Yojana (Anusuchit Jaati/Janajati/Ati Pichhada)",
  "eligibility": {
    "residence": "rural",
    "minAge": 0,
    "maxAge": 0,
    "gender": null,
    "casteCategory": "SC/ST/OBC",
    "minIncome": 0,
    "maxIncome": 0,
    "disability": false,
    "minority": false,
    "maritalStatus": "Any"
  },
  "category": "agriculture",
  "applicationProcedure": [
    "Visit the official website",
    "Click on 'Applications are being invited for all the schemes of the financial year (2024-25), click here to apply. Apply online for Training and Tour Darshan Scheme.'",
    "Select 'Registration for Fisheries Schemes'",
    "Select the category: Individual and complete all basic details of the applicant for registration",
    "Enter a valid 10-digit mobile number and click to send OTP",
    "Enter the OTP; after verification of the OTP, you will receive a Registration Number and Password",
    "Click on the 'Login' and enter the Registration Number and Password",
    "Fill in the bank and land details",
    "Click on the submit button as well print the application form and submit it to the District Fisheries Office along with attachments"
  ],
  "documentsRequired": [
    "Completed Application Form",
    "Photograph of Proposed Land",
    "Bank details (branch name, account number, IFSC code)",
    "Attested copies of Training Certificate",
    "Aadhar Card, Ration Card, Voter ID",
    "Land Map",
    "Caste Certificate",
    "Land Ownership Certificate/Revenue Receipt (for private land)",
    "Registered Lease Agreement/Non-judicial Stamp Agreement (for lease land)",
    "Notarized Affidavit Confirming the land is dispute-free"
  ],
  "state": "Bihar",
  "mode": false,
  "sourceLink": "https://www.myscheme.gov.in/schemes/tmvsy-ajjap"
}