{
  "schemeName": "Tea Development and Promotion Scheme (TDPS): Plantation Development for Small Tea Growers (PDSTG): Mechanization for Individual Small Tea Growers",
  "eligibility": {
    "residence": "rural",
    "minAge": 0,
    "maxAge": 0,
    "gender": null,
    "casteCategory": "Any",
    "minIncome": 0,
    "maxIncome": 0,
    "disability": false,
    "minority": false,
    "maritalStatus": "Any"
  },
  "category": "agriculture",
  "applicationProcedure": [
    "Step 1: Registration",
    "Step 2: Not mentioned",
    "Step 3: Application",
    "Step 4: Check Application Status"
  ],
  "documentsRequired": [
    "Tea Board registration or identity smart card (QR-based) issued by Tea Board/ have a unique identification number generated",
    "Survey map (A-4 size) of the tea area in case of individual small tea growers drawn by a government-approved surveyor/Land Revenue department duly certified and signed by both the issuing authority as well as the applicant, wherever applicable",
    "Self-declaration under PPC compliance",
    "Aadhar Card in case of individual/ PAN/TAN/GST registration in case of others, as applicable",
    "Details of Bank Account (linked with mobile number and Aadhar) for claiming financial assistance with IFSC code (one cancelled cheque is to be uploaded)",
    "Copy of recent resolution in case of SHGs/FPOs/FPCs along with the details of office bearer and members with tea area in command"
  ],
  "state": "Any",
  "mode": false,
  "sourceLink": "https://www.myscheme.gov.in/schemes/tdpspdstgmisg"
}