{
  "schemeName": "Technology Development And Utilization Programme For Women",
  "eligibility": {
    "residence": "rural",
    "minAge": 0,
    "maxAge": 0,
    "gender": false,
    "casteCategory": "Any",
    "minIncome": 0,
    "maxIncome": 0,
    "disability": false,
    "minority": false,
    "maritalStatus": "Any"
  },
  "category": "women and child",
  "applicationProcedure": [
    "Offline",
    "Online"
  ],
  "documentsRequired": [
    "Letter of forwarding the project proposal and an undertaking from the head of the institution",
    "Certificate of Responsibility and Commitment from Investigators",
    "Technical and financial details of the proposal",
    "A Copy of the Registration Certificate",
    "A Copy of the Annual Report for the last 3 years",
    "A Copy of the Auditor’s Report for the last 3 years"
  ],
  "state": "Any",
  "mode": true,
  "sourceLink": "https://www.myscheme.gov.in/schemes/tdupw"
}