{
  "schemeName": "Technology Acquisition Assistance",
  "eligibility": {
    "residence": "rural",
    "minAge": 0,
    "maxAge": 0,
    "gender": null,
    "casteCategory": "Any",
    "minIncome": 0,
    "maxIncome": 0,
    "disability": false,
    "minority": false,
    "maritalStatus": "Any"
  },
  "category": "industry",
  "applicationProcedure": [
    "Download the application form from the official website",
    "Fill in all the mandatory fields and attach copies of all the mandatory documents",
    "Submit the duly filled and signed application form along with the documents to the respective General Manager, District Industries & Commerce Centre (DICC)"
  ],
  "documentsRequired": [
    "Copy of Udyam Registration (UR) Certificate",
    "Certificate of Incorporation/Partnership Deed/Firm Registration or equivalent document related to incorporation of the enterprise",
    "Board Resolution/Power of attorney in the name of Authorized Signatory",
    "Copy of MoU/other relevant document with the Institution for acquisition of technology",
    "Justification for technology acquisition/upgradation",
    "Undertaking/Declaration on non-judicial stamp paper",
    "Bill/Invoice of the acquired technology",
    "Proof of Payment",
    "CA certificate for details of expenditure incurred on acquisition of technology",
    "Proof of regular Commercial Production (Recent Sale Bill)",
    "Bank account details/Copy of cancelled cheque and PAN Card",
    "Self-certified list of Existing Plant & Machinery with its original purchase value and depreciated value",
    "Certificate of Chartered Engineer certifying performance improvement"
  ],
  "state": "Rajasthan",
  "mode": true,
  "sourceLink": "https://www.myscheme.gov.in/schemes/taa"
}