{
  "schemeName": "Term Loan Scheme",
  "eligibility": {
    "residence": "Maharashtra",
    "minAge": 18,
    "maxAge": 50,
    "gender": null,
    "casteCategory": "Charmakar Community",
    "minIncome": 0,
    "maxIncome": 98000,
    "disability": false,
    "minority": false,
    "maritalStatus": "Any"
  },
  "category": "Employment",
  "applicationProcedure": [
    "Visit the District Office of the Leather Industries Development Corporation of Maharashtra (LIDCOM) and request the application form",
    "Fill in the application form and attach required documents",
    "Submit the application form to the concerned authority",
    "Request a receipt or acknowledgement"
  ],
  "documentsRequired": [
    "Aadhaar Card",
    "Caste Certificate",
    "Annual Income Certificate",
    "Ration Card",
    "Passport-size Photograph",
    "Bank Passbook",
    "Detailed Project Report",
    "Loan Documents"
  ],
  "state": "Maharashtra",
  "mode": true,
  "sourceLink": "https://www.myscheme.gov.in/schemes/tls"
}