{
  "schemeName": "The Artist Welfare Fund Of Assam",
  "eligibility": {
    "residence": "rural",
    "minAge": 20,
    "maxAge": 0,
    "gender": null,
    "casteCategory": "Any",
    "minIncome": 0,
    "maxIncome": 0,
    "disability": false,
    "minority": false,
    "maritalStatus": "Any"
  },
  "category": "health and wellness",
  "applicationProcedure": [
    "Offline",
    "The candidate must apply in the standard application form available in the website and send it to the office of Assam State Film (Finance & Development) Corporation Ltd (ASFFDC), Shilpgram Road, near Sankardev Kalakshetra, Panjabari, Guwahati-37"
  ],
  "documentsRequired": [
    "A Recent (not older than six months) Clear & Colored Passport Sized Photograph",
    "Aadhaar Card",
    "Proof of Identity",
    "Proof of Residence of Assam",
    "Proof of Age / DOB",
    "Details of Award/Distinction/Honour conferred on the Artiste",
    "Proof reg. the Medical Ailment (Medical Certificate)",
    "Income Certificate",
    "Details of the Aadhaar Linked Bank Account"
  ],
  "state": "Assam",
  "mode": true,
  "sourceLink": "https://www.myscheme.gov.in/schemes/tawfa"
}