{
  "schemeName": "The Scheme Of State Award For Disabled",
  "eligibility": {
    "residence": "rural",
    "minAge": 0,
    "maxAge": 0,
    "gender": null,
    "casteCategory": "Any",
    "minIncome": 0,
    "maxIncome": 0,
    "disability": true,
    "minority": false,
    "maritalStatus": "Any"
  },
  "category": "health and wellness",
  "applicationProcedure": [
    "Visit the District Social Welfare Office and request a hard copy of the application form",
    "Fill in the application form, paste the passport-sized photograph, and attach mandatory documents",
    "Submit the application form to the Assistant Commissioner, District Social Welfare Office",
    "Acquire the receipt/acknowledgment of the successful submission of the application form"
  ],
  "documentsRequired": [
    "Aadhaar Card",
    "Proof of Employment",
    "Bio-Data",
    "Proof of Outstanding Work",
    "Proof of Age",
    "2-Passport Sized Photograph",
    "Residential Certificate / Domicile Certificate of Maharashtra",
    "Disability Certificate",
    "Bank Account Details"
  ],
  "state": "Maharashtra",
  "mode": true,
  "sourceLink": "https://www.myscheme.gov.in/schemes/tssad"
}