{
  "schemeName": "Training Of Motor Driving To VJNT, SBS & OBC",
  "eligibility": {
    "residence": "rural",
    "minAge": 0,
    "maxAge": 0,
    "gender": null,
    "casteCategory": "VJNT, OBC, SBC",
    "minIncome": 0,
    "maxIncome": 0,
    "disability": false,
    "minority": false,
    "maritalStatus": "Any"
  },
  "category": "education",
  "applicationProcedure": [
    "Visit the Official Website of Mahadbt Portal",
    "Register using your Name, Mobile Number, and Email ID",
    "Log in using your Username and Password",
    "Link your Aadhaar with your Bank Account",
    "Fill in all the mandatory details and upload the mandatory documents",
    "Submit your application"
  ],
  "documentsRequired": [
    "Aadhaar Number",
    "Proof of Identity",
    "Proof of Age (Birth Certificate)",
    "Proof of Address",
    "Domicile Certificate of Maharashtra",
    "Caste Certificate VJNT or SBC Community",
    "Marksheet of the Latest Educational Qualification",
    "Bank Account Details",
    "Passport-sized Photograph"
  ],
  "state": "Maharashtra",
  "mode": false,
  "sourceLink": "https://www.myscheme.gov.in/schemes/tmdvso"
}