{
  "schemeName": "Transgender Utthan Kosh - Training Programme for Transgender",
  "eligibility": {
    "residence": "Rajasthan",
    "minAge": 0,
    "maxAge": 0,
    "gender": null,
    "casteCategory": "Any",
    "minIncome": 0,
    "maxIncome": 800000,
    "disability": false,
    "minority": false,
    "maritalStatus": "Any"
  },
  "category": "Education",
  "applicationProcedure": [
    "Visit the Social Justice and Empowerment Office",
    "Fill in the application form",
    "Attach mandatory documents",
    "Submit the application form"
  ],
  "documentsRequired": [
    "Identity Card",
    "Aadhar Card Copy",
    "Income Certificate of Parent/Guardian",
    "Original Residence Certificate/Ration Card/Voter ID Card",
    "Copy of Bank Passbooks"
  ],
  "state": "Rajasthan",
  "mode": true,
  "sourceLink": "https://www.myscheme.gov.in/schemes/tuk-tpt"
}