{
  "schemeName": "Transgender Utthan Kosh - Financial Assistance for Studying Bisexual Children",
  "eligibility": {
    "residence": "rural",
    "minAge": 0,
    "maxAge": 0,
    "gender": null,
    "casteCategory": "Any",
    "minIncome": 0,
    "maxIncome": 800000,
    "disability": false,
    "minority": false,
    "maritalStatus": "Any"
  },
  "category": "education",
  "applicationProcedure": [
    "Visit the concerned Educational Institution and request a hard copy of the prescribed format of the application form",
    "Fill in all the mandatory fields, and attach copies of all the mandatory documents",
    "Submit the duly filled and signed application form along with the documents to the Educational Institution",
    "Request a receipt or acknowledgment from the Educational Institution",
    "The concerned institution will forward the application form along with the recommendation to the district office of the Social Justice and Empowerment Department",
    "The District Office, Social Justice and Empowerment Department will examine the received application form within a month and issue offline approval and transfer the amount to the applicant's bank account every month"
  ],
  "documentsRequired": [
    "Transgender Identity Proof",
    "Proof of Enrollment in Class 6 or higher",
    "Residence Proof",
    "Monthly Rental Receipt",
    "Bank Account Details",
    "Any other documents as required"
  ],
  "state": "Rajasthan",
  "mode": true,
  "sourceLink": "https://www.myscheme.gov.in/schemes/tuk-fasbc"
}