{
  "schemeName": "Transgender Utthan Kosh - Post Matric Scholarship for Studying Transgender",
  "eligibility": {
    "residence": "urban and rural",
    "minAge": 0,
    "maxAge": 0,
    "gender": null,
    "casteCategory": "Any",
    "minIncome": 0,
    "maxIncome": 800000,
    "disability": false,
    "minority": false,
    "maritalStatus": "Any"
  },
  "category": "education",
  "applicationProcedure": [
    "Fill out the scholarship application form",
    "Attach required documents",
    "Submit the application form to the school principal/institution",
    "Institutional verification",
    "District office verification and approval"
  ],
  "documentsRequired": [
    "Transgender Identity Certificate",
    "Certificate of Enrollment in a Recognized Institution/School",
    "Previous Year’s Mark Sheet",
    "Aadhaar Card",
    "Parents/Guardians Income Certificate",
    "Domicile Certificate/Ration Card/Voter ID",
    "Bank Passbook Copy"
  ],
  "state": "Rajasthan",
  "mode": true,
  "sourceLink": "https://www.myscheme.gov.in/schemes/tukpmsfst"
}