{
  "schemeName": "Transgender Utthan Kosh – Identity Card for Transgender",
  "eligibility": {
    "residence": "urban and rural",
    "minAge": 0,
    "maxAge": 0,
    "gender": null,
    "casteCategory": "Any",
    "minIncome": 0,
    "maxIncome": 0,
    "disability": false,
    "minority": false,
    "maritalStatus": "Any"
  },
  "category": "women and child",
  "applicationProcedure": [
    "Step 1: The interested applicant should visit (during office hours) the District-Level Committee at the Collector’s Office/Social Justice and Empowerment Office and request a hard copy of the prescribed format of the application form from the staff exclusively entrusted to issue and collect filled-in applications.",
    "Step 2: In the application form, fill in all the mandatory fields, and attach copies of all the mandatory documents (self-attest, if required).",
    "Step 3: Submit the duly filled and signed application form along with the documents to the District-Level Committee at the Collector’s Office/Social Justice and Empowerment Office.",
    "Step 4: Request a receipt or acknowledgment from the District-Level Committee at the Collector’s Office/Social Justice and Empowerment Office to whom the application has been submitted."
  ],
  "documentsRequired": [
    "Non-judicial Affidavit (self-declaring gender identity)",
    "Income Certificate",
    "Residential proof (Aadhaar Card, Voter ID, or any government-issued proof)",
    "Passport-sized Photograph",
    "Transgender Identity Card (If applied self)",
    "Bank passbook copy (If applied self)",
    "Any other documents as required"
  ],
  "state": "Rajasthan",
  "mode": true,
  "sourceLink": "https://www.myscheme.gov.in/schemes/tufs"
}