{
  "schemeName": "Tuition Fees And Examination Fees To Vjnt/sbc Students Studying In High Schools",
  "eligibility": {
    "residence": "Any",
    "minAge": 0,
    "maxAge": 0,
    "gender": null,
    "casteCategory": "VJNT/SBC",
    "minIncome": 0,
    "maxIncome": 0,
    "disability": false,
    "minority": false,
    "maritalStatus": "Any"
  },
  "category": "education",
  "applicationProcedure": [
    "Offline",
    "The proposal will be submitted by Head Master of the concerned School through the concerned District Social Welfare Officer, Zillah Parishad.",
    "For Mumbai City, only proposals must be submitted to the Assistant Commissioner of Social Welfare, Mumbai City."
  ],
  "documentsRequired": [
    "Aadhaar Number",
    "Domicile Certificate of Maharashtra",
    "Caste Certificate VJNT or SBC Community (duly signed by an authorized Revenue Officer, not below the rank of Tehsildar)",
    "Family Income Certificate",
    "Marksheet of the Latest Educational Qualification",
    "Bank Account Details",
    "Passport-Sized Photograph"
  ],
  "state": "Maharashtra",
  "mode": true,
  "sourceLink": "https://www.myscheme.gov.in/schemes/tfefvssshs"
}