{
  "schemeName": "Urdu Scholarship- Rajasthan",
  "eligibility": {
    "residence": "Rajasthan",
    "minAge": 0,
    "maxAge": 0,
    "gender": null,
    "casteCategory": "Any",
    "minIncome": 0,
    "maxIncome": 0,
    "disability": false,
    "minority": false,
    "maritalStatus": "Any"
  },
  "category": "education",
  "applicationProcedure": [
    "Download the application form from the official website",
    "Fill in all the mandatory fields and attach copies of all the mandatory documents",
    "Submit the duly filled and signed application form along with the documents to the related college",
    "Request a receipt or acknowledgment from the related college"
  ],
  "documentsRequired": [
    "Passport-size Photo",
    "Secondary Examination Marksheet/Birth Certificate",
    "Caste Certificate",
    "Aadhaar Card",
    "Jan Aadhaar Card",
    "Income Certificate",
    "Certified Copy of the Mark Sheet of the Previous Examination",
    "Resident Certificate",
    "Admission Form in the Prescribed Format",
    "Hostel Certificate",
    "Photocopy of the Bank Passbook"
  ],
  "state": "Rajasthan",
  "mode": true,
  "sourceLink": "https://www.myscheme.gov.in/schemes/usr"
}