{
  "schemeName": "Uttar Pradesh Mukhyamantri Bal Seva Yojana (Genearal)",
  "eligibility": {
    "residence": "Any",
    "minAge": 0,
    "maxAge": 23,
    "gender": null,
    "casteCategory": "Any",
    "minIncome": 0,
    "maxIncome": 300000,
    "disability": false,
    "minority": false,
    "maritalStatus": "Any"
  },
  "category": "Women and Child",
  "applicationProcedure": [
    "Application submission",
    "Verification",
    "Recommendation"
  ],
  "documentsRequired": [
    "Income certificate of the family",
    "Relevant records of parents or mother or father or guardian",
    "Certificate of registration in the educational institution",
    "Order of the Child Welfare Committee/Juvenile Justice Board",
    "Age certificate of the child/adolescent",
    "Certificate of admission for obtaining graduate degree or diploma"
  ],
  "state": "Uttar Pradesh",
  "mode": true,
  "sourceLink": "https://www.myscheme.gov.in/schemes/upmbsyg"
}