{
  "schemeName": "Uttar Pradesh Old Age Pension Scheme",
  "eligibility": {
    "residence": "Any",
    "minAge": 60,
    "maxAge": 150,
    "gender": null,
    "casteCategory": "Any",
    "minIncome": 0,
    "maxIncome": 46080,
    "disability": false,
    "minority": false,
    "maritalStatus": "Any"
  },
  "category": "health and wellness",
  "applicationProcedure": [
    "Visit the official website",
    "Select the option 'Old Age Pension'",
    "Choose 'Apply Online'",
    "Fill out the form and provide the required information",
    "Upload required documents",
    "Submit"
  ],
  "documentsRequired": [
    "Photograph",
    "Income certificate",
    "Age Certificate"
  ],
  "state": "Uttar Pradesh",
  "mode": false,
  "sourceLink": "https://www.myscheme.gov.in/schemes/upoaps"
}