{
  "schemeName": "Vasantrao Naik Merit Awards To The Vjnt Students Who Came First In State Or First In Board Of 10th And 12th Standard Examination",
  "eligibility": {
    "residence": "Maharashtra",
    "minAge": 0,
    "maxAge": 0,
    "gender": null,
    "casteCategory": "VJNT",
    "minIncome": 0,
    "maxIncome": 0,
    "disability": false,
    "minority": false,
    "maritalStatus": "Any"
  },
  "category": "education",
  "applicationProcedure": [
    "Visit the official website",
    "Click on 'New Applicant Registration'",
    "Register using your Name, Mobile Number, and Email ID",
    "Create a Username and Password",
    "Link your Aadhaar with your Bank Account",
    "Fill in all the mandatory details and upload the mandatory documents",
    "Click on 'All Schemes' and select the scheme",
    "Fill in all the additional information and upload the mandatory documents",
    "Submit your application"
  ],
  "documentsRequired": [
    "Aadhaar Number",
    "Domicile Certificate of Maharashtra",
    "Caste Certificate VJNT or SBC Community",
    "Family Income Certificate",
    "Marksheet of 10th/12th Standard"
  ],
  "state": "Maharashtra",
  "mode": false,
  "sourceLink": "https://www.myscheme.gov.in/schemes/vnmatv"
}