{
  "schemeName": "Vasantrao Naik Tanda / Basti Development Scheme",
  "eligibility": {
    "residence": "rural",
    "minAge": 0,
    "maxAge": 0,
    "gender": null,
    "casteCategory": "VJNT",
    "minIncome": 0,
    "maxIncome": 0,
    "disability": false,
    "minority": false,
    "maritalStatus": "Any"
  },
  "category": "Other",
  "applicationProcedure": [
    "The representative of the gram panchayat should prepare a detailed proposal and submit it to the concerned Block Development Officer (B.D.O.).",
    "Request a receipt or acknowledgement from the concerned authority to whom the application has been submitted."
  ],
  "documentsRequired": [
    "Detailed Project Proposal",
    "Gram Panchayat Resolution",
    "Population Certificate",
    "Land Ownership or Authorization Certificate",
    "Endorsement from Block Development Officer (B.D.O.)",
    "Aadhaar Cards of Gram Panchayat Members",
    "Maharashtra domicile certificate",
    "Bank Account Details"
  ],
  "state": "Maharashtra",
  "mode": true,
  "sourceLink": "https://www.myscheme.gov.in/schemes/vntbds"
}