{
  "schemeName": "Vishesh Yogyajan Chhatravriti Yojana",
  "eligibility": {
    "residence": "rural",
    "minAge": 0,
    "maxAge": 0,
    "gender": null,
    "casteCategory": "Any",
    "minIncome": 0,
    "maxIncome": 200000,
    "disability": true,
    "minority": false,
    "maritalStatus": "Any"
  },
  "category": "education",
  "applicationProcedure": [
    "Visit the Social Justice and Empowerment Department District Officer and request a copy of the application form",
    "Fill in all the mandatory fields and attach copies of all the mandatory documents",
    "Submit the duly filled and signed application form along with the documents to the District Officer",
    "Request a receipt or acknowledgment from the concerned office"
  ],
  "documentsRequired": [
    "Identity proof",
    "Domicile Certificate",
    "Disability Certificate",
    "Income Certificate",
    "Marksheet of the previous year",
    "Any Other Document if Required"
  ],
  "state": "Rajasthan",
  "mode": true,
  "sourceLink": "https://www.myscheme.gov.in/schemes/ssfsap"
}