{
  "schemeName": "Vocational Training For VJNT And SBC Candidates Studying In Government Industrial Training Institute",
  "eligibility": {
    "residence": "rural",
    "minAge": 0,
    "maxAge": 0,
    "gender": null,
    "casteCategory": "VJNT or SBC",
    "minIncome": 0,
    "maxIncome": 0,
    "disability": false,
    "minority": false,
    "maritalStatus": "Any"
  },
  "category": "education",
  "applicationProcedure": [
    "Visit the concerned Industrial Training Institute (ITI), and request a hard copy of the format of the application form for the scheme from the concerned authority.",
    "In the application form, fill in all the mandatory fields, paste the passport-sized photograph (signed across), and attach all the (self-attested) mandatory documents.",
    "Submit the duly filled and signed application form along with the documents to the concerned authority.",
    "Acquire the receipt/acknowledgment of the successful submission of the application form."
  ],
  "documentsRequired": [
    "Aadhar Card",
    "Caste certificate",
    "Income Certificate of Parents",
    "Domicile Certificate",
    "School Leaving Certificate",
    "Residence Proof"
  ],
  "state": "Maharashtra",
  "mode": true,
  "sourceLink": "https://www.myscheme.gov.in/schemes/vtvscsgit"
}