{
  "schemeName": "Widow B.Ed Scheme-Rajasthan",
  "eligibility": {
    "residence": "rural",
    "minAge": 0,
    "maxAge": 0,
    "gender": false,
    "casteCategory": "Any",
    "minIncome": 0,
    "maxIncome": 0,
    "disability": false,
    "minority": false,
    "maritalStatus": "Divorced"
  },
  "category": "education",
  "applicationProcedure": [
    "Visit the official portal",
    "Register if not already registered",
    "Login with SSOID & password",
    "Fill out the application form",
    "Provide required documents",
    "Submit"
  ],
  "documentsRequired": [
    "Aadhar Card Copy",
    "Address Proof Copy",
    "Bank Passbook Copy",
    "Divorce Certificate Copy",
    "Death Certificate Copy",
    "Domicile Certificate Copy",
    "Education Qualification Marksheet / Certificate Copy",
    "Fee Receipt",
    "Jan Aadhar/Bhamashah Card Copy"
  ],
  "state": "Rajasthan",
  "mode": false,
  "sourceLink": "https://www.myscheme.gov.in/schemes/wbedrj"
}