{
  "schemeName": "Widow Pension - Uttar Pradesh",
  "eligibility": {
    "residence": "urban and rural",
    "minAge": 18,
    "maxAge": 0,
    "gender": false,
    "casteCategory": "Any",
    "minIncome": 0,
    "maxIncome": 200000,
    "disability": false,
    "minority": false,
    "maritalStatus": "Widow"
  },
  "category": "women and child",
  "applicationProcedure": [
    "Applicant must visit the official website.",
    "Click on \"Apply Online\".",
    "Provide the required details: Personal Details, Bank detail, Income Details.",
    "Upload required documents.",
    "Click on submit."
  ],
  "documentsRequired": [
    "Colored passport size photo",
    "Age related certificate",
    "Income Certificate",
    "Death certificate of husband",
    "Aadhaar Card/Aadhaar Registration Number",
    "Photocopy of bank account with IFS code",
    "Mobile number",
    "Not receiving pension from any other scheme of the state or central government related affidavit"
  ],
  "state": "Uttar Pradesh",
  "mode": false,
  "sourceLink": "https://www.myscheme.gov.in/schemes/wpup"
}