{
  "schemeName": "WISE Post-Doctoral Fellowship",
  "eligibility": {
    "residence": "Any",
    "minAge": 27,
    "maxAge": 60,
    "gender": false,
    "casteCategory": "Any",
    "minIncome": 0,
    "maxIncome": 0,
    "disability": false,
    "minority": false,
    "maritalStatus": "Any"
  },
  "category": "Education",
  "applicationProcedure": [
    "Register at the DST-WISE portal",
    "Fill in the application form of the Project Proposal under WISE-PDF",
    "Upload required documents",
    "Submit the proposal"
  ],
  "documentsRequired": [
    "Project Proposal Document",
    "Biodata of PI",
    "Mentor’s Biodata",
    "Caste Certificate",
    "Disability Certificate",
    "Proof of age",
    "Photograph of PI",
    "Signature of PI",
    "Highest Degree certificate",
    "House Rent Allowance"
  ],
  "state": "Any",
  "mode": false,
  "sourceLink": "https://www.myscheme.gov.in/schemes/wise-pdf"
}