{
  "schemeName": "WISE Fellowship for Ph.D.",
  "eligibility": {
    "residence": "Any",
    "minAge": 27,
    "maxAge": 45,
    "gender": false,
    "casteCategory": "Any",
    "minIncome": 0,
    "maxIncome": 0,
    "disability": false,
    "minority": false,
    "maritalStatus": "Any"
  },
  "category": "Education",
  "applicationProcedure": [
    "Online application through https://onlinedst.gov.in",
    "Fill the proposal format available at https://dst.gov.in, https://onlinedst.gov.in and ‘https://online-wosa.gov.in’",
    "Submit the proposal and upload required documents"
  ],
  "documentsRequired": [
    "Complete Proposal in Prescribed Proposal Format",
    "High School Certificate",
    "Highest Degree Certificate",
    "SC/ ST/ PH Certificate (if claiming age relaxation)",
    "Certificate from the Head of the Institution",
    "Ph.D. Registration Letter (if registered)",
    "Consent letter from Scientist Mentor cum Ph.D. Supervisor",
    "Bio-Data of Scientist-Mentor"
  ],
  "state": "Any",
  "mode": false,
  "sourceLink": "https://www.myscheme.gov.in/schemes/wise-phd"
}