{
  "schemeName": "Women Scientist Scheme-B",
  "eligibility": {
    "residence": "Any",
    "minAge": 27,
    "maxAge": 57,
    "gender": false,
    "casteCategory": "Any",
    "minIncome": 0,
    "maxIncome": 0,
    "disability": false,
    "minority": false,
    "maritalStatus": "Any"
  },
  "category": "Women and Child",
  "applicationProcedure": [
    "Register at the online portal https://online-wosa.gov.in/wosb/",
    "Fill out and submit the full Project Proposal under WOS-B",
    "Preview your full proposal and click on the 'Final Submit' button",
    "Send one hard copy of the submitted proposal to the address provided"
  ],
  "documentsRequired": [
    "Project Proposal Document",
    "Biodata of PI (Signed)",
    "Mentor’s Biodata (Signed)",
    "Caste Certificate (If SC/ST/OBC/PH)",
    "DOB certificate (10th class passed only)",
    "Photograph of PI",
    "Signature of PI",
    "Highest Degree",
    "House Rent Allowance (if Eligible)"
  ],
  "state": "Any",
  "mode": false,
  "sourceLink": "https://www.myscheme.gov.in/schemes/wos-b"
}