{
  "schemeName": "Women In Science and Engineering-Societal Challenges with Opportunities Fellowship",
  "eligibility": {
    "residence": "rural",
    "minAge": 27,
    "maxAge": 60,
    "gender": false,
    "casteCategory": "Any",
    "minIncome": 0,
    "maxIncome": 0,
    "disability": false,
    "minority": false,
    "maritalStatus": "Any"
  },
  "category": "Science and Technology",
  "applicationProcedure": [
    "Online application through ePMS portal",
    "Submission of project proposal",
    "Registration on DST e-PMS Portal",
    "Filling of online application form"
  ],
  "documentsRequired": [
    "CV of Mentor",
    "Conflict of Interest Policy Document",
    "Endorsement from the Head of the Institute",
    "Complete Project Proposal",
    "Highest Degree Certificate",
    "Consent Letter from Mentor",
    "Undertaking",
    "HRA declaration certificate",
    "Date of Birth Proof"
  ],
  "state": "Any",
  "mode": false,
  "sourceLink": "https://www.myscheme.gov.in/schemes/wise-scope-fellowship"
}