{
  "schemeName": "Women Involvement in Science and Engineering Research",
  "eligibility": {
    "residence": "Any",
    "minAge": 0,
    "maxAge": 0,
    "gender": false,
    "casteCategory": "Any",
    "minIncome": 0,
    "maxIncome": 0,
    "disability": false,
    "minority": false,
    "maritalStatus": "Any"
  },
  "category": "education",
  "applicationProcedure": [
    "Applications are accepted throughout the year and eligible candidates can apply online.",
    "If you are a new user, click on the ‘Create an Account” link at the portal and register yourself by filling details.",
    "Existing users can click on the ‘Login’ button.",
    "Enter your email ID and password to apply for the scheme.",
    "Fill out the application form completely and submit it."
  ],
  "documentsRequired": [
    "Passport-size Photograph",
    "Educational certificates",
    "No Objection Certificate (NOC)/Endorsement letter from the head of the institution (present organization)",
    "Endorsement/consent letter from the host",
    "Details of proposed work",
    "List of publications",
    "List of Patents Filed/Granted",
    "Details of any other Notable Achievements",
    "Any other document, as required"
  ],
  "state": "Any",
  "mode": false,
  "sourceLink": "https://www.myscheme.gov.in/schemes/wiser"
}