{
  "schemeName": "Women Scientist Scheme-C",
  "eligibility": {
    "residence": "Any",
    "minAge": 27,
    "maxAge": 45,
    "gender": false,
    "casteCategory": "Any",
    "minIncome": 0,
    "maxIncome": 0,
    "disability": false,
    "minority": false,
    "maritalStatus": "Any"
  },
  "category": "Women and Child",
  "applicationProcedure": [
    "Register yourself and create Login/Password",
    "Fill the details and complete the application"
  ],
  "documentsRequired": [
    "Photo",
    "Sign",
    "Proof of Date of Birth",
    "Papers Published",
    "Details of papers published/accepted and Patents granted/applied"
  ],
  "state": "Any",
  "mode": false,
  "sourceLink": "https://www.myscheme.gov.in/schemes/wos-c"
}