{
  "schemeName": "Women’s Instinct for Developing and Ushering in Scientific Heights & Innovation",
  "eligibility": {
    "residence": "rural",
    "minAge": 45,
    "maxAge": 62,
    "gender": false,
    "casteCategory": "Any",
    "minIncome": 0,
    "maxIncome": 0,
    "disability": false,
    "minority": false,
    "maritalStatus": "Any"
  },
  "category": "education",
  "applicationProcedure": [
    "Step 01: The proposal submission is open throughout the year.",
    "Step 02: The proposal format is available at https://dst.gov.in/, https://onlinedst.gov.in/ and https://online-wosa.gov.in/ under WISE-KIRAN Division.",
    "Step 03: Log on to https://onlinedst.gov.in/ to access the home page of the “DST e-PMS Portal”.",
    "Step 04: Click on “New PI Registration” and fill in the requisite details for New user registration.",
    "Step 05: After logging-in, click on the “Submit proposal” option and then “Initiate New Proposal”.",
    "Step 06: Select the Programme/Scheme name (WIDUSHI) and then click on “Start Submission”.",
    "Step 07: After filling in all the particulars, preview your details before the final submission of the application form by clicking on the “Preview” button.",
    "Step 08: Candidates are advised to carefully fill and verify the details filled in the online application themselves as no change will be possible/ entertained after clicking the FINAL SUBMIT BUTTON."
  ],
  "documentsRequired": [
    "Identity proof i.e. Aadhaar Card, PAN Card",
    "SC/ ST/ OBC/PH Certificate (if claiming age relaxation)",
    "Educational certificates",
    "Proof of age",
    "Proof of research experience",
    "List/details of publications",
    "Details of Scholarships, Medals, Fellowships, Awards, Distinctions or Honors received during academic career",
    "Detailed Bio-data of Principal Investigator and Co-Investigator including last 5 year’s publications in cited journals.",
    "Details of the R&D Project",
    "Certification by the Head of the Institute",
    "Certificate from the Investigator",
    "Any other relevant information"
  ],
  "state": "Any",
  "mode": false,
  "sourceLink": "https://www.myscheme.gov.in/schemes/widushi"
}