{
  "schemeName": "Women Scientist Scheme-A",
  "eligibility": {
    "residence": "Any",
    "minAge": 27,
    "maxAge": 57,
    "gender": false,
    "casteCategory": "Any",
    "minIncome": 0,
    "maxIncome": 0,
    "disability": false,
    "minority": false,
    "maritalStatus": "Any"
  },
  "category": "Education",
  "applicationProcedure": [
    "Register at the online portal https://online-wosa.gov.in/wosa/ using your active email ID.",
    "Fill and submit full Project Proposal under WOS-A.",
    "Preview your full proposal to make sure that everything is correct and in order.",
    "Click on \"Final Submit\" button for final submission of proposal."
  ],
  "documentsRequired": [
    "Project Proposal Document",
    "Biodata of PI (Signed)",
    "Mentor’s Biodata (Signed)",
    "Caste Certificate (If SC/ST/OBC/PH)",
    "DOB certificate (10th class passed only)",
    "Photograph of PI",
    "Signature of PI",
    "Highest Degree",
    "House Rent Allowance (if Eligible)"
  ],
  "state": "Any",
  "mode": false,
  "sourceLink": "https://www.myscheme.gov.in/schemes/wos-a"
}