{
  "schemeName": "World War II Pension",
  "eligibility": {
    "residence": "urban and rural",
    "minAge": 0,
    "maxAge": 0,
    "gender": null,
    "casteCategory": "Any",
    "minIncome": 0,
    "maxIncome": 0,
    "disability": false,
    "minority": false,
    "maritalStatus": "Any"
  },
  "category": "pension",
  "applicationProcedure": [
    "Visit the office of the District Sainik Welfare Office and request a hard copy of the prescribed format of the application form",
    "Download the application form from the official website",
    "Fill in all the mandatory fields and attach copies of all the mandatory documents",
    "Submit the duly filled and signed application form along with the documents to the District Sainik Welfare Office"
  ],
  "documentsRequired": [
    "Identity proof of applicant",
    "Recent photograph of the applicant",
    "Discharge Book / Service Certificate",
    "Residence Proof (Domicile Certificate of Rajasthan)",
    "Death Certificate of Ex-Serviceman (In case of widow applicant)",
    "Bank Account Details"
  ],
  "state": "Rajasthan",
  "mode": true,
  "sourceLink": "https://www.myscheme.gov.in/schemes/wwiip"
}