{
  "schemeName": "Yashwantrao Chavan Mukta Vasahat Yojana for VJNTs",
  "eligibility": {
    "residence": "rural",
    "minAge": 0,
    "maxAge": 0,
    "gender": null,
    "casteCategory": "VJNT",
    "minIncome": 0,
    "maxIncome": 100000,
    "disability": false,
    "minority": false,
    "maritalStatus": "Any"
  },
  "category": "Housing",
  "applicationProcedure": [
    "The interested applicant should visit the Office of the Assistant Commissioner of Social Welfare of their district and request a prescribed format of the application form from the concerned staff.",
    "In the application form, fill in all the mandatory fields, paste the passport-sized photograph (signed across, if required), and attach copies of all the mandatory documents (self-attest, if required).",
    "Submit the duly filled and signed application form along with the documents, to the concerned staff at the Office."
  ],
  "documentsRequired": [
    "Identity Proof (Aadhaar Card, Voter Card, etc.)",
    "Passport-size Photograph",
    "VJNT Category Certificate",
    "Domicile Certificate / Address Proof",
    "Bank Account Details",
    "Income Certificate, issued by an authorized Government Officer",
    "A declaration, stating that the family is landless"
  ],
  "state": "Maharashtra",
  "mode": true,
  "sourceLink": "https://www.myscheme.gov.in/schemes/ycmvyfvjnts"
}