{
  "schemeName": "Young Interns Program",
  "eligibility": {
    "residence": "rural",
    "minAge": 21,
    "maxAge": 30,
    "gender": null,
    "casteCategory": "Any",
    "minIncome": 0,
    "maxIncome": 0,
    "disability": false,
    "minority": false,
    "maritalStatus": "Any"
  },
  "category": "education",
  "applicationProcedure": [
    "Online Application",
    "Scrutiny",
    "Group Discussion and Personal Interviews"
  ],
  "documentsRequired": [
    "Photograph",
    "Letter of Intent",
    "Domicile Certificate of the state of Rajasthan",
    "Proof of Age",
    "Proof of Educational Qualification",
    "Proof of Experience",
    "Details of Bank Account"
  ],
  "state": "Rajasthan",
  "mode": false,
  "sourceLink": "https://www.myscheme.gov.in/schemes/yip#sources"
}