{
  "schemeName": "Zero Budget Natural Farming",
  "eligibility": {
    "residence": "rural",
    "minAge": 0,
    "maxAge": 35,
    "gender": null,
    "casteCategory": "SC, ST, BPL",
    "minIncome": 0,
    "maxIncome": 0,
    "disability": false,
    "minority": false,
    "maritalStatus": "Any"
  },
  "category": "agriculture",
  "applicationProcedure": [
    "Get the application form from the Agriculture Department office or Krishi Vigyan Kendra",
    "Enter all the necessary information asked in the form carefully",
    "Attach the required documents with the application form",
    "Submit the application form to the same agriculture department"
  ],
  "documentsRequired": [
    "Aadhar Card",
    "Bank Passbook",
    "Land Proof"
  ],
  "state": "Any",
  "mode": true,
  "sourceLink": "https://www.myscheme.gov.in/schemes/zbnf"
}