[
    {
        "schemeName": "Incentive For The Intra Caste Marriage within Scheduled Tribe Community",
        "details": "The scheme \"Incentive for Intra Caste Marriage within the Scheduled Tribe Community\" was launched by the Tribal Welfare Department, Government of Karnataka. The scheme provides an incentive of ₹2,00,000/- to couples who are both from the Scheduled Tribe (ST) community but belong to different sub-castes within the ST community. The marriage should have taken place on or after 1st April 2018. The couple must reside in Karnataka and apply for the scheme within one year of their marriage.",
        "benefits": "An incentive of ₹2,00,000/- is provided to the married couple.",
        "eligibility": "The couple should be residing in Karnataka.\nBoth the partners should be from the Scheduled Tribe (ST) community but from different sub-castes.\nThe combined annual income of the couple must be less than ₹2,00,000/-.\nThe couple must apply to this scheme within one year of their marriage.\nThe marriage should have taken place on or after 1st April 2018.",
        "applicationProcess": "Online\nStep 1: Visit the official website of the Tribal Welfare Department, Government of Karnataka.\nStep 2: In the right pane, click on \"Incentives for Marriage\" and select the \"Incentives to Intra-Caste Marriage\" scheme. You will be directed to the department's dedicated page for that scheme.\nStep 3: On the scheme's homepage, scroll down to the bottom and click on \"Registration\".\nStep 4: In the online registration form, fill in all the mandatory fields of the form and upload all the mandatory documents in the specified format and size.\nStep 5: Carefully review all the information provided by you. After completing the form, click \"Submit\". You will receive a confirmation message via SMS from the Department, and an acknowledgement form will be generated.\nStep 6: Print the acknowledgement form for future reference.\n\nPost Application Processes\nThe Tribal Welfare Department will conduct a spot verification to verify the details provided by the couple and process the application further. After successful spot verification, the incentive will be credited to the couple’s joint account.",
        "documentsRequired": "Aadhaar Card\nBank Account Details\nMarriage Proof\nMarriage Photo\nCaste Certificate\nIncome Certificate\nResident Proof\nAny other documents as required",
        "sourcesAndReferences": {
            "sourcesAndReferences": "https://www.myscheme.gov.in/schemes/ifticmwstc#sources",
            "website": "https://twd.karnataka.gov.in/",
            "schemeDetails": "https://twd.karnataka.gov.in/Twincentive/Intracaste/IntracasteHaHome.aspx",
            "schemeRegistration": "https://twd.karnataka.gov.in/Twincentive/Intracaste/IntraCasteRegistrationForm.aspx",
            "userManual": "https://swdservices.karnataka.gov.in/SWIncentive/Documents/DevaDasichildrensmarriageApplicantManual.pdf"
        },
        "Original Link": "https://www.myscheme.gov.in/schemes/ifticmwstc"
    },
    {
        "schemeName": "Griha Lakshmi Scheme",
        "details": "The scheme \"Griha Lakshmi\" by the by the Department of Women and Child Development, Government of Karnataka aims to empower women by providing financial assistance to female heads of households. The scheme offers a monthly financial aid of ₹2,000/- to eligible women, helping them manage household expenses and improve their quality of life. Eligible beneficiaries include women who are listed as the head of the family in the ration card, and the scheme is open to families holding Below Poverty Line (BPL) or Above Poverty Line (APL) ration cards.",
        "benefits": "Financial Assistance of ₹2,000/- per month.\nThe amount is directly transferred to the beneficiary's bank account linked with Aadhaar (DBT) or through RTGS for non-Aadhaar linked accounts.",
        "eligibility": "The applicant should be a woman.\nThe applicant should be listed as the head of the family on the ration card.\nThe applicant should be the head of the family as per the ration card (BPL or APL).\nThe family of the applicant should be a resident of Karnataka.\nPreference/Priority/Reservation/Relaxation\nWomen from BPL families are given priority.\nIn case of the death of the family head, the next eligible female member can be registered.",
        "applicationProcess": "Online\nOffline\nStep 1: Visit the Official Website of Seva Sindhu Guarantee Schemes Portal.\nStep 2: Register on the portal using your Aadhaar Number and Mobile Number.\nStep 3: Use the credentials you created during registration to log in. Navigate to the online application form for the scheme. \nStep 4: In the form, fill in all the mandatory fields and upload all the mandatory documents in the specified format and size.\nCarefully review all the information provided and the documents uploaded. Make any necessary corrections.\nStep 5: Acknowledge and agree to the terms and conditions, declaration, and privacy policy (if any). Click the \"Submit\" or \"Apply\" button to submit your application. You'll receive a confirmation message. Note the application reference number for tracking.",
        "documentsRequired": "Copy of the Ration Card Where the Woman is Listed as the Head of the Family.\nCopy of the Aadhaar Card of the Beneficiary.\nPassbook of the Bank Account Linked With Aadhaar or RTGS Details for Non Aadhaar-linked Accounts.\nAny Document Proving Residence in Karnataka.\nIncome Certificate (if applicable).\nSelf-Declaration Form (confirming head of household status).\nDeath Certificate of Husband (for widows, if applicable).",
        "sourcesAndReferences": {
            "sourcesAndReferences": "https://www.myscheme.gov.in/schemes/gls#sources",
            "guideline": "https://wcd.karnataka.gov.in/storage/pdf-files/GruhaLaxmiGO.pdf",
            "officialWebsite": "https://wcd.karnataka.gov.in/",
            "faqs": "https://sevasindhugs.karnataka.gov.in/PDF/Gruha_Lakshmi_FAQ.pdf",
            "governmentOrder": "https://sevasindhugs.karnataka.gov.in/PDF/Gruha_Lakshmi_Main_GO.pdf"
        },
        "Original Link": "https://www.myscheme.gov.in/schemes/gls"
    },
    {
        "schemeName": "Ashadeepa Scheme",
        "details": "The \"Ashadeepa Scheme\" was introduced by the Government of Karnataka in the 2017-18 budget to encourage private sector industries and companies to provide employment opportunities to persons belonging to the Scheduled Caste and Scheduled Tribe categories, ensuring social justice. The scheme is implemented through the \"Karnataka State Workers Welfare and Social Security (Ashadeepa Scheme) Society (R).\"\nObjectives:\nTo create employment opportunities to the candidates belonging to SC and ST categories in the private sector.\nTo improve the socio – economic conditions of SCs and STs.\nTo encourage the employment of SCs and STs, in private sectors establishments/factories etc., by reimbursing the contribution paid by the employers towards Salary, ESI and EPF paid by them, thereby providing financial assistance.\nTo reimburse the Stipendiary amount paid to the apprentice trainees by the employer.\nTo reimburse the salary paid to the candidate if the employer recruits the same candidate after apprentice training.",
        "benefits": "Reimbursement of ESI and EPF contribution to the employers: The private sector employer, who newly employs SC and ST candidates, will be reimbursed the ESI and EPF contribution paid by them for a period of 2 years, subject to the maximum limit of ₹3,000/- per month per candidate.\nReimbursement of Stipend paid to the apprentice trainees: The stipend amount under Apprenticeship Act, 1961 paid to the Apprentice Trainees belonging to SC and ST categories, who are undergoing training for a period of One year Normal and Two years Comprehensive Training, will be reimbursed to the employer for a maximum limit of ₹5,000/- per month per candidate and subject to 2/3rd of the total amount paid by them.\nReimbursement of salary for appointment after completion of Apprentice Training: If the employer who has given apprentice training to the candidates belonging to SC and ST categories, employs the same candidates in permanent posts, 50% of the salary subject to a maximum limit of ₹7,000/- per month per candidate will be reimbursed to the employer for a period of two year.\nReimbursement of salary paid by the employers: The private sector employer, who newly employs SC and ST candidates after 12th June 2024, will be reimbursed the salary paid by them for a period of 2 years, subject to the maximum limit of ₹6,000/- per month per candidate.\nSkill Development: To organize skill trainings for the Scheduled Castes and Scheduled Tribes through the Department of Skill Development and encourage them to become self-reliant.",
        "eligibility": "The applicant should be a resident of Karnataka.\nThe applicant should belong to the Scheduled Castes (SC) or Scheduled Tribe (ST) category.\nEmployment of the applicant should be in a private-sector industry or establishment.\nSC/ST candidates undergoing apprenticeship training under the Apprenticeship Act, of 1961, are eligible for stipend reimbursement.\nFor candidates who complete an apprenticeship and are subsequently hired on a permanent basis, employers are eligible for reimbursement of a portion of the candidate’s salary.\nSC/ST candidates are eligible for skill development training organised by the Department of Skill Development, Government of Karnataka.",
        "applicationProcess": "Online\nStep 1: Visit the official website of the Karnataka State Unorganized Workers Social Security Board. Karnataka State Unorganized Workers Social Security Board\nStep 2: Scroll down and click on the 'Ashadeepa Scheme'.\nStep 3: Click on 'Apply' to apply for the scheme.\nStep 4: A new page will open. Fill out all the required fields, including details like the Name of Company/Firm/Establishment, Nature of Business, Name of the Managing Director/Partner, and other relevant information.\nStep 5: Upload the required documents, such as the List of ESI numbers and List of EPF numbers of the employees.\nStep 6: Click on Submit to complete the application process.",
        "documentsRequired": "Identity proof i.e. Aadhaar Card\nCaste Certificate\nEmployment Proof\nApprenticeship Details (If applicable)\nBank Account Details\nProof of ESI and EPF Contribution\nSalary or Stipend Records\nAny other documents as required",
        "sourcesAndReferences": {
            "sourcesAndReferences": "https://www.myscheme.gov.in/schemes/ads#sources",
            "schemeDetails-1": "https://ksuwssb.karnataka.gov.in/info-2/Ashadeepa+Scheme/en",
            "guidelines": "https://kbocwwb.karnataka.gov.in/ashadeepa",
            "applicationFormPortal": "https://kbocwwb.karnataka.gov.in/ashadeepaschemeform"
        },
        "Original Link": "https://www.myscheme.gov.in/schemes/ads"
    }
]