[
    {
        "schemeName": "Bihar Shatabdi Asangathit Karyakshetra Kamagaar Evan Shilpakar Samajik Suraksha Yojana: Permanent Partial Disability",
        "details": "The “Bihar Shatabdi Asangathit Karyakshetra Kamagaar Evan Shilpakar Samajik Suraksha Yojana” launched by the Labour Resources Department, Bihar, aims to provide social security through various types of financial assistance to workers and artisans in the unorganized sector.",
        "benefits": "Financial Assistance: ₹37,500/-.",
        "eligibility": "The applicant must be a resident of Bihar state.\nThe applicant must work as a worker or craftsman in the unorganized sector within Bihar.\nThe applicant's age must be between 18 and 65 years.\nNote: \nApplicant's age will be calculated as of the 1st of July of any year.\nPermanent Partial Disability: Permanent partial disability means that one eye or one leg becomes useless due to an accident. Apart from this, one eye/ one leg becomes useless due to paralysis.",
        "applicationProcess": "Offline\nStep 1: Visit the concerned office of the District Officer or Committee.\nStep 2: Collect the application form; fill in and attach all the mandatory documents (attested, if required).\nStep 3: Submit the complete application to the concerned District Officer or Labour Welfare Committee at the address below.\nOffice Address:\nLabour Resources Department, Government of Bihar\nBihar State Labour Welfare Committee\nNiyojan Bhawan, Patna- 800 007\nTel: 062-2520 053\nEmail-edbslws2017@gmail.com",
        "documentsRequired": "Prescribed Application Form-2. \nResidential certificate.\nProof of age (Aadhar Card, Voter Card etc.).\nOne photograph showing the disability status of the applicant.\nCopy of information given to the police station about the accident or if information to the police station is not required under the law, then certificate issued by the Mukhiya/Ward Councillor regarding the accident.\nDisability certificate issued by competent authority (certificate issued by Government orthopedic surgeon shall be required).\nCertificate issued by the Mukhiya/ Ward Member of Panchayat/ Member Panchayat Samiti/ Ward Councillor in case of urban area specifying the nature of work in which the applicant is or was engaged.\nAadhar Card.\nCategory (Caste Certificate of the applicant).\nBank Account and IFSC (Photocopy of the first page of the passbook).",
        "sourcesAndReferences": {
            "sourcesAndReferences": "https://www.myscheme.gov.in/schemes/bsakppd#sources",
            "guidelines": "https://state.bihar.gov.in/labour/cache/40/14-May-21/SHOW_DOCS/Schemes-1.pdf"
        },
        "Original Link": "https://www.myscheme.gov.in/schemes/bsakppd"
    },
    {
        "schemeName": "Mukhyamantri Nijee Nalkup Yojana",
        "details": "The “Mukhyamantri Nijee Nalkup Yojana” launched by the Minor Water Resources Department, Bihar, aims to provide financial support to farmers for borewell construction and motor pump installation to ensure water availability for irrigation purposes. It focuses on helping farmers in underprivileged regions with limited irrigation infrastructure.",
        "benefits": "Subsidy for Borewell Construction:\n\nCategory Subsidy Amount (Per Meter)  Depth Allowed\nGeneral  ₹600/- 15-70 meters\nBackward/Most Backward Classes  ₹840/- 15-70 meters\nScheduled Caste/Tribe Category  ₹900/- 15-70 meters\n\nSubsidy for Motor Pump Installation:\n\nThe amount of subsidy will be payable to General Category, Backward/Extremely Backward Classes and Scheduled Caste/Tribe Classes at the rate of 50%, 70% and 80% respectively on the cost of 2HP, 3HP, 5HP motor pump at the rate of maximum ₹20000/-, ₹25000/- and ₹30,000/- respectively.",
        "eligibility": "Farmers identified under the Saat Nischay-2 \"Irrigation Water to Every Field\" after a joint technical survey are eligible.\nFarmers must own at least 0.40 acre (40 decimal) of land. Priority will be given to small and marginal farmers.\nThere should not be an existing borewell at the site.\nNo previous grants or financial assistance have been taken for borewell construction at the same site by the Farmer.\nThe grant is valid for one borewell and one motor pump set per farmer.\nBorewell must be dug to a depth of 15-70 meters and with 4-6 inch diameter to qualify for the grant.",
        "applicationProcess": "Online\nApplication Process:\nStep 1: Visit the application page.\nStep 2: After entering your personal information, verify your mobile number and Aadhaar number.\nStep 3: Upload relevant documents (in JPEG/PNG format).\nStep 4: Read the declaration given below carefully and tick the points.\nStep 5: Once the application is submitted, no changes will be made.\nClaim Process:\nAfter approval, it will be mandatory for the farmer to dig a borewell at the applied site within 60 days and upload the subsidy claim on the portal.\nNotes:\nBeneficiary farmers can claim for boring and motor pumps as per their convenience on different dates or on a single date within the prescribed period.\nBefore digging the boring, during digging and after digging the boring, the farmer will have to take photographs of the site where water is flowing, which will be mandatory to upload on the portal at the time of submitting the claim.\nPhotos of the installation of the motor pump and of the water flow after the installation of the pump must be uploaded on the portal.\nOnly after physical verification and depth measurement with the representatives of the department, the work of installation of the motor pump will be done by the farmer and the photo will be uploaded on the portal.\nAll the materials used in the tube-well should be manufactured in the country and their quality should be as per Indian standards.",
        "documentsRequired": "For Application:\nAadhaar Card\nLand Holding Certificate (LPC) which is not earlier than 01/01/2023.\nCaste certificate issued by the competent authority.\nPhotograph (of self and the marked location).\nDeclaration Form.\nFor Claim:\nGST voucher of the motor pump.\nGST Voucher of Pipe.",
        "sourcesAndReferences": {
            "sourcesAndReferences": "https://www.myscheme.gov.in/schemes/mnny#sources",
            "guidelines": "https://mwrd.bih.nic.in/mnny/pdf_file/karyanwayananudeshfinal.pdf",
            "declarationForm": "https://mwrd.bih.nic.in/mnny/pdf_file/GhoshanaPatraAsahmati.pdf",
            "physicalVerificationForm": "https://mwrd.bih.nic.in/mnny/pdf_file/BhautikStyapanPatra.pdf"
        },
        "Original Link": "https://www.myscheme.gov.in/schemes/mnny"
    },
    {
        "schemeName": "Mukhyamantri Ati Pichhada Varg Udyami Yojana",
        "details": "The “Mukhyamantri Ati Pichhada Varg Udyami Yojana” is a component of the umbrella scheme “Mukhyamantri Udyami Yojana”, launched by the Department of Industries, Bihar. The main objective of the scheme is to promote entrepreneurship and self-employment among individuals from all categories in the state.\nUnder this component, financial assistance of up to ₹10,00,000/- is provided to male applicants from the General Category and Backward Class for establishing and operating business ventures, thereby fostering economic growth and empowerment in the state.",
        "benefits": "Substantial Financial Support: Up to ₹10,00,000/- for setting up a business (50% of the total financial assistance (up to ₹5,00,000/-) is provided as a non-repayable grant. The remaining 50% (up to ₹5,00,000/-) is offered as an interest-free loan, with a nominal 1% interest under specific sub-schemes.)\nSkill Development: Mandatory training sessions are provided to enhance entrepreneurial skills.",
        "eligibility": "The applicant must be a permanent resident of Bihar.\nThe applicant must belong to Extremely Backward Classes.\nThe applicant should have passed at least 10+2, Intermediate, ITI, Polytechnic Diploma, or equivalent.\nThe applicant must be aged between 18 and 50 years.\nThe business unit must be a proprietorship or partnership firm.",
        "applicationProcess": "Online\nRegistration Process:\nStep 1: Visit the official website and click on \"Registration/Log in\". Select \"Mukhyamantri Udyami Yojana\" as \"MMUY\".\nStep 2: A new page will open where you need to enter your Aadhaar number and create a desired password.\nStep 3: Click on the \"Login\" option after entering the details.\nStep 4:A registration form will appear. Fill in the required details carefully.\nStep 5: Once completed, click on the \"Submit\" button to finalize your registration.\nApplication Process:\nStep 1: After successful registration, log in to the portal using your Aadhaar number and password.\nStep 2: The application form will appear on your dashboard. Fill in the form accurately with all the necessary details.\nStep 3: Upload all the required documents as specified in the instructions.\nStep 4: Review the application to ensure all information is correct.\nStep 5: Click on the \"Submit\" button to complete the application process.\nStep 6: Download and print the acknowledgment receipt for your records. Keep it safe for future correspondence.",
        "documentsRequired": "Matriculation certificate (in which date of birth is mentioned).\nIntermediate or equivalent passing certificate.\nCaste certificate.\nPermanent residence certificate.\nDisability certificate (if required).\nPhotograph of the applicant.\nSignature of the applicant.",
        "sourcesAndReferences": {
            "sourcesAndReferences": "https://www.myscheme.gov.in/schemes/mapvuy#sources",
            "guidelines1": "https://udyami.bihar.gov.in/pdf/MMUY%202024-25%20Selection%20Process%20&%20Guidelines.pdf",
            "guidelines2": "https://udyami.bihar.gov.in/pdf/CMEBC.PDF",
            "faqs": "https://udyami.bihar.gov.in/pdf/FAQ.pdf"
        },
        "Original Link": "https://www.myscheme.gov.in/schemes/mapvuy"
    },
    {
        "schemeName": "Mukhyamantri Alpasankhyak Udyami Yojana",
        "details": "The “Mukhyamantri Alpasankhyak Udyami Yojana” is a component of the umbrella scheme “Mukhyamantri Udyami Yojana”, launched by the Department of Industries, Bihar. The main objective of the scheme is to promote entrepreneurship and self-employment among individuals from all categories in the state.\nUnder this component, financial assistance of up to ₹10,00,000/- is provided to applicants from Minority communities for establishing and operating business ventures, thereby fostering economic growth and empowerment in the state.",
        "benefits": "Substantial Financial Support: Receive up to ₹10,00,000/- for setting up a business (50% of the total financial assistance (up to ₹5,00,000/-) is provided as a non-repayable grant. The remaining 50% (up to ₹5,00,000/-) is offered as an interest-free loan, with a nominal 1% interest under specific sub-schemes.)\nSkill Development: Mandatory training sessions are provided to enhance entrepreneurial skills.",
        "eligibility": "The applicant must be a permanent resident of Bihar.\nThe applicant must belong to the Minority community.\nThe applicant should have passed at least 10+2, Intermediate, ITI, Polytechnic Diploma, or equivalent.\nThe applicant must be aged between 18 and 50 years.\nThe business unit must be a proprietorship or partnership firm.\nNote:\nWomen belonging to the minority community have the option to apply for either of the following schemes, based on their preference:\nMukhyamantri Mahila Udyami Yojana\nMukhyamantri Alpasankhyak Udyami Yojana",
        "applicationProcess": "Online\nRegistration Process:\nStep 1: Visit the official website and click on \"Registration/Log in\". Select \"Mukhyamantri Udyami Yojana\" as \"MMUY\".\nStep 2: A new page will open where you need to enter your Aadhaar number and create a desired password.\nStep 3: Click on the \"Login\" option after entering the details.\nStep 4:A registration form will appear. Fill in the required details carefully.\nStep 5: Once completed, click on the \"Submit\" button to finalize your registration.\nApplication Process:\nStep 1: After successful registration, log in to the portal using your Aadhaar number and password.\nStep 2: The application form will appear on your dashboard. Fill in the form accurately with all the necessary details.\nStep 3: Upload all the required documents as specified in the instructions.\nStep 4: Review the application to ensure all information is correct.\nStep 5: Click on the \"Submit\" button to complete the application process.\nStep 6: Download and print the acknowledgment receipt for your records. Keep it safe for future correspondence.",
        "documentsRequired": "Matriculation certificate (in which date of birth is mentioned).\nIntermediate or equivalent passing certificate.\nCaste certificate.\nPermanent residence certificate.\nDisability certificate (if required).\nPhotograph of the applicant.\nSignature of the applicant.",
        "sourcesAndReferences": {
            "sourcesAndReferences": "https://www.myscheme.gov.in/schemes/mauyb#sources",
            "guidelines1": "https://udyami.bihar.gov.in/pdf/MMUY%202024-25%20Selection%20Process%20&%20Guidelines.pdf",
            "guidelines2": "https://udyami.bihar.gov.in/pdf/circular-gov-2858-dtd-26-09-23.pdf",
            "faqs": "https://udyami.bihar.gov.in/pdf/FAQ.pdf"
        },
        "Original Link": "https://www.myscheme.gov.in/schemes/mauyb"
    },
    {
        "schemeName": "Mukhyamantri Gramin Peyjal Nishchay Yojana",
        "details": "The Chief Minister Rural Drinking Water Nishchay Yojana was launched in 2016 to ensure every rural household in Bihar has access to safe drinking water through a piped supply system. The scheme is implemented in phases by Gram Panchayats, covering 5,013 Panchayats where water quality is not compromised or is not already being handled by the Public Health Engineering Department. The water supply aims for a maximum of 70 liters per person per day, with strong community participation in operation and maintenance.",
        "benefits": "Improved Access to Clean Drinking Water: Provides safe and clean drinking water to rural households, ensuring better health and hygiene.\nContinuous Water Supply: Ensures a reliable and uninterrupted supply of water to rural areas throughout the year.\nReduction in Waterborne Diseases: Helps in reducing the incidence of waterborne diseases by providing purified drinking water.",
        "eligibility": "The applicant must be a resident of a rural area in Bihar.\nThe applicant must not already have a piped water supply connection.\nThe applicant should belong to a household requiring access to safe drinking water.\nThe applicant must comply with the guidelines set by the Gram Panchayat.\nThe applicant should be willing to contribute to the operation and maintenance of the water supply system.",
        "applicationProcess": "Offline\nStep 1: Visit the Gram Panchayat office.\nStep 2: Fill in the application form with the required personal and household details.\nStep 3: Submit supporting documents such as identity proof and address proof.\nStep 4: The application will be reviewed for eligibility.\nStep 5: Upon approval, the household will be included in the piped water supply scheme.",
        "documentsRequired": "Identity proof (Aadhaar card, Voter ID, etc.).\nAddress proof.\nWater requirement and consumption details.\nResidential proof of the Gram Panchayat.\nAny other documents (if required).",
        "sourcesAndReferences": {
            "sourcesAndReferences": "https://www.myscheme.gov.in/schemes/mgpny#sources",
            "guidelines": "https://bvm.bihar.gov.in/cache/sc_guidline/scheme-guidelines-mukhyamantri-gramin-peyjal-nishchay-yojana.pdf"
        },
        "Original Link": "https://www.myscheme.gov.in/schemes/mgpny"
    },
    {
        "schemeName": "Maternity Benefits Scheme (BBOCWWB)",
        "details": "\"Maternity Benefits Scheme\" by the Bihar Building & Other Construction Workers' Welfare Board, Labour Resources Department, Government of Bihar, provides an amount equivalent to 90 days of the minimum wages set by the State Government for unskilled workers at the time of childbirth. This benefit is applicable for the first two deliveries. The applicant should be a female construction worker who has completed one year of membership with the Board.",
        "benefits": "Financial assistance equivalent to 90 days of the minimum wages set by the State Government for unskilled workers.",
        "eligibility": "The applicant should be female.\nThe applicant should be registered with the Bihar Building & Other Construction Workers Welfare Board (BBOCWWB).\nThe applicant should have completed at least one year of membership with the Board.\nThe membership must be active at the time of application.\nThe benefits will be provided for the first two childbirths.",
        "applicationProcess": "Online\nRegistration\nStep 1: Visit the Official Website of the Bihar Building and Other Construction Workers Welfare Board, and click \"Apply for New Registration\".\nStep 4: On the next page, provide your details including your Aadhaar Number. Then click \"Authenticate\".\nStep 5: An online form will appear. In the form, fill in all the mandatory fields. The fields marked with an asterisk (*) are mandatory.\nStep 6: Click \"Submit\". Proceed to pay the application fee online.\nStep 7: Upon successful payment, you will receive your construction worker registration number.\nApplication\nStep 1: Visit the Official Website of the Bihar Building and Other Construction Workers Welfare Board.\nStep 2: Click on \"Scheme Application\" and select \"Apply for Scheme\".\nStep 3: Enter your registration number and click \"Show\" to view your details.\nStep 4: Select the scheme you intend to apply for, enter all mandatory information and upload the necessary documents in the specified format and size.\nStep 6: Click on \"Submit Application\" to complete the process.\nApplication Tracking\nApplicants can track their application status online on the official website of the Board by providing their registration number.",
        "documentsRequired": "Identity Card of the Registered Worker\nBank Account Details\nBirth Certificate\nProof of Membership\nProof of Age at the Time of Registration\nAny Other Documents as Required",
        "sourcesAndReferences": {
            "sourcesAndReferences": "https://www.myscheme.gov.in/schemes/mbsbbocwwb#sources",
            "schemeDetails": "https://bocw.bihar.gov.in/Website/pdf/Brochure.pdf",
            "onlineApplication": "https://bocw.bihar.gov.in/Website/SchemeApply.aspx"
        },
        "Original Link": "https://www.myscheme.gov.in/schemes/mbsbbocwwb"
    },
    {
        "schemeName": "Chief Minister EBC Civil Seva Protsahan Yojana",
        "details": "The scheme \"Chief Minister EBC Civil Seva Protsahan Yojana\" has been initiated by the Backward Classes and Extremely Backward Classes Welfare Department, Government of Bihar. Under this scheme, the Bihar Government provides incentives to individuals belonging to the Extremely Backward Classes upon passing the preliminary examination of various competitive exams such as UPSC, BPSC, Bihar Judicial Service, NDA, CDS, Banking, Railway, SSC, etc., to support their further preparation for the main examination/interview. The scheme is designed to provide financial assistance to students from the Most Backward Classes (MBC) who are preparing for civil services exams.",
        "benefits": "Under this scheme, candidates who pass the preliminary examination of competitive exams are provided with a prescribed incentive amount ranging from ₹30,000/- to ₹1,00,000/- as under:\nSl. No. Name of Competitive Examination Name of the Institution Conducting the Competitive Examination Incentive Amount\n1 Civil Services Union Public Service Commission, New Delhi ₹1,00,000/-\n2 Indian Engineering Service Union Public Service Commission, New Delhi ₹75,000/-\n3 Indian Economic Service Union Public Service Commission, New Delhi ₹75,000/-\n4 Indian Statistical Service Union Public Service Commission, New Delhi ₹75,000/-\n5 Combined Geo-Scientist Examination Union Public Service Commission, New Delhi ₹50,000/-\n6 Combined Defence Services (CDS) Union Public Service Commission, New Delhi ₹50,000/-\n7 Central Bureau of Investigation (CBI Dy. S.P.) Union Public Service Commission, New Delhi ₹50,000/-\n8 Central Armed Police Force Union Public Service Commission, New Delhi ₹50,000/-\n9 National Defence Academy (NDA) and Naval Academy first stage (written exam) exam Union Public Service Commission, New Delhi ₹50,000/-\n10 Combined Competitive (Preliminary) Examination conducted by Bihar Public Service Commission, Patna Bihar Public Service Commission, Patna ₹50,000/-\n11 Bihar Judicial Service Preliminary Examination Bihar Public Service Commission, Patna ₹50,000/-\n12 State Civil Services Combined Competitive (Preliminary) Examination conducted by other States State Public Service Commissions of the respective states ₹50,000/-\n13 Reserve Bank of India (RBI) Grade-B Officer Preliminary Exam Reserve Bank of India ₹30,000/-\n14 Preliminary Examination for Bank Probationary Officer in State Bank of India (SBI) and other Scheduled Commercial Banks State Bank of India/Institute of Banking Personnel Selection (IBPS) ₹30,000/-\n15 Preliminary Examination for Assistant Administrative Officer in Life Insurance Corporation of India Life Insurance Corporation of India ₹30,000/-\n16 Combined Graduate Level Preliminary Examination Central Staff Selection Commission, New Delhi ₹30,000/-\n17 Amount payable on passing the Technical and Combined Graduate Level Preliminary examination conducted by various Railway Recruitment Boards Related Railway Recruitment Board ₹30,000/-",
        "eligibility": "The applicant should be a permanent resident of Bihar.\nThe applicant should belong to the Extremely Backward Class (EBC) category.\nThe applicant should have passed the preliminary examination of a competitive exam, such as UPSC, BPSC, Bihar Judicial Service, NDA, CDS, Banking, Railway, SSC, etc.\nThe applicant should not have previously received the same incentive from any other source.",
        "applicationProcess": "Online\nRegistration Process:\nStep 1: Visit the official website. Click \"New Registration\" option, in case of a new applicant. \nStep 2: In case of \"New Registration\" carefully read the \"Guidelines for Registration\" and click \"Continue.\"\nStep 3: On successful login, enter the form by entering your personal details, educational qualifications, and other required information.\nStep 4: Upload your photograph, signature, and any necessary documents.\nStep 5: Ensure all fields marked with an asterisk (*) are filled in correctly.\nStep 6: Once all the required information is entered, click the \"Submit\" button. Upon successful submission, you will receive a registration ID and password.\nProcess to apply for scheme:\nStep 1: In case already registered, then click on \"Applicant Login\" option. \nStep 2: Enter your User ID, Password, and the verification code.\nStep 3: Click \"Login\" to access your account and fill out the application form.\nStep 4: Verify your entries before submitting the application. No modifications can be made after the final submission.\nStep 5: After verifying your application form, click \"Submit\" to save your application.\nYou may print the application form as a draft.\nAn application ID will be generated after the final submission.\nOnly the final submission will be considered.\nStep 6: Print a copy of the finally submitted application form.\nNote: \nIn case the applicant faces any issue while submitting the application form, one can submit a \"Request Query\" to the department raising the concerns.",
        "documentsRequired": "At the time of filling of application form, the applicant's Photo size should be less than 50 kb. (Preferred Dimension : 200 x 230 px)\nAt the time of filling of application form, the applicant's Signature size should be less than 20 kb. (Preferred Dimension : 140 x 60 px)\nIdentity proof i.e. Aadhaar card\nAdmit Card\nProof of passing examination\nDomicile Certificate\nAddress proof\nCaste/Community certificate\nBank Account Details\nAny additional documents as required",
        "sourcesAndReferences": {
            "sourcesAndReferences": "https://www.myscheme.gov.in/schemes/mmapvcspy#sources",
            "guidelines": "https://bcebconline.bihar.gov.in/cspy/EBCscholarship/Photo/BC.pdf",
            "officialWebsite": "https://bcebconline.bihar.gov.in/cspy/EBCscholarship/Index.aspx"
        },
        "Original Link": "https://www.myscheme.gov.in/schemes/mmapvcspy"
    },
    {
        "schemeName": "Jan-Nayak Karpoori Thakur Kalyan Hostel Scheme",
        "details": "The scheme \"Jan-Nayak Karpoori Thakur Kalyan Hostel Scheme\" is a Welfare Scheme by the BC & EBC Welfare Department, Government of Bihar. Under this scheme, the Backward Classes and Extremely Backward Classes Welfare Department, Bihar, Patna provides residential facilities to students studying in educational institutions near the Saharsa District Headquarters Hostel. To support hostel residents, students receive 9 kg of rice and 6 kg of wheat per month under the Chief Minister's Hostel Foodgrain Scheme and ₹1000/- per month under the Chief Minister's Hostel Grant Scheme.",
        "benefits": "9 kg rice and 6 kg wheat per student per month.\n₹1000/- monthly grant under the Chief Minister’s Hostel Grant Scheme.",
        "eligibility": "The applicant should be a permanent resident of Bihar.\nThe applicant should be studying in the current session in an educational institution nearest to the hostel.\nThe applicant should belong to the Extremely Backward Class (EBC).\nThe applicant should be studying in Class 10+2 or higher.",
        "applicationProcess": "Offline\nStep 1: Collect the prescribed application form for hostel admission for the academic session 2024-25.\nStep 2: Submit the completed form to the District Backward & Extremely Backward Class Welfare Office, Saharsa, on any working day before the deadline.\n\nNote: For more details, visit the district website Saharsa.bih.nic.in.",
        "documentsRequired": "Caste Certificate\nMarksheet of the Previous Examination\nAdmission Certificate from the Educational Institution\nCopy of Bank Account Details\nCopy of Aadhaar Card",
        "sourcesAndReferences": {
            "sourcesAndReferences": "https://www.myscheme.gov.in/schemes/jnktkhs#sources",
            "website": "https://state.bihar.gov.in/bcebcwelfare/Content.html?links&page=Jananayak%20Karpuri%20Thakur,%20extremely%20backward%20class%20welfare%20hostel",
            "schemeDetails": "https://saharsa.nic.in/hi/notice/%e0%a4%9c%e0%a4%bf%e0%a4%b2%e0%a4%be-%e0%a4%aa%e0%a4%bf%e0%a4%9b%e0%a4%a1%e0%a4%bc%e0%a4%be-%e0%a4%8f%e0%a4%b5%e0%a4%82-%e0%a4%85%e0%a4%a4%e0%a4%bf-%e0%a4%aa%e0%a4%bf%e0%a4%9b%e0%a4%a1%e0%a4%bc-8/"
        },
        "Original Link": "https://www.myscheme.gov.in/schemes/jnktkhs"
    }
]