[
    {
        "schemeName": "Lakshmi Bai Samajik Suraksha Pension Yojana",
        "details": "It has been started with the aim of improving the citizens living below the poverty line. Through this scheme, the state government will provide assistance to old women living below the economic poverty line. Recently, a scheme was started by the Government of Bihar, whose name is Laxmi Bai Social Security Pension Scheme.",
        "benefits": "Financial Assistance of Rs. 300/- per month.",
        "eligibility": "Widow woman must be a resident of Bihar.\nThe woman should be a widow.\nThe woman should be living below the poverty line.\nThe annual income of the woman's family should be Rs. 60,000/- or less.\nThe age of the woman should be 18 years or more.",
        "applicationProcess": "Online\nOffline\nApplicants have to visit the official website. \nOn this home page, click on Apply for \"Social Security Pension Schemes\". \nOn the new page, select the scheme Name.\nFill out the Applicant's Details, Complete Address of Residence, Bank Details, and accept the Self Declaration and Consent. \nClick on the submit button.",
        "documentsRequired": "Female Aadhaar card.\nAddress proof.\nBPL ration card.\nAge certificate.\nIncome certificate.\nHusband's death certificate.\nIdentity card.\nBank account statement.\nMobile number.\nEmail id.\nPassport-size photo.",
        "sourcesAndReferences": {
            "sourcesAndReferences": "https://www.myscheme.gov.in/schemes/lbsspy#sources",
            "details": "https://cdn.s3waas.gov.in/s30d0fd7c6e093f7b804fa0150b875b868/uploads/2018/03/2018031763.pdf"
        },
        "Original Link": "https://www.myscheme.gov.in/schemes/lbsspy"
    },
    {
        "schemeName": "Bihar Disability Pension Scheme",
        "details": "The scheme \"Bihar Disability Pension Scheme\" was initiated by the Social Welfare Department, Government of Bihar, to cover only those persons with disabilities who are not covered under the Indira Gandhi National Disability Pension Scheme. Under this scheme, a monthly pension of ₹400/- is given to persons with a disability of 40% or more, regardless of their income or age group.\nObjective:\nThe objective of this scheme is to provide social security to the differently-abled section of the poor family of the society by providing them financial assistance.",
        "benefits": "Under this scheme, eligible differently-abled persons will receive a monthly pension of ₹400/-. \nNote: The pension amount is being paid to the beneficiaries through the Direct Benefit Transfer (DBT) process. In this process, the pension amount is transferred directly into the beneficiaries' accounts via the Public Financial Management System (PFMS) at the state level, based on the account numbers provided by the beneficiaries.",
        "eligibility": "The applicant should be a resident of Bihar or should have been residing in Bihar for at least the past 10 years as of the date of application submission.\nThe applicant should be physically disabled.\nThe applicant should possess a disability certificate with a minimum of 40% disability.\nThere is no minimum or maximum age limit for availing of the benefits of the scheme.\nThere is no upper limit on annual income for availing of the pension.\nThe applicant should not be receiving pension benefits under any other social security scheme.",
        "applicationProcess": "Offline\nApplication Process:\nStep 1: To avail of the benefits of this scheme, eligible applicants should submit their duly filled and signed application in the prescribed format, along with the required attachments, at the Right to Public Service (RTPS) counter located at the block office level.\nStep 2: Upon submission, applicants will receive an acknowledgment receipt from the RTPS counter, which should be kept for future reference.\nStep 3: Applicants will be notified of the application's approval or rejection via SMS or email.\nStep 4: If approved, the Sanction Order can be collected from the same RTPS counter where the application was submitted, upon presenting the acknowledgment receipt and a valid identity card.\nComplaints & Grievance Redressal:\nA special portal has been developed for grievance redressal in relation to the Social Security Pension Scheme (https://www.sspmis.bihar.gov.in/) where the beneficiary can go and register his complaint himself or can call on toll-free number 18003456262 and register his complaint free of cost through the helpdesk.\nThe complaint can be lodged in the office of the Block Development Officer, Sub-divisional Office, Assistant Director, District Social Security Cell/District Child Protection Unit, Director, Social Security Office, and Additional Chief Secretary/Principal Secretary/Secretary, Social Welfare Department. Apart from this, under the Bihar Public Grievance Redressal Rights Act, 2016, the office of the Public Grievance Redressal Officer at the sub-divisional level and the District Public Grievance Redressal Officer at the district level are functioning.",
        "documentsRequired": "Aadhaar card of the applicant\nPassport-size photograph\nIdentity proof i.e. Voter ID Card, Driving License\nDisability certificate\nCaste certificate, if applicable\nAddress proof/Residence Certificate\nBank Passbook/Bank account details\nAny other documents as required",
        "sourcesAndReferences": {
            "sourcesAndReferences": "https://www.myscheme.gov.in/schemes/bdps#sources",
            "guidelines": "https://state.bihar.gov.in/cache/39/Chhatra%20Yojna/Mukhyamantri%20Samajik%20Sahayata%20Evam%20Protsahan%20Chhatra%20Yojna/BDPS.pdf",
            "schemeDetails": "https://state.bihar.gov.in/cache/39/Chhatra%20Yojna/Mukhyamantri%20Samajik%20Sahayata%20Evam%20Protsahan%20Chhatra%20Yojna/Mukhyamantri%20Samajik%20Sahayata%20Evam%20Protsahan%20Chhatra%20Yojna.pdf",
            "applicationFormat": "https://cdn.s3waas.gov.in/s30d0fd7c6e093f7b804fa0150b875b868/uploads/2018/03/2018031737.pdf",
            "sspmisPortal": "https://www.sspmis.bihar.gov.in/aboutUs",
            "officialWebsite": "https://state.bihar.gov.in/socialwelfare/CitizenHome.html"
        },
        "Original Link": "https://www.myscheme.gov.in/schemes/bdps"
    },
    {
        "schemeName": "Indira Gandhi National Old Age Pension Scheme- Bihar",
        "details": "The scheme \"Indira Gandhi National Old Age Pension Scheme\" is implemented by the Social Welfare Department, Government of Bihar. Under this scheme, a monthly pension is provided to elderly people (women/men) aged 60 years or above belonging to Below Poverty Line (BPL) families to support them financially. This scheme is centrally sponsored.\nObjective:\nThe objective of this scheme is to provide social security to the elderly people of the poor family of the society by providing them financial assistance.",
        "benefits": "Under this scheme, eligible beneficiaries will receive monthly pension as follows:\nBeneficiaries aged 60 to 79 years: ₹400/- per month\nBeneficiaries aged 80 years or above: ₹500/- per month\nNote: The pension amount is being paid to the beneficiaries under the Direct Benefit Transfer (DBT) process. In this process, the pension amount is paid directly into the accounts of the beneficiaries through PFMS from the state level on the basis of the account number provided by the beneficiaries.",
        "eligibility": "The applicant (Woman/Man) should be a resident of Bihar.\nThe applicant should be a senior citizen.\nThe applicant should be 60 years of age or older.\nThe applicant should belong to a Below Poverty Line (BPL) family.\nThe applicant should not be receiving pension benefits under any social security scheme.",
        "applicationProcess": "Offline\nStep 1: To avail of the benefits of this scheme, eligible applicants should submit their duly filled and signed application in the prescribed format, along with the required attachments, at the Right to Public Service (RTPS) counter located at the block office level.\nStep 2: Upon submission, applicants will receive an acknowledgment receipt from the RTPS counter, which should be kept for future reference.\nStep 3: Applicants will be notified of the application's approval or rejection via SMS or email.\nStep 4: If approved, the Sanction Order can be collected from the same RTPS counter where the application was submitted, upon presenting the acknowledgment receipt and a valid identity card.\nComplaints & Grievance Redressal:\nA special portal has been developed for grievance redressal in relation to the Social Security Pension Scheme (https://www.sspmis.bihar.gov.in/) where the beneficiary can go and register his complaint himself or can call on toll-free number 18003456262 and register his complaint free of cost through helpdesk.\nThe complaint can be lodged in the office of the Block Development Officer, Sub-divisional Office, Assistant Director, District Social Security Cell/District Child Protection Unit, Director, Social Security Office, and Additional Chief Secretary/Principal Secretary/Secretary, Social Welfare Department. Apart from this, under the Bihar Public Grievance Redressal Rights Act, 2016, the office of the Public Grievance Redressal Officer at the sub-divisional level and the District Public Grievance Redressal Officer at the district level are functioning.\nUser Manual",
        "documentsRequired": "Aadhaar card of the applicant\nPassport-size photograph\nIdentity proof i.e. Voter ID Card, Driving License\nResidence Proof\nProof of age\nBelow Poverty Line (BPL) Card/related documents\nCaste certificate, if applicable\nAddress proof\nBank Passbook/Bank account details\nAny other documents as required",
        "sourcesAndReferences": {
            "sourcesAndReferences": "https://www.myscheme.gov.in/schemes/ignoapsb#sources",
            "guidelines": "https://state.bihar.gov.in/cache/39/Chhatra%20Yojna/Mukhyamantri%20Samajik%20Sahayata%20Evam%20Protsahan%20Chhatra%20Yojna/IGNOAPS.pdf",
            "schemeDetails": "https://state.bihar.gov.in/cache/39/Chhatra%20Yojna/Mukhyamantri%20Samajik%20Sahayata%20Evam%20Protsahan%20Chhatra%20Yojna/Mukhyamantri%20Samajik%20Sahayata%20Evam%20Protsahan%20Chhatra%20Yojna.pdf",
            "applicationFormat": "https://cdn.s3waas.gov.in/s30d0fd7c6e093f7b804fa0150b875b868/uploads/2018/03/2018031737.pdf",
            "officialWebsite": "https://state.bihar.gov.in/socialwelfare/CitizenHome.html",
            "sspmisPortal": "https://www.sspmis.bihar.gov.in/"
        },
        "Original Link": "https://www.myscheme.gov.in/schemes/ignoapsb"
    },
    {
        "schemeName": "Bihar Shatabdi AIDS Pirit Kalyan Yojana",
        "details": "The scheme \"Bihar Shatabdi AIDS Pirit Kalyan Yojana\" was initiated by the Social Welfare Department, Government of Bihar. Under this scheme, financial assistance of ₹1,500/- per month is given to AIDS patients in the state. This scheme is fully funded by the Government of Bihar.\nObjective:\nThe objective of this scheme is to provide financial assistance to AIDS patients in the state.",
        "benefits": "Under this scheme, financial assistance of ₹1,500/- per month is given to AIDS patients.",
        "eligibility": "The applicant should be a resident of Bihar.\nThe applicant should be an AIDS patient.\nThe applicant should be 18 years of age or older.",
        "applicationProcess": "Offline\nTo avail of the benefits of this scheme, the person fulfilling the eligibility criteria should submit their applications in the prescribed format to the office of Bihar State AIDS Control Society.\nNote: The application is approved by the Bihar State AIDS Control Society.\nComplaints & Grievance Redressal:\nThe complaint can be lodged in the office of the Block Development Officer, Sub-divisional Office, Assistant Director, District Social Security Cell/District Child Protection Unit, Director, Social Security Office, and Additional Chief Secretary/Principal Secretary/Secretary, Social Welfare Department. Apart from this, under the Bihar Public Grievance Redressal Rights Act, 2016, the office of the Public Grievance Redressal Officer at the sub-divisional level and the District Public Grievance Redressal Officer at the district level are functioning.",
        "documentsRequired": "Aadhaar card of the applicant\nPassport-size photograph\nIdentity proof (e.g., Voter ID Card, Driving License, etc.)\nMedical reports/documents confirming AIDS diagnosis\nAddress proof\nBank passbook/bank account details\nAny additional documents as required",
        "sourcesAndReferences": {
            "sourcesAndReferences": "https://www.myscheme.gov.in/schemes/bsaidspky#sources",
            "guidelines": "https://state.bihar.gov.in/cache/39/Chhatra%20Yojna/Mukhyamantri%20Samajik%20Sahayata%20Evam%20Protsahan%20Chhatra%20Yojna/BAPKY.pdf",
            "schemeDetails": "https://state.bihar.gov.in/cache/39/Chhatra%20Yojna/Mukhyamantri%20Samajik%20Sahayata%20Evam%20Protsahan%20Chhatra%20Yojna/Mukhyamantri%20Samajik%20Sahayata%20Evam%20Protsahan%20Chhatra%20Yojna.pdf",
            "officialWebsite": "https://state.bihar.gov.in/socialwelfare/CitizenHome.html"
        },
        "Original Link": "https://www.myscheme.gov.in/schemes/bsaidspky"
    },
    {
        "schemeName": "Chief Minister Family Benefit Scheme",
        "details": "The \"Chief Minister Family Benefit Scheme\" was launched by the Social Welfare Department, Government of Bihar. Under this scheme, a one-time grant of ₹20,000/- is provided to the family or close relative in the case of the death of a person of any age in an accident, or the death of a person aged 18-60 years in a criminal incident. If more than one member of the same family dies in an accident, the grant will be provided for all the deceased, including the deceased child. This benefit will not be payable in the case of suicide. This scheme is fully funded by the State Government.\nObjective:\nThe objective of this scheme is to provide social security to the immediate dependents of the deceased by providing them financial assistance after the sudden death of a member of a poor family in the state.",
        "benefits": "Under this scheme, a one-time grant of ₹20,000/- is provided to the family or close relative of the deceased person.",
        "eligibility": "1. The applicant should be a resident of Bihar.\n2. The applicant should be a family member or dependent of the deceased person.\n3. The grant is provided in cases where the deceased:\n• Died in an accident, regardless of age, or\n• Was between 18 and 60 years old and died in a criminal incident.\n4. The deceased should belong to a poor family.\n5. The benefit will not be payable in cases of suicide.\nNote: If more than one member of the same family dies in an accident, the grant will be provided for all deceased members, including any deceased children.",
        "applicationProcess": "Offline\nApplication Process:\nTo avail of the benefits of this scheme, the applicant should submit an application on plain paper, along with the required documents, to the office of the Sub-Divisional Officer.\nGrievance Redressal and Escalation Matrix:\nThe complaint can be lodged in the office of the Block Development Officer, Sub-divisional Office, Assistant Director, District Social Security Cell/District Child Protection Unit, Director, Social Security Office, and Additional Chief Secretary/Principal Secretary/Secretary, Social Welfare Department. Apart from this, under the Bihar Public Grievance Redressal Rights Act, 2016, the office of the Public Grievance Redressal Officer at the sub-divisional level and the District Public Grievance Redressal Officer at the district level are functioning.",
        "documentsRequired": "Identity proof of the applicant i.e. Aadhaar Card, Voter ID Card\nIdentity proof of the deceased person i.e. Aadhaar Card\nDeath certificate of the deceased person\nProof of age of the deceased person\nBelow Poverty Line (BPL) Card/ Ration Card\nAddress proof\nBank Passbook/Bank account details\nAny other documents as required",
        "sourcesAndReferences": {
            "sourcesAndReferences": "https://www.myscheme.gov.in/schemes/cmfbs#sources",
            "guidelines": "https://state.bihar.gov.in/cache/39/Chhatra%20Yojna/Mukhyamantri%20Samajik%20Sahayata%20Evam%20Protsahan%20Chhatra%20Yojna/CMFBS.pdf",
            "schemeDetails": "https://state.bihar.gov.in/cache/39/Chhatra%20Yojna/Mukhyamantri%20Samajik%20Sahayata%20Evam%20Protsahan%20Chhatra%20Yojna/Mukhyamantri%20Samajik%20Sahayata%20Evam%20Protsahan%20Chhatra%20Yojna.pdf",
            "officialWebsite": "https://state.bihar.gov.in/socialwelfare/CitizenHome.html",
            "e-suvidhaPortal": "https://esuvidha.bihar.gov.in/PublicReport/OnlineRegistration.aspx"
        },
        "Original Link": "https://www.myscheme.gov.in/schemes/cmfbs"
    },
    {
        "schemeName": "Samekit Baal Vikas Chhtra Yojana: Dress for Pre-school Children",
        "details": "The \"Dress for Pre-school Children\" scheme is a component of the \"Samekit Baal Vikas Chhtra Yojana,\" initiated by the Social Welfare Department, Government of Bihar. Under this scheme, a cash amount of ₹400/- per child per year is provided for uniforms to all children aged 3 to 6 years who are receiving pre-school education at Anganwadi Centres. The scheme aims to create a distinct identity for Anganwadi Centre children and bring a sense of uniformity and social harmony among the children. This scheme is state-sponsored.",
        "benefits": "Under this scheme, all children aged 3 to 6 years who are enrolled at Anganwadi Centres and receiving pre-school education are provided ₹400/- per year per child for uniforms.",
        "eligibility": "The beneficiary should be a resident of Bihar.\nThe beneficiary should be a child.\nThe beneficiary should be between 3 and 6 years of age.\nThe beneficiary should be enrolled at an Anganwadi Centre.\nThe beneficiary should be receiving pre-school education at the Anganwadi Centre.",
        "applicationProcess": "Offline\nTo benefit from this scheme, beneficiaries should register their names at their nearest Anganwadi Center.\nComplaints & Grievance Redressal:\nComplaints and appeals related to various schemes under this program can be filed with the Public Grievance Redressal Officer at the sub-division level, the District Public Grievance Redressal Officer at the district level, and the Departmental Public Grievance Redressal Officer at the department level. Additionally, issues can be registered with the Child Development Project Officer at the project level, the District Program Officer/District Officer at the district level, the Divisional Commissioner at the divisional level, and the Director, ICDS, as well as the Additional Chief Secretary/Principal Secretary/Secretary of the Social Welfare Department at the state level. Complaints can be submitted in writing or communicated over the telephone.",
        "documentsRequired": "Aadhaar card of parents\nBirth certificate of child\nAddress proof\nAny additional documents as required",
        "sourcesAndReferences": {
            "sourcesAndReferences": "https://www.myscheme.gov.in/schemes/sbvcydpsc#sources",
            "guidelines": "https://state.bihar.gov.in/cache/39/Chhatra%20Yojna/Samekit%20Baal%20Vikas%20Chhtra%20Yojna/Dress.pdf",
            "schemeDetails": "https://state.bihar.gov.in/cache/39/Chhatra%20Yojna/Samekit%20Baal%20Vikas%20Chhtra%20Yojna/Mukhyamantri%20Samekit%20Bal%20Vikash%20Chhatra%20Yojana.pdf",
            "officialWebsite": "https://state.bihar.gov.in/socialwelfare/CitizenHome.html"
        },
        "Original Link": "https://www.myscheme.gov.in/schemes/sbvcydpsc"
    },
    {
        "schemeName": "Mukhyamantri Alpsankhyak Chhatravas Yojana",
        "details": "The \"Mukhyamantri Alpsankhyak Chhatravas Yojana\" is a scheme initiated by the Minority Welfare Department, Government of Bihar. Under this scheme, students belonging to minority communities who are studying in a recognized institution, school, college, university, or technical institution in their respective districts and residing in minority hostels are provided a monthly stipend of ₹1,000/-. Additionally, these students receive 9 kg of rice and 6 kg of wheat every month, while residing in hostels run by the Minority Welfare Department, Government of Bihar.",
        "benefits": "Under this scheme, students from minority communities who are studying and residing in hostels run by the Minority Welfare Department, Government of Bihar, will receive the following benefits:\nA monthly stipend of ₹1,000/-.\nProvision of essential facilities such as cots, mattresses, bed sheets, tables, chairs for studying, as well as cooking utensils and kitchen facilities. \nMonthly distribution of 9 kg of rice and 6 kg of wheat to each student.",
        "eligibility": "The applicant should be a native of Bihar.\nThe applicant should be a student.\nThe student should belong to a minority community.\nThe student should be enrolled in a recognized institution, school, college, university, or technical institution in their respective district.\nThe student should be pursuing a course that is recognized by the Government.\nThe student should reside in a hostel operated by the Minority Welfare Department, Government of Bihar, while pursuing their studies.",
        "applicationProcess": "Online\nRegistration Process:\nStep 1: Go to the E-kalyan Portal.\nStep 2: Review the guidelines and select \"Create Account.\"\nStep 3: Complete the registration form with all required details (marked with (*)).\nStep 4: Click \"Register\" to finalize the process.\nStep 5: You will receive a confirmation message with your User ID and password displayed on the screen. \nApply for Scheme:\nStep 1: Login to the E-Kalyan Portal using your User ID and password from registration.\nStep 2: Enter your personal, academic, and other relevant details.\nStep 3: Choose the district(s) for which you are applying, noting that you can select multiple hostels within that district.\nStep 4: Click \"Save and Continue\" to proceed.\nStep 5: Complete the application by uploading all required documents and clicking \"Submit.\"\nNote 1: Once submitted, the form cannot be modified.\nNote 2: The Minority Welfare Department will seek the student list from the Principal of the minority hostel where the students stay.\nUser Manual",
        "documentsRequired": "Date of Birth Certificate from Matric (Class Xth) or equivalent Certificate\nMarksheet of Class Xth\nMarksheet of the last exam passed\nAadhaar card\nProof of admission to the /School/College/University/Institution, where the applicant is studying\nRecommendation letter from the Principal/Head of the Institution where the applicant has taken admission, recommending for admission to the Hostel, in the prescribed format\nSavings Bank Account details with name of the Bank, Name of the applicant in the Bank Account, Account number, IFSC Code.\nPassport size photo of the candidate\nPassport size photo of father\nPassport size photo of visitor(s)\nScanned signature of the candidate\nCaste/Community certificate\nAddress proof\nUndertaking signed by the Parents/Guardian in the prescribed format\nAny additional documents as required",
        "sourcesAndReferences": {
            "sourcesAndReferences": "https://www.myscheme.gov.in/schemes/mmacy#sources",
            "officialWebsite": "https://state.bihar.gov.in/minoritywelfare/SectionInformation.html?editForm&rowId=3392",
            "schemeDetails(pageNo.4)": "https://bsmfc.org/wp-content/uploads/2020/01/Yojnadarpan.pdf",
            "schemeDetails": "https://saran.nic.in/minority-welfare/#1691211504468-40f15a1f-bd2c",
            "e-kalyanPortal(onlineApplication)": "https://ekalyan.bih.nic.in/MH_App/default.aspx",
            "userManual(applicationProcess)": "https://ekalyan.bih.nic.in/MH_App/Downloads/DemoApplicationForm.pdf"
        },
        "Original Link": "https://www.myscheme.gov.in/schemes/mmacy"
    },
    {
        "schemeName": "Beej Masaale Ki Yojana",
        "details": "“Beej Masaale Ki Yojana” launched by the Department of Agriculture, Bihar, aims to encourage farmers to cultivate identified seed spices such as coriander and fenugreek keeping in mind their medicinal and nutritional properties. With the implementation of this scheme, the income of the farmers will increase as a result of increase in the production and productivity of seed spices.",
        "benefits": "Financial Assistance: 50% subsidy on the unit cost of ₹30,000/- per hectare, amounting to ₹15,000/- per hectare. (First year: ₹7,500/- and Second year: ₹7,500/-)\nAffordable High-Quality Seeds: Farmers can access certified or verified quality seeds of spices through OTP verification from Bihar State Seed Corporation, Patna.",
        "eligibility": "The applicant should be a resident of Bihar.\nThe applicant should be a farmer.\nThe applicant must have agricultural land a minimum of 0.25 acres (0.1 ha) and a maximum of 10 acres (4 ha).\nThe applicant must be registered on the DBT portal.\n\nNote 1: Beneficiary allocation:\nGeneral Category: 78.56%.\nScheduled Castes: 20%.\nScheduled Tribes: 1.44%.\nWomen Participation: 30%.\nNote 2: The benefits of this scheme can be taken by ryot farmers on the basis of land documents and non-ryot farmers on the basis of contract form.\nNote 3: Beneficiaries will be selected on first come first serve basis.",
        "applicationProcess": "Online\nDBT Registration Process:\nStep 1: Visit the registration page of the DBT portal. \nStep 2: Select Aadhaar verification type: OTP/ BIO-AUTH/ IRIS.\nStep 3: Enter your Aadhaar number and Name as per Aadhaar. Click on “Authentication”.\nStep 4: Enter the OTP. Click on “Validate OTP”. \nStep 5: Now confirm the details about the “Kisan Credit Card (KCC)” Details. Click on “Farmer Registration”.\nStep 6: In the Registration Page, fill in all the details properly i.e. Farmer details, Land information, Bank account details and click on “Submit”.\nStep 7: Validate with OTP. Click on “Register” to generate the Registration Id.\nNote:  After 48 hours of registration, farmers can apply for the scheme with the help of 13 digit registration number.\n\nOnline Application of the Scheme:\nStep 1: Visit the official website. \nStep 2: Scroll to bottom and confirm the checkbox. Click on “Proceed to apply”.\nStep 3: In the next page select the “Type of Applicant” and enter the “DBT Registration Number of Kisan”. Click on “Get details”.\nStep 4: Fill in the required details i.e. Address, Land Details, etc, and upload documents.\nStep 5: Confirm the checkbox and then click on “Submit”.\nStep 6: An “Application Number” will be generated. Keep this for future reference.\nStep 7: Printout of the filled in application also can be taken using the Print option.",
        "documentsRequired": "For DBT Registration Process:\nAadhaar Details (Should be linked with mobile number).\nPassport Size Photo.\nFarmer details.\nLand information.\nBank account.\nFor the Online Application of the Scheme:\nPassport Size Photo.\nContract form ( for non-ryot farmers).\nLand-ownership/ revenue receipt (If applicable).\n\nNote: If the applicant's name is not clear in the land-ownership/ revenue receipt, it will be mandatory to attach the genealogy along with the land-ownership/ revenue receipt.",
        "sourcesAndReferences": {
            "sourcesAndReferences": "https://www.myscheme.gov.in/schemes/bmky#sources",
            "guidelines": "https://horticulture.bihar.gov.in/MainSite/Documents/SOP/1.8_2024-10-01.pdf",
            "onlineApplication": "https://horticulture.bihar.gov.in/HortMIS/AreaExpansionStateScheme/OnlineAppSpices.aspx"
        },
        "Original Link": "https://www.myscheme.gov.in/schemes/bmky"
    },
    {
        "schemeName": "Phool Vikash Yojana",
        "details": "The “Phool Vikash Yojana” launched by the Department of Agriculture, Bihar, aims to support farmers in 15 districts of the state by offering financial assistance for marigold flower cultivation. The scheme provides a 50% subsidy for up to 4 hectares.",
        "benefits": "Financial Assistance: 50% subsidy on ₹80,000/- per hectare for marigold cultivation.",
        "eligibility": "The applicant should be a resident of Bihar.\nThe applicant should be a farmer.\nThe applicant must have agricultural land a minimum of 0.25 acres (0.1 ha) and a maximum of 10 acres (4 ha).\nThe applicant must be registered on the DBT portal Agriculture Department.\nNote 1: The benefits of this scheme can be taken by ryot farmers on the basis of land documents and non-ryot farmers on the basis of contract form.\nNote 2: Beneficiaries will be selected on first come first serve basis.",
        "applicationProcess": "Online\nDBT Registration Process:\nStep 1: Visit the registration page of the DBT portal. \nStep 2: Select Aadhaar verification type: OTP/ BIO-AUTH/ IRIS.\nStep 3: Enter your Aadhaar number and Name as per Aadhaar. Click on “Authentication”.\nStep 4: Enter the OTP. Click on “Validate OTP”. \nStep 5: Now confirm the details about the “Kisan Credit Card (KCC)” Details. Click on “Farmer Registration”.\nStep 6: In the Registration Page, fill in all the details properly i.e. Farmer details, Land information, Bank account details and click on “Submit”.\nStep 7: Validate with OTP. Click on “Register” to generate the Registration Id.\nNote:  After 48 hours of registration, farmers can apply for the scheme with the help of 13 digit registration number.\n\nOnline Application of the Scheme:\nStep 1: Visit the official website. \nStep 2: Scroll to bottom and confirm the checkbox. Click on “Proceed to apply”.\nStep 3: In the next page select the “Type of Applicant” and enter the “DBT Registration Number of Kisan”. Click on “Get details”.\nStep 4: Fill in the required details i.e. Address, Land Details, etc, and upload documents.\nStep 5: Confirm the checkbox and then click on “Submit”.\nStep 6: An “Application Number” will be generated. Keep this for future reference.\nStep 7: Printout of the filled in application also can be taken using the Print option.",
        "documentsRequired": "For DBT Registration Process:\nAadhaar Details (Should be linked with mobile number).\nPassport Size Photo.\nFarmer details.\nLand information.\nBank account.\nFor the Online Application of the Scheme:\nPassport Size Photo.\nContract form ( for non-ryot farmers).\nLand Possession Certificate (LPC)/ revenue receipt (If applicable).\nNote: If the applicant's name is not clear in the land-ownership/ revenue receipt, it will be mandatory to attach the genealogy along with the land-ownership/ revenue receipt.",
        "sourcesAndReferences": {
            "sourcesAndReferences": "https://www.myscheme.gov.in/schemes/fvy#sources",
            "guidelines": "https://horticulture.bihar.gov.in/HortMIS/AreaExpansionStateScheme/OnlineAppFlowerDevScheme.aspx"
        },
        "Original Link": "https://www.myscheme.gov.in/schemes/fvy"
    },
    {
        "schemeName": "Makhana Vikas Yojana",
        "details": "“Makhana Vikas Yojona” launched by the Department of Agriculture, Bihar, is designed to boost the cultivation and productivity of Makhana in 10 designated districts of Bihar. It focuses on offering training to farmers and providing grants for traditional equipment used in Makhana cultivation and processing.\nThe scheme is to be implemented in 10 districts of the state under Schedule 1, 2 and 3 of the approval order, namely, Katihar, Purnia, Darbhanga, Madhubani, Kishanganj, Supaul, Araria, Madhepura, Saharsa and Khagaria.",
        "benefits": "Training: Workshops and training for farmers to adopt modern methods and improve productivity.\nEquipment Kits: Grants of 75% of the cost (up to ₹16,575/-) for traditional tools (i.e. Auka, Ganj, Kara, Khainchi, Chalni, Chatai, Afra, and Thaapi used in Makhana cultivation).",
        "eligibility": "The applicant should be a farmer.\nThe applicant should belong to any of the following districts of Bihar : Katihar, Purnia, Madhubani, Kishanganj, Supaul, Araria, Madhepura, Saharsa, Darbhanga and Khagaria.\nThe applicant must have agricultural land minimum of 0.25 acres (0.1 ha) and a maximum of 10 acres (4 ha).\nThe applicant must be registered on the DBT portal.\nNote 1: \nBeneficiary allocation:\nWomen Participation: 30%.\nNote 2: The benefits of this scheme can be taken by ryot farmers on the basis of land documents and non-ryot farmers on the basis of contract form.\nNote 3: Beneficiaries will be selected on first come first serve basis.",
        "applicationProcess": "Online\nDBT Registration Process:\nStep 1: Visit the registration page of the DBT portal. \nStep 2: Select Aadhaar verification type: OTP/ BIO-AUTH/ IRIS.\nStep 3: Enter your Aadhaar number and Name as per Aadhaar. Click on “Authentication”.\nStep 4: Enter the OTP. Click on “Validate OTP”. \nStep 5: Now confirm the details about the “Kisan Credit Card (KCC)” Details. Click on “Farmer Registration”.\nStep 6: In the Registration Page, fill in all the details properly i.e. Farmer details, Land information, Bank account details and click on “Submit”.\nStep 7: Validate with OTP. Click on “Register” to generate the Registration Id.\nNote:  After 48 hours of registration, farmers can apply for the scheme with the help of 13 digit registration number.\n\nOnline Application of the Scheme:\nStep 1: Visit the official website. \nStep 2: Scroll to bottom and confirm the checkbox. Click on “Proceed to apply”.\nStep 3: In the next page select the “Type of Applicant” and enter the “DBT Registration Number of Kisan”. Click on “Get details”.\nStep 4: Fill in the required details i.e. Address, Land Details, etc, and upload documents.\nStep 5: Confirm the checkbox and then click on “Submit”.\nStep 6: An “Application Number” will be generated. Keep this for future reference.\nStep 7: Printout of the filled in application also can be taken using the Print option.",
        "documentsRequired": "For DBT Registration Process:\nAadhaar Details (Should be linked with mobile number).\nPassport Size Photo.\nFarmer details.\nLand information.\nBank account.\nFor the Online Application of the Scheme:\nPassport Size Photo.\nContract form ( for non-ryot farmers).\nLand-ownership/ revenue receipt (If applicable).\nNote: If the applicant's name is not clear in the land-ownership/ revenue receipt, it will be mandatory to attach the genealogy along with the land-ownership/ revenue receipt.",
        "sourcesAndReferences": {
            "sourcesAndReferences": "https://www.myscheme.gov.in/schemes/mvyb#sources",
            "guidelines": "https://horticulture.bihar.gov.in/MainSite/Documents/SOP/0.5_2024-06-04.pdf",
            "onlineApplication": "https://horticulture.bihar.gov.in/HortMIS/Makhana/OnlineAppMakhana.aspx"
        },
        "Original Link": "https://www.myscheme.gov.in/schemes/mvyb"
    }
]