[
    {
        "schemeName": "Mahila Samridhi Yojana (Maharashtra)",
        "details": "The scheme \"Mahila Samridhi Yojana\" is administered by the Department of Social Justice & Special Assistance, Government of Maharashtra, and funded by the National Scheduled Castes Finance and Development Corporation (NSFDC). The scheme aims to uplift economically weaker women from the Charmakar Community. The scheme focuses on providing educational, economic, and social development to ensure a respectable position in society for Charmakars (Dhor, Chambhar, Holar, Mochi, etc.). Eligible female beneficiaries from the Charmakar Community are granted loans ranging from ₹25,000/- to ₹50,000/- at a low interest rate of 4% per annum.",
        "benefits": "Loan ranging from ₹25,000/- to ₹50,000/- is provided at a low interest rate of 4% per annum.",
        "eligibility": "The applicant should be a female.\nThe applicant should belong to the Charmakar Community.\nThe applicant's age should be between 18 and 50 years.\nThe applicant should be a permanent resident of Maharashtra.\nThe applicant must have knowledge of the business for which the loan is being applied.\nFor the 50% Subsidy Scheme and Margin Money, the applicant's annual income must be below the poverty line.\nFor the NSFDC Scheme, the applicant's annual income should be below ₹98,000 for rural areas and ₹1,20,000 for urban areas.\nRelaxation/Preference/Priority\nWidows and divorcees are given priority.",
        "applicationProcess": "Offline\nStep 1: The interested applicant should visit (during office hours) the District Office of LIDCOM and request the hard copy of the prescribed format of the application form from the concerned authority.\nStep 2: In the application form, fill in all the mandatory fields, paste the passport-sized photograph (signed across, if required), and attach copies of all the mandatory documents (self-attest, if required).\nStep 3: Submit the duly filled and signed application form along with the documents, within the prescribed period (if any), to the District Office of LIDCOM.\nStep 4: Request a receipt or acknowledgement from the concerned authority to whom the application has been submitted. Ensure that the receipt contains essential details such as the date and time of submission, and a unique identification number (if applicable).\nNOTE: Ensure that the application is submitted within the prescribed period, if any.",
        "documentsRequired": "The applicant must provide an income and caste certificate issued by an authorized government officer.",
        "sourcesAndReferences": {
            "sourcesAndReferences": "https://www.myscheme.gov.in/schemes/msym#sources",
            "guidelines": "https://sjsa.maharashtra.gov.in/en/scheme-category/employment"
        },
        "Original Link": "https://www.myscheme.gov.in/schemes/msym"
    },
    {
        "schemeName": "Micro Credit Finance",
        "details": "The \"Micro Credit Finance\" scheme, implemented by the Department of Social Justice & Special Assistance of the Government of Maharashtra and funded by the National Scheduled Castes Finance and Development Corporation (NSFDC), aims to uplift the lifestyle of economically disadvantaged Charmakars (Dhor, Chambhar, Holar, Mochi, etc.) who are below the poverty line. This initiative focuses on developing their educational, economic, and social standing, enabling them to secure a respectable place in society while promoting the production of various footwear and leather articles for government supply and open market sales.",
        "benefits": "Financial support ranging from ₹25,000 to ₹50,000 to invest in income-generating activities.\nA low interest rate of 5% per annum, making it easier to repay the loan.\n₹10,000 provided as a subsidy to reduce the financial burden.",
        "eligibility": "The applicant should belong to the Charmakar Community.\nThe applicant should be between 18 to 50 years of age.\nThe applicant should be a permanent resident of Maharashtra.\nThe applicant should belong to a Below Poverty Line (BPL) category.\nThe applicant should be able to provide an Income and Caste Certificate from an authorized government officer.\nThe applicant must have knowledge of the business for which they are applying for the loan.\nFor the 50% Subsidy Scheme and Margin Money, the annual income must be below the poverty line.\nFor the NSFDC Scheme, the annual income should be ₹98,000 for rural areas and ₹1,20,000 for urban areas.",
        "applicationProcess": "Offline\nStep 1: The interested applicant should visit (during office hours) the District Office of the Leather Industries Development Corporation of Maharashtra (LIDCOM), and request the hard copy of the prescribed format of the application form from the concerned authority.\nStep 2: In the application form, fill in all the mandatory fields, paste the passport-sized photograph (signed across, if required), and attach copies of all the mandatory documents (self-attest, if required).\nStep 3: Submit the duly filled and signed application form along with the documents, within the prescribed period (if any), to the concerned authority.\nStep 4: Request a receipt or acknowledgement from the concerned authority to whom the application has been submitted. Ensure that the receipt contains essential details such as the date and time of submission, and a unique identification number (if applicable).\nNOTE: Ensure that the application is submitted within the prescribed period, if any.",
        "documentsRequired": "Passport-size photograph\nAadhaar Card\nIncome certificate\nCaste certificate\nResidence proof\nBank passbook/bank details\nAny other documents as required",
        "sourcesAndReferences": {
            "sourcesAndReferences": "https://www.myscheme.gov.in/schemes/mcf#sources",
            "guidelines": "https://sjsa.maharashtra.gov.in/en/scheme-category/employment"
        },
        "Original Link": "https://www.myscheme.gov.in/schemes/mcf"
    },
    {
        "schemeName": "Swarnima",
        "details": "The scheme \"Swarnima by the Department of Social Justice & Special Assistance, Government of Maharashtra, is jointly funded by the National Backward Classes Finance & Development Corporation, New Delhi, and the State Corporation. This scheme provides low-interest loans directly deposited into the bank accounts of female beneficiaries from Other Backward Classes (OBC) to support self-employment activities and enhance financial independence.",
        "benefits": "Financial assistance of up to ₹5,00,000/- per Self-Help Group (SHG) project, with ₹25,000 allocated per beneficiary (up to 20 members per SHG).\nFunding shares include 95% from the Central Corporation and 5% from the State Corporation.\nNo beneficiary contribution is required.\nLow interest rate of 5% per annum.\nRepayment period of up to 3 years to ease financial planning.",
        "eligibility": "The applicant should be from the Other Backward Class (OBC) category.\nThe applicant should be a domicile of Maharashtra.\nThe age of the applicant should be between 18 to 50 years.\nThe annual income of the family of the applicant should be - \nRural areas: Less than or equal to ₹98,000.\nUrban areas: Less than or equal to ₹1,20,000.",
        "applicationProcess": "Offline\nStep 1: The interested applicant should visit (during office hours) the District Office of the Leather Industries Development Corporation of Maharashtra (LIDCOM), and request the hard copy of the prescribed format of the application form from the concerned authority.\nStep 2: In the application form, fill in all the mandatory fields, paste the passport-sized photograph (signed across, if required), and attach copies of all the mandatory documents (self-attest, if required).\nStep 3: Submit the duly filled and signed application form along with the documents, within the prescribed period (if any), to the concerned authority.\nStep 4: Request a receipt or acknowledgement from the concerned authority to whom the application has been submitted. Ensure that the receipt contains essential details such as the date and time of submission, and a unique identification number (if applicable).\nNOTE: Ensure that the application is submitted within the prescribed period, if any.",
        "documentsRequired": "Aadhaar Card\n2-Passport Sized Photograph (Signed Across).\nResidential Certificate / Domicile Certificate of the State of Maharashtra.\nDetails of the Bank Account (Bank Name, Branch Name, Address, IFSC, etc).\nProof of Age (Birth Certificate, Marksheet of Class 10th/12th, etc).\nAny other document required by the District Office.",
        "sourcesAndReferences": {
            "sourcesAndReferences": "https://www.myscheme.gov.in/schemes/sma#sources",
            "guidelines": "https://sjsa.maharashtra.gov.in/en/scheme-category/employment"
        },
        "Original Link": "https://www.myscheme.gov.in/schemes/sma"
    },
    {
        "schemeName": "Mahatma Jyotirao Phule Jan Arogya Yojana",
        "details": "The Mahatma Jyotirao Phule Jan Arogya Yojana (MJPJAY), launched by the Government of Maharashtra under  Public Health and Family Welfare Department,The scheme provides cashless medical services for secondary and tertiary treatments through empaneled hospitals. Initially targeted at low-income families, the scheme now covers all families in the state, offering up to ₹1.5 lakh under MJPJAY and ₹5 lakh under Ayushman Bharat annually. From 1st July 2024, it ensures comprehensive, cashless healthcare for the entire population of Maharashtra.",
        "benefits": "Health Coverage for Categories A to E (Excluding D): ₹5 lakhs per family per year on a floater basis under both schemes.\nHealth Coverage for Category D: ₹1 lakh per person per year.\n\nMedical Benefits\n• For categories A to E (Excluding D) - 1356 Health Benefits Packages under 34 specialities.\n• For category D – 184 Health Benefits Packages for Road accident patients.\nFollow-up treatment\n262 Health Benefits Packages for both schemes (for categories A to E)\nTreatment Reserved for Govt. Hospitals\n 119 Health Benefits Packages for both the schemes (for categories A to E)\nBenefits under Health Packages\nThe health packages provide comprehensive coverage, ensuring a cashless treatment experience for patients. The benefits include:\nHospitalization Costs\nBed charges in general wards.\nNursing and boarding charges.\nSurgeons, anaesthetists, medical practitioners, and consultants' fees.\nMedical Expenses\nCharges for oxygen, O.T., and ICU facilities.\nCost of surgical appliances, drugs, disposables, consumables, implants, and prosthetic devices.\nExpenses for blood transfusion (as per State Government policy).\nDiagnostics and Support Services\nX-rays and diagnostic tests.\nFood for inpatients during hospitalization.\nTransportation Costs\nOne-time transport cost by State Transport or second-class rail fare from the hospital to the patient’s residence.\nIn the unfortunate event of a patient's death, the cost of transporting the deceased's body from the network hospital to their village or township.\nThe package covers all costs from the date of reporting to discharge, including treatment complications, ensuring a truly cashless experience for patients.\n\nScheme on Assurance Mode\nThe Integrated Scheme is being implemented on an Assurance Basis. This means that the claims of the network hospitals for the expenses of the patients undergoing treatment under the scheme are being paid directly by the State Health Assurance Societies to the respective network hospitals. Accordingly, the State Health Assurance Society is paying claims up to ₹5 lakh per family per year of groups A, B, C and E and ₹1 lakh per person per year for road accident victims of group D.",
        "eligibility": "Category A: Families holding Yellow, Antyodaya Anna Yojana (AAY), Annapurna Yojna and Orange Ration Card.\nCategory B \n• White ration card holder families (including Govt./Semi Gov employees).\n• A family without having any kind of ration card but having domicile certificate of Maharashtra\nCategory C \n• Students in Govt. and Govt. recognized Ashram School\n• Children in Govt. and Govt. recognized Orphanages\n• Women in Govt. and Govt. recognized Women's Ashram\n• Sr. citizens in Govt. and Govt. recognized old age homes\n• Journalists and their dependent family members as per criteria of Directorate General of Information and Public Relations Office.\n• Construction workers and their families (who are resident of outside of Maharashtra) registered with Maharashtra Building and Other Construction Workers Board.\nCategory D \nRoad traffic accident victims from outside Maharashtra and outside India who met with an accident on roads in Maharashtra\nCategory E\nFamilies holding below mentioned ration cards from 865 villages of Belgaon, Karwar, Kalburgi and Bidar Districts of Maharashtra- Karnataka border\n1) Antyodaya Anna Yojana (AAY)\n2) Priority House Holder (PHH)\n3) Annapurna Yojna",
        "applicationProcess": "Offline\nStep 1: The interested applicant should visit the  any Govt./Pvt. network hospital in State, and request the hard copy of the prescribed format of the application form from the concerned authority.\nStep 2: In the application form, fill in all the mandatory fields, paste the passport-sized photograph (signed across, if required), and attach copies of all the mandatory documents (self-attest, if required).\nStep 3: Submit the duly filled and signed application form along with the documents, within the prescribed period (if any), to the authority.\nStep 4: Request a receipt or acknowledgement from the concerned authority to whom the application has been submitted. Ensure that the receipt contains essential details such as the date and time of submission, and a unique identification number (if applicable).\nNOTE: Ensure that the application is submitted within the prescribed period, if any.\nNote 1: The claim settlement module along with electronic clearance and the payment gateway will be part of the workflow in the State Health Assurance Society (SHAS) portal and will be operated by the Insurer.\nNote 2: The reports will be available for scrutiny on the State Health Assurance Society (SHAS) login.",
        "documentsRequired": "List of valid photo ID proofs to be accepted along with document of eligible criteria:\n1. Aadhaar Card or Aadhaar Registration Slip with a photo of the beneficiary. An Aadhaar Card would be insisted upon as an identification document and in the absence of an Aadhaar card/number; any document that is accepted for issuance of an Aadhaar card will also be accepted.\n2. Pan Card\n3. Voter ID\n4. Driving License\n5. School/College Id\n6. Passport\n7. Freedom Fighter ID card\n8. Health Card of RGJAY / MJPJAY\n9. Handicap Certificate\n10. Nationalized Bank Passbook with Photo\n11. Senior citizen card issued by the Central Government or State Government\n12. Defense ex-servicemen card issued by Sainik Board\n13. Marine Fishery Identity card (Issued by Ministry of Agriculture / Fisheries Department Government of Maharashtra).\n14. Any photo ID proof issued by the Government of Maharashtra/ Government of India",
        "sourcesAndReferences": {
            "sourcesAndReferences": "https://www.myscheme.gov.in/schemes/mjpjay#sources",
            "officialWebsite": "https://www.jeevandayee.gov.in/MJPJAY/FrontServlet?requestType=CommonRH&actionVal=RightFrame&page=undefined%3E%3E%3Cb%3EMJPJAY%3C/b%3E&pageName=MJPJAY&mainMenu=About&subMenu=MJPJAY",
            "faqs": "https://www.jeevandayee.gov.in/MJPJAY/FrontServlet?requestType=CommonRH&actionVal=RightFrame&page=undefined%3E%3E%3Cb%3EMJPJAY%20FAQs%3C/b%3E&pageName=MJPJAY_FAQs&mainMenu=MJPJAY_FAQs&subMenu=MJPJAY_FAQs#"
        },
        "Original Link": "https://www.myscheme.gov.in/schemes/mjpjay"
    },
    {
        "schemeName": "National Family Benefit Scheme (Maharashtra)",
        "details": "The scheme \"National Family Benefit Scheme (Maharashtra)\" is a social welfare scheme by the Social Justice & Special Assistance Department, Government of Maharashtra. Under this scheme, in the event of the death of the primary breadwinner of a BPL family, the family is provided with a one-time lump sum financial assistance of ₹20,000/-.",
        "benefits": "Financial assistance of ₹20,000/-.",
        "eligibility": "The applicant should be a resident of Maharashtra.\nThe applicant should be a family member or dependent of the deceased breadwinner (an earning member of the family on whom the family primarily depended for income).\nThe family should be living Below the Poverty Line (BPL).\nThe deceased should have been between 18 and 59 years old.",
        "applicationProcess": "Offline\nStep 1: The interested applicant should visit (during office hours) the Collector Office/Tahsildar/Talathi of your district, and request the hard copy of the prescribed format of the application form from the concerned authority.\nStep 2: In the application form, fill in all the mandatory fields, paste the passport-sized photograph (signed across, if required), and attach copies of all the mandatory documents (self-attest, if required).\nStep 3: Submit the duly filled and signed application form along with the documents, within the prescribed period (if any), to the concerned authority.\nStep 4: Request a receipt or acknowledgement from the concerned authority to whom the application has been submitted. Ensure that the receipt contains essential details such as the date and time of submission, and a unique identification number (if applicable).\nNOTE: Ensure that the application is submitted within the prescribed period, if any.",
        "documentsRequired": "Identity Proof of the Applicant I.e. Aadhaar Card, Voter ID Card\nIdentity Proof of the Deceased Person i.e. Aadhaar Card\nDeath Certificate of the Deceased Person\nFIR Copy\nProof of Age of the Deceased Person\nBelow Poverty Line (BPL) Card/ Ration Card\nCaste Certificate (if Applicable)\nAddress Proof\nBank Passbook/Bank Account Details\nAny Other Documents as Required",
        "sourcesAndReferences": {
            "sourcesAndReferences": "https://www.myscheme.gov.in/schemes/nfbsm#sources",
            "guidelines": "https://sjsa.maharashtra.gov.in/en/scheme-category/special-assistance",
            "schemeDetails": "https://pune.gov.in/scheme/national-family-benefit-scheme/"
        },
        "Original Link": "https://www.myscheme.gov.in/schemes/nfbsm"
    }
]