{
  "schemeName": "Community Based Training Scheme",
  "eligibility": {
    "residence": "Any",
    "minAge": 18,
    "maxAge": 35,
    "gender": null,
    "casteCategory": "Minority",
    "minIncome": 0,
    "maxIncome": 103000,
    "disability": false,
    "minority": true,
    "maritalStatus": "Any"
  },
  "category": "Education",
  "applicationProcedure": [
    "Applicant need to visits the Karnataka Minorities Development Corporation official website.",
    "Click 'Apply Online' and Enter 'Mobile Number' and 'Submit'.",
    "Enter 'Aadhaar Number' Fill in the 'Captcha' and Select 'Next'.",
    "Applicant will get OTP in his/her Aadhaar Linked Mobile Number.",
    "Enter 'OTP' and select 'Continue', After that Allow the official notice.",
    "After verifying the Aadhaar again fill in the 'OTP' and Submit.",
    "Select the scheme and fill in the basic details father's name, gender, qualification detail",
    "Fill in the address detail and again select 'Next'.",
    "Upload the required document passport-size photo, educational document, income certificate, etc.",
    "Click 'Proceed' and Select 'Submit Application' and get an Application ID."
  ],
  "documentsRequired": [
    "Copy of Aadhaar as Residential Proof.",
    "Copy of Bank Passbook.",
    "SSLC/PUC/DIPLOMA/DEGREE Marks Card.",
    "Caste/Minority Certificate (issued by the competent authority).",
    "Income Certificate (issued by the competent authority).",
    "Self-Declaration Form."
  ],
  "state": "Karnataka",
  "mode": false,
  "sourceLink": "https://www.myscheme.gov.in/schemes/cbts"
}