{
  "schemeName": "Direct Loans For Business Enterprise",
  "eligibility": {
    "residence": "urban and rural",
    "minAge": 18,
    "maxAge": 55,
    "gender": null,
    "casteCategory": "minority",
    "minIncome": 0,
    "maxIncome": 1500000,
    "disability": false,
    "minority": true,
    "maritalStatus": "Any"
  },
  "category": "business and entrepreneurship",
  "applicationProcedure": [
    "First go to the official website, and fill out the application form.",
    "Print the application form.",
    "Submit this application form along with other relevant documents to the Selection Panel of your concerned district.",
    "After the approval of the Selection Panel, the loan amount will be transferred to your bank account."
  ],
  "documentsRequired": [
    "Copy of Aadhaar as residential proof",
    "Caste Certificate Issued by the competent authority",
    "Income Certificate Issued by the competent authority",
    "Lease deed/Partition deed/Release deed/Gift deed/Rental agreement/Sale deed of the property",
    "Project report/Profile of activities from CA(Chartered Accountant)",
    "Quotations related to the project",
    "License from respective authorities with respect to property proposed to be mortgaged",
    "Building's Khata extract and Khata certificate or land's Mutation copy.",
    "Phodi/Partition deed with respect to revenue lands and phani-RTC",
    "Encumbrance Certificate-(EC)/Form No.15",
    "Up-to-date tax-paid receipts from the local bodies",
    "Guidance value of the land from the competent authority",
    "No objection from the family members to pledge the title deed, with the family tree",
    "In the case of a building, a Valuation report by a  registered valuer- Valuation Certificate",
    "Self-Declaration Form",
    "Committee Approval Order",
    "Affidavit from Applicant",
    "Joint Affidavit from the Beneficiary & the Guarantor",
    "Demand Promissory Note (DPN)",
    "Hypothecation & Mortgage Deed",
    "Letter of Repayment",
    "Letter of Guarantee",
    "Loan Agreement",
    "Consideration of Receipt",
    "Acknowledgment of debt from the  Borrower",
    "Acknowledgment of debt from the Guarantor",
    "Memorandum of deposit of title deeds/equitable mortgage deed",
    "Blood Relations Power of Attorney (if the property is not in the applicant's name)"
  ],
  "state": "Karnataka",
  "mode": true,
  "sourceLink": "https://www.myscheme.gov.in/schemes/dlbe"
}