{
  "schemeName": "Dr. Babu Jagjivan Ram Living cum work shed Construction Scheme",
  "eligibility": {
    "residence": "rural",
    "minAge": 18,
    "maxAge": 0,
    "gender": null,
    "casteCategory": "SC",
    "minIncome": 0,
    "maxIncome": 32000,
    "disability": false,
    "minority": false,
    "maritalStatus": "Any"
  },
  "category": "Infrastructure",
  "applicationProcedure": [
    "Visit the official Seva Sindhu Portal",
    "Register with Aadhaar Number and Captcha code",
    "Fill out email ID, mobile number, create a password, and enter the captcha",
    "Apply for the scheme by selecting department and scheme",
    "Enter personal, address, and banking details as required"
  ],
  "documentsRequired": [
    "Passport-size Photograph of the applicant and spouse",
    "Aadhaar Card",
    "Caste Certificate with RD Number",
    "Income Certificate",
    "Ration Card",
    "Site Khatha Certificate",
    "E-Shram Card (for cobbler/shoemaker profession)",
    "Skill test certificate issued by the Technical Section Committee of the Corporation"
  ],
  "state": "Any",
  "mode": false,
  "sourceLink": "https://www.myscheme.gov.in/schemes/dbjrlcwscs"
}