{
  "schemeName": "Financial Assistance to the Teachers/Lecturers Children who taken loan from Nationalised Banks for studying Medical/Engineering Courses",
  "eligibility": {
    "residence": "rural",
    "minAge": 0,
    "maxAge": 0,
    "gender": null,
    "casteCategory": "Any",
    "minIncome": 0,
    "maxIncome": 0,
    "disability": false,
    "minority": false,
    "maritalStatus": "Any"
  },
  "category": "education",
  "applicationProcedure": [
    "Download the prescribed application form the official website",
    "Fill in the student and teacher's details in the application form",
    "Attach the required documents",
    "Get the proposal recommended by the Controlling Officer and the head of the concerned institution",
    "Submit the complete application along with all certified documents to the Karnataka State Teachers' Welfare Fund office",
    "Request a receipt or acknowledgment from the Karnataka State Teachers' Welfare Fund office"
  ],
  "documentsRequired": [
    "Certified Mark Sheets of all years/semesters",
    "Proof of Educational Loan",
    "Fee Payment Receipt",
    "Teacher’s life membership (LMS) card",
    "Proof of school attendance",
    "HRMS Copy or recruitment approval for teachers from aided institutions",
    "Bank Passbook",
    "Loan Details"
  ],
  "state": "Karnataka",
  "mode": true,
  "sourceLink": "https://www.myscheme.gov.in/schemes/fatlclnbsmec"
}