{
  "schemeName": "Incentive For The Intra Caste Marriage within Scheduled Tribe Community",
  "eligibility": {
    "residence": "Karnataka",
    "minAge": 0,
    "maxAge": 0,
    "gender": null,
    "casteCategory": "ST",
    "minIncome": 0,
    "maxIncome": 200000,
    "disability": false,
    "minority": false,
    "maritalStatus": "Married"
  },
  "category": "Women and Child",
  "applicationProcedure": [
    "Visit the official website of the Tribal Welfare Department, Government of Karnataka.",
    "Click on \"Incentives for Marriage\" and select the \"Incentives to Intra-Caste Marriage\" scheme.",
    "Click on \"Registration\" and fill in the online registration form.",
    "Upload all the mandatory documents in the specified format and size.",
    "Review all the information provided and click \"Submit\"."
  ],
  "documentsRequired": [
    "Aadhaar Card",
    "Bank Account Details",
    "Marriage Proof",
    "Marriage Photo",
    "Caste Certificate",
    "Income Certificate",
    "Resident Proof"
  ],
  "state": "Karnataka",
  "mode": false,
  "sourceLink": "https://www.myscheme.gov.in/schemes/ifticmwstc"
}