{
  "schemeName": "Incentive For The Devadasi Children’s Marriage to Schedule Tribe",
  "eligibility": {
    "residence": "Karnataka",
    "minAge": 0,
    "maxAge": 0,
    "gender": null,
    "casteCategory": "ST",
    "minIncome": 0,
    "maxIncome": 500000,
    "disability": false,
    "minority": false,
    "maritalStatus": "Married"
  },
  "category": "Women and Child",
  "applicationProcedure": [
    "Visit the official website of the Tribal Welfare Department, Government of Karnataka",
    "Click on 'Incentives to Devedasi Childrens Marriage'",
    "Fill in the online registration form and upload mandatory documents",
    "Review and submit the form",
    "Print the acknowledgement form for future reference"
  ],
  "documentsRequired": [
    "Aadhaar Card",
    "Bank Account Details",
    "Marriage Proof",
    "Marriage Photo",
    "Income Certificate Number",
    "Caste Certificate Number",
    "Devadasi Registration Certificate",
    "Mobile Number",
    "Resident Proof",
    "Any Other Documents as Required"
  ],
  "state": "Karnataka",
  "mode": false,
  "sourceLink": "https://www.myscheme.gov.in/schemes/iftdcmtst"
}