{
  "schemeName": "Interest Subsidy Scheme for Scheduled Caste/Scheduled Tribe Entrepreneurs",
  "eligibility": {
    "residence": "rural",
    "minAge": 0,
    "maxAge": 0,
    "gender": null,
    "casteCategory": "SC/ST",
    "minIncome": 0,
    "maxIncome": 0,
    "disability": false,
    "minority": false,
    "maritalStatus": "Any"
  },
  "category": "entrepreneurship",
  "applicationProcedure": [
    "Visit the Branch Office and request a hard copy of the prescribed format of the application form",
    "Fill in all the mandatory fields, and attach copies of all the mandatory documents",
    "Submit the duly filled and signed application form along with the documents to the Branch Office",
    "Request a receipt or acknowledgment from the concerned authority"
  ],
  "documentsRequired": [
    "Passport-size Photograph",
    "Proof of SC/ST status of the entrepreneurs",
    "Bio-Data Net Worth Statement",
    "Affidavit",
    "Audited financial statements (if expanding an existing unit)",
    "Bank account details for loan disbursement"
  ],
  "state": "Karnataka",
  "mode": true,
  "sourceLink": "https://www.myscheme.gov.in/schemes/issscste"
}