{
  "schemeName": "Madilu Kit",
  "eligibility": {
    "residence": "rural",
    "minAge": 0,
    "maxAge": 0,
    "gender": null,
    "casteCategory": "Any",
    "minIncome": 0,
    "maxIncome": 0,
    "disability": false,
    "minority": false,
    "maritalStatus": "Any"
  },
  "category": "skill development",
  "applicationProcedure": [
    "Visit the official Madilu Programme website or the nearest Rural Development Office to obtain the application form",
    "Fill out the application form with the required personal details, including contact information and relevant skills or areas of interest",
    "Attach any supporting documents or certificates related to previous skills or entrepreneurial experience, if applicable",
    "Submit the completed application form along with the supporting documents to the designated Rural Development Office or the specified submission location",
    "The application will be reviewed by the selection committee, and eligible candidates will be shortlisted",
    "Shortlisted candidates may be called for an interview or additional assessment to determine their suitability for the program",
    "Successful applicants will be notified of their acceptance into the Madilu Programme and provided with further instructions on the program commencement and orientation"
  ],
  "documentsRequired": [
    "Completed application form",
    "Personal identification documents",
    "Proof of residence",
    "Educational certificates or qualifications",
    "Certificates or documentation showcasing previous skills or entrepreneurial experience",
    "Income certificate or proof of income",
    "Any other supporting documents relevant to the application or specific program requirements"
  ],
  "state": "Any",
  "mode": true,
  "sourceLink": "https://www.myscheme.gov.in/schemes/madilu"
}