{
  "schemeName": "Marketing Assistance Scheme",
  "eligibility": {
    "residence": "Any",
    "minAge": 18,
    "maxAge": 0,
    "gender": null,
    "casteCategory": "SC",
    "minIncome": 0,
    "maxIncome": 25000,
    "disability": false,
    "minority": false,
    "maritalStatus": "Any"
  },
  "category": "Employment",
  "applicationProcedure": [
    "Visit the official Seva Sindhu Portal",
    "Register with Aadhaar Number and Captcha code",
    "Fill in email ID, mobile number, create a password, and enter the captcha",
    "Apply for the scheme by selecting the Social Welfare Department and the Marketing Assistance Scheme",
    "Provide personal, address, and banking details as required"
  ],
  "documentsRequired": [
    "Aadhaar Card",
    "Caste Certificate with RD number",
    "Annual Income Certificate",
    "Ration Card",
    "Passport-size Photograph of the applicant and his/her spouse",
    "Bank Passbook",
    "Detailed Project Report",
    "Profession Certificate/Skill Test Certificate"
  ],
  "state": "Karnataka",
  "mode": false,
  "sourceLink": "https://www.myscheme.gov.in/schemes/mas"
}