{
  "schemeName": "Overseas Educational Loan Scheme",
  "eligibility": {
    "residence": "Karnataka",
    "minAge": 0,
    "maxAge": 0,
    "gender": null,
    "casteCategory": "Minority",
    "minIncome": 0,
    "maxIncome": 0,
    "disability": false,
    "minority": true,
    "maritalStatus": "Any"
  },
  "category": "Education",
  "applicationProcedure": [
    "Visit the Karnataka Minorities Development Corporation official website",
    "Click 'Apply Online' and Enter 'Mobile Number' and 'Submit'",
    "Enter 'Aadhaar Number' Fill in the 'Captcha' and Select 'Next'",
    "Enter 'OTP' and select 'Continue', After that Allow the official notice",
    "After verifying the Aadhaar again fill in the 'OTP' and Submit",
    "Select the scheme and fill in the basic details",
    "Fill in the address detail and again select 'Next'",
    "Upload the required documents",
    "Click 'Proceed' and Select 'Submit Application' and get an Application ID"
  ],
  "documentsRequired": [
    "Aadhaar as Residential Proof",
    "Caste/Minority Certificate",
    "Income Certificate",
    "SSLC Marks Card",
    "12th Std PU Marks Card",
    "SSLC Transfer Certificate",
    "Present Study Certificate",
    "College Fee Structure",
    "Copy of Passport",
    "Copy of Visa",
    "Sale Deeds & Mother Deed",
    "Khata Extract and Khata Certificate or Mutation",
    "Nil Encumbrance Certificate in form No.15",
    "Up to date Tax paid receipt",
    "Guidance rate from appropriate authority",
    "Spot inspection report of the property by the District Manager",
    "Valuation Report by registered valuer",
    "Affidavit from Applicant",
    "Joint Affidavit from the Beneficiary & the Guarantor",
    "Promissory Note along with D.P Note Delivery letter"
  ],
  "state": "Karnataka",
  "mode": false,
  "sourceLink": "https://www.myscheme.gov.in/schemes/oels"
}