{
  "schemeName": "Self Employment Scheme",
  "eligibility": {
    "residence": "Any",
    "minAge": 18,
    "maxAge": 55,
    "gender": null,
    "casteCategory": "Minority",
    "minIncome": 0,
    "maxIncome": 81000,
    "disability": false,
    "minority": true,
    "maritalStatus": "Any"
  },
  "category": "Employment",
  "applicationProcedure": [
    "First, go to the official website, and fill out the application form.",
    "Print the application form.",
    "Submit this application form along with other relevant documents",
    "After the approval of the Selection Panel, Subsidy will be transferred to your bank account."
  ],
  "documentsRequired": [
    "Online application",
    "Beneficiary's latest 2 passport size photos",
    "Caste and income certificate",
    "Copy of Aadhaar card",
    "Project report of the industry activity"
  ],
  "state": "Karnataka",
  "mode": false,
  "sourceLink": "https://www.myscheme.gov.in/schemes/ses"
}