{
  "schemeName": "Skill Development Training Karnataka",
  "eligibility": {
    "residence": "rural",
    "minAge": 18,
    "maxAge": 0,
    "gender": null,
    "casteCategory": "SC",
    "minIncome": 0,
    "maxIncome": 30000,
    "disability": false,
    "minority": false,
    "maritalStatus": "Any"
  },
  "category": "Skill Development",
  "applicationProcedure": [
    "Visit the official Seva Sindhu Portal",
    "Register with Aadhaar Number and Captcha code",
    "Fill out email ID, mobile number, create a password, and enter the captcha",
    "Apply for the scheme by selecting the Social Welfare Department and Skill Development Training scheme",
    "Enter personal, address, and banking details as required"
  ],
  "documentsRequired": [
    "Aadhaar Card",
    "Caste Certificate (with RD number)",
    "Valid Income Certificate",
    "Ration Card",
    "Passport-size photographs (of applicant and spouse)",
    "E-Shram Card (for Profession-cobbler/shoemaker)",
    "Bank Passbook",
    "Profession Certificate/Skill Test Certificate"
  ],
  "state": "Karnataka",
  "mode": false,
  "sourceLink": "https://www.myscheme.gov.in/schemes/sdtk"
}