{
  "schemeName": "Stipend To Law Graduates",
  "eligibility": {
    "residence": "Karnataka",
    "minAge": 0,
    "maxAge": 40,
    "gender": null,
    "casteCategory": "SC/ST",
    "minIncome": 0,
    "maxIncome": 200000,
    "disability": false,
    "minority": false,
    "maritalStatus": "Any"
  },
  "category": "Education",
  "applicationProcedure": [
    "First go to the official website.",
    "Using your Aadhaar Card, do the registration and provide all the required information.",
    "Upload all the relevant documents.",
    "After Registration, an SMS will be sent to the applicant and they can print the acknowledgement form as proof of application.",
    "Social Welfare will do spot verification to verify the details provided by the applicant and process the application further.",
    "After successful spot verification by the department, the stipend will be credited to the account of the applicant."
  ],
  "documentsRequired": [
    "Aadhaar Card",
    "RD Number of Caste Certificate",
    "RD Number of Income Certificate",
    "Copy of the Bank Passbook",
    "Law Degree Certificate"
  ],
  "state": "Karnataka",
  "mode": false,
  "sourceLink": "https://www.myscheme.gov.in/schemes/slg"
}